t,can,dep,sexe,age,gs,pays,dest,trans,sect,nat,w
A,6701,67,F,15-29,agriculteurs,,,,,,5.09
A,6701,67,F,15-29,artisans,,,,,,38.79
A,6701,67,F,15-29,cadres,,,,,,116.63
A,6701,67,F,15-29,employes,,,,,,958.26
A,6701,67,F,15-29,ouvriers,,,,,,295.05
A,6701,67,F,15-29,prof_inter,,,,,,617.07
A,6701,67,F,30-44,artisans,,,,,,211.23
A,6701,67,F,30-44,cadres,,,,,,419.13
A,6701,67,F,30-44,employes,,,,,,1675.6
A,6701,67,F,30-44,ouvriers,,,,,,516.91
A,6701,67,F,30-44,prof_inter,,,,,,1382.48
A,6701,67,F,45-54,artisans,,,,,,111.47
A,6701,67,F,45-54,cadres,,,,,,412.12
A,6701,67,F,45-54,employes,,,,,,1220.59
A,6701,67,F,45-54,ouvriers,,,,,,645.05
A,6701,67,F,45-54,prof_inter,,,,,,1003.46
A,6701,67,F,55+,agriculteurs,,,,,,5.97
A,6701,67,F,55+,artisans,,,,,,56.51
A,6701,67,F,55+,cadres,,,,,,181.62
A,6701,67,F,55+,employes,,,,,,990.97
A,6701,67,F,55+,ouvriers,,,,,,449.34
A,6701,67,F,55+,prof_inter,,,,,,430.44
A,6701,67,H,15-29,artisans,,,,,,82.96
A,6701,67,H,15-29,cadres,,,,,,132.68
A,6701,67,H,15-29,employes,,,,,,402.54
A,6701,67,H,15-29,ouvriers,,,,,,1321.09
A,6701,67,H,15-29,prof_inter,,,,,,440.89
A,6701,67,H,30-44,agriculteurs,,,,,,23.52
A,6701,67,H,30-44,artisans,,,,,,301.9
A,6701,67,H,30-44,cadres,,,,,,692.85
A,6701,67,H,30-44,employes,,,,,,427.76
A,6701,67,H,30-44,ouvriers,,,,,,1889.98
A,6701,67,H,30-44,prof_inter,,,,,,1148.1
A,6701,67,H,45-54,agriculteurs,,,,,,25.35
A,6701,67,H,45-54,artisans,,,,,,320.55
A,6701,67,H,45-54,cadres,,,,,,576.07
A,6701,67,H,45-54,employes,,,,,,240.14
A,6701,67,H,45-54,ouvriers,,,,,,1478.43
A,6701,67,H,45-54,prof_inter,,,,,,837.44
A,6701,67,H,55+,agriculteurs,,,,,,7.41
A,6701,67,H,55+,artisans,,,,,,282.77
A,6701,67,H,55+,cadres,,,,,,465.15
A,6701,67,H,55+,employes,,,,,,154.49
A,6701,67,H,55+,ouvriers,,,,,,1093.88
A,6701,67,H,55+,prof_inter,,,,,,519.21
A,6702,67,F,15-29,agriculteurs,,,,,,5.1
A,6702,67,F,15-29,artisans,,,,,,40.77
A,6702,67,F,15-29,cadres,,,,,,153.73
A,6702,67,F,15-29,employes,,,,,,757.16
A,6702,67,F,15-29,ouvriers,,,,,,178.84
A,6702,67,F,15-29,prof_inter,,,,,,764.34
A,6702,67,F,30-44,agriculteurs,,,,,,8.77
A,6702,67,F,30-44,artisans,,,,,,188.44
A,6702,67,F,30-44,cadres,,,,,,972.95
A,6702,67,F,30-44,employes,,,,,,1466.51
A,6702,67,F,30-44,ouvriers,,,,,,167.8
A,6702,67,F,30-44,prof_inter,,,,,,1826.67
A,6702,67,F,45-54,agriculteurs,,,,,,14.36
A,6702,67,F,45-54,artisans,,,,,,138.49
A,6702,67,F,45-54,cadres,,,,,,779.24
A,6702,67,F,45-54,employes,,,,,,1072.87
A,6702,67,F,45-54,ouvriers,,,,,,236.89
A,6702,67,F,45-54,prof_inter,,,,,,1056.38
A,6702,67,F,55+,agriculteurs,,,,,,19.8
A,6702,67,F,55+,artisans,,,,,,115.04
A,6702,67,F,55+,cadres,,,,,,307.01
A,6702,67,F,55+,employes,,,,,,854.58
A,6702,67,F,55+,ouvriers,,,,,,204.97
A,6702,67,F,55+,prof_inter,,,,,,664.69
A,6702,67,H,15-29,agriculteurs,,,,,,34.1
A,6702,67,H,15-29,artisans,,,,,,80.77
A,6702,67,H,15-29,cadres,,,,,,242.41
A,6702,67,H,15-29,employes,,,,,,379.19
A,6702,67,H,15-29,ouvriers,,,,,,984.9
A,6702,67,H,15-29,prof_inter,,,,,,508.7
A,6702,67,H,30-44,agriculteurs,,,,,,72.84
A,6702,67,H,30-44,artisans,,,,,,401.33
A,6702,67,H,30-44,cadres,,,,,,1234.82
A,6702,67,H,30-44,employes,,,,,,444.91
A,6702,67,H,30-44,ouvriers,,,,,,1114.44
A,6702,67,H,30-44,prof_inter,,,,,,1173.99
A,6702,67,H,45-54,agriculteurs,,,,,,67.22
A,6702,67,H,45-54,artisans,,,,,,392.75
A,6702,67,H,45-54,cadres,,,,,,919.48
A,6702,67,H,45-54,employes,,,,,,248.9
A,6702,67,H,45-54,ouvriers,,,,,,948.66
A,6702,67,H,45-54,prof_inter,,,,,,909.04
A,6702,67,H,55+,agriculteurs,,,,,,81.14
A,6702,67,H,55+,artisans,,,,,,296.69
A,6702,67,H,55+,cadres,,,,,,728.91
A,6702,67,H,55+,employes,,,,,,104.62
A,6702,67,H,55+,ouvriers,,,,,,710.65
A,6702,67,H,55+,prof_inter,,,,,,596.49
A,6703,67,F,15-29,artisans,,,,,,64.52
A,6703,67,F,15-29,cadres,,,,,,176.61
A,6703,67,F,15-29,employes,,,,,,1072.57
A,6703,67,F,15-29,ouvriers,,,,,,208.55
A,6703,67,F,15-29,prof_inter,,,,,,818.89
A,6703,67,F,30-44,agriculteurs,,,,,,5.15
A,6703,67,F,30-44,artisans,,,,,,154.37
A,6703,67,F,30-44,cadres,,,,,,930.76
A,6703,67,F,30-44,employes,,,,,,1587.91
A,6703,67,F,30-44,ouvriers,,,,,,219.12
A,6703,67,F,30-44,prof_inter,,,,,,1681.2
A,6703,67,F,45-54,agriculteurs,,,,,,4.89
A,6703,67,F,45-54,artisans,,,,,,224.34
A,6703,67,F,45-54,cadres,,,,,,620.96
A,6703,67,F,45-54,employes,,,,,,1162.72
A,6703,67,F,45-54,ouvriers,,,,,,265.48
A,6703,67,F,45-54,prof_inter,,,,,,1114.03
A,6703,67,F,55+,agriculteurs,,,,,,5.06
A,6703,67,F,55+,artisans,,,,,,119.15
A,6703,67,F,55+,cadres,,,,,,440.24
A,6703,67,F,55+,employes,,,,,,1013.56
A,6703,67,F,55+,ouvriers,,,,,,291.82
A,6703,67,F,55+,prof_inter,,,,,,620.35
A,6703,67,H,15-29,artisans,,,,,,54.31
A,6703,67,H,15-29,cadres,,,,,,292.81
A,6703,67,H,15-29,employes,,,,,,483.34
A,6703,67,H,15-29,ouvriers,,,,,,1090.6
A,6703,67,H,15-29,prof_inter,,,,,,814.98
A,6703,67,H,30-44,agriculteurs,,,,,,30.26
A,6703,67,H,30-44,artisans,,,,,,376.24
A,6703,67,H,30-44,cadres,,,,,,1149.3
A,6703,67,H,30-44,employes,,,,,,510.11
A,6703,67,H,30-44,ouvriers,,,,,,1328.62
A,6703,67,H,30-44,prof_inter,,,,,,1282.5
A,6703,67,H,45-54,agriculteurs,,,,,,49.59
A,6703,67,H,45-54,artisans,,,,,,416.19
A,6703,67,H,45-54,cadres,,,,,,1100.34
A,6703,67,H,45-54,employes,,,,,,223.95
A,6703,67,H,45-54,ouvriers,,,,,,889.57
A,6703,67,H,45-54,prof_inter,,,,,,900.03
A,6703,67,H,55+,agriculteurs,,,,,,29.61
A,6703,67,H,55+,artisans,,,,,,319.4
A,6703,67,H,55+,cadres,,,,,,695.16
A,6703,67,H,55+,employes,,,,,,197.87
A,6703,67,H,55+,ouvriers,,,,,,863.75
A,6703,67,H,55+,prof_inter,,,,,,592.03
A,6704,67,F,15-29,artisans,,,,,,77.19
A,6704,67,F,15-29,cadres,,,,,,137.11
A,6704,67,F,15-29,employes,,,,,,838.54
A,6704,67,F,15-29,ouvriers,,,,,,279.94
A,6704,67,F,15-29,prof_inter,,,,,,662.74
A,6704,67,F,30-44,agriculteurs,,,,,,15.94
A,6704,67,F,30-44,artisans,,,,,,184.36
A,6704,67,F,30-44,cadres,,,,,,605.44
A,6704,67,F,30-44,employes,,,,,,1522.86
A,6704,67,F,30-44,ouvriers,,,,,,440.39
A,6704,67,F,30-44,prof_inter,,,,,,1396.96
A,6704,67,F,45-54,agriculteurs,,,,,,4.88
A,6704,67,F,45-54,artisans,,,,,,168.08
A,6704,67,F,45-54,cadres,,,,,,500.08
A,6704,67,F,45-54,employes,,,,,,1057.03
A,6704,67,F,45-54,ouvriers,,,,,,406.72
A,6704,67,F,45-54,prof_inter,,,,,,948.82
A,6704,67,F,55+,agriculteurs,,,,,,20.7
A,6704,67,F,55+,artisans,,,,,,86.39
A,6704,67,F,55+,cadres,,,,,,243.34
A,6704,67,F,55+,employes,,,,,,893.3
A,6704,67,F,55+,ouvriers,,,,,,328.89
A,6704,67,F,55+,prof_inter,,,,,,524.09
A,6704,67,H,15-29,agriculteurs,,,,,,20.13
A,6704,67,H,15-29,artisans,,,,,,50.75
A,6704,67,H,15-29,cadres,,,,,,196.56
A,6704,67,H,15-29,employes,,,,,,458.12
A,6704,67,H,15-29,ouvriers,,,,,,1212.5
A,6704,67,H,15-29,prof_inter,,,,,,495.26
A,6704,67,H,30-44,agriculteurs,,,,,,34.42
A,6704,67,H,30-44,artisans,,,,,,338.32
A,6704,67,H,30-44,cadres,,,,,,824.96
A,6704,67,H,30-44,employes,,,,,,476.35
A,6704,67,H,30-44,ouvriers,,,,,,1471.4
A,6704,67,H,30-44,prof_inter,,,,,,1179.19
A,6704,67,H,45-54,agriculteurs,,,,,,24.31
A,6704,67,H,45-54,artisans,,,,,,317.21
A,6704,67,H,45-54,cadres,,,,,,638.32
A,6704,67,H,45-54,employes,,,,,,252.17
A,6704,67,H,45-54,ouvriers,,,,,,1062.09
A,6704,67,H,45-54,prof_inter,,,,,,799.33
A,6704,67,H,55+,agriculteurs,,,,,,50.35
A,6704,67,H,55+,artisans,,,,,,233.05
A,6704,67,H,55+,cadres,,,,,,433.69
A,6704,67,H,55+,employes,,,,,,176.26
A,6704,67,H,55+,ouvriers,,,,,,804.63
A,6704,67,H,55+,prof_inter,,,,,,483.21
A,6705,67,F,15-29,artisans,,,,,,39.55
A,6705,67,F,15-29,cadres,,,,,,157.51
A,6705,67,F,15-29,employes,,,,,,1215.64
A,6705,67,F,15-29,ouvriers,,,,,,216.53
A,6705,67,F,15-29,prof_inter,,,,,,800.32
A,6705,67,F,30-44,agriculteurs,,,,,,9.9
A,6705,67,F,30-44,artisans,,,,,,126.13
A,6705,67,F,30-44,cadres,,,,,,494.61
A,6705,67,F,30-44,employes,,,,,,1530.58
A,6705,67,F,30-44,ouvriers,,,,,,383.61
A,6705,67,F,30-44,prof_inter,,,,,,1344.78
A,6705,67,F,45-54,agriculteurs,,,,,,5.05
A,6705,67,F,45-54,artisans,,,,,,129.46
A,6705,67,F,45-54,cadres,,,,,,366.82
A,6705,67,F,45-54,employes,,,,,,1191.15
A,6705,67,F,45-54,ouvriers,,,,,,380.06
A,6705,67,F,45-54,prof_inter,,,,,,840.73
A,6705,67,F,55+,agriculteurs,,,,,,17.49
A,6705,67,F,55+,artisans,,,,,,77.71
A,6705,67,F,55+,cadres,,,,,,295.61
A,6705,67,F,55+,employes,,,,,,904.92
A,6705,67,F,55+,ouvriers,,,,,,209.9
A,6705,67,F,55+,prof_inter,,,,,,754.01
A,6705,67,H,15-29,agriculteurs,,,,,,8.93
A,6705,67,H,15-29,artisans,,,,,,84.12
A,6705,67,H,15-29,cadres,,,,,,350.22
A,6705,67,H,15-29,employes,,,,,,994.05
A,6705,67,H,15-29,ouvriers,,,,,,1099.59
A,6705,67,H,15-29,prof_inter,,,,,,767.0
A,6705,67,H,30-44,agriculteurs,,,,,,14.85
A,6705,67,H,30-44,artisans,,,,,,306.0
A,6705,67,H,30-44,cadres,,,,,,790.93
A,6705,67,H,30-44,employes,,,,,,555.08
A,6705,67,H,30-44,ouvriers,,,,,,1270.57
A,6705,67,H,30-44,prof_inter,,,,,,1001.23
A,6705,67,H,45-54,agriculteurs,,,,,,15.54
A,6705,67,H,45-54,artisans,,,,,,230.88
A,6705,67,H,45-54,cadres,,,,,,713.87
A,6705,67,H,45-54,employes,,,,,,260.37
A,6705,67,H,45-54,ouvriers,,,,,,1007.86
A,6705,67,H,45-54,prof_inter,,,,,,729.45
A,6705,67,H,55+,agriculteurs,,,,,,30.25
A,6705,67,H,55+,artisans,,,,,,213.84
A,6705,67,H,55+,cadres,,,,,,623.73
A,6705,67,H,55+,employes,,,,,,156.41
A,6705,67,H,55+,ouvriers,,,,,,822.75
A,6705,67,H,55+,prof_inter,,,,,,541.73
A,6706,67,F,15-29,artisans,,,,,,87.16
A,6706,67,F,15-29,cadres,,,,,,276.87
A,6706,67,F,15-29,employes,,,,,,952.14
A,6706,67,F,15-29,ouvriers,,,,,,146.02
A,6706,67,F,15-29,prof_inter,,,,,,720.53
A,6706,67,F,30-44,agriculteurs,,,,,,4.89
A,6706,67,F,30-44,artisans,,,,,,173.28
A,6706,67,F,30-44,cadres,,,,,,1122.64
A,6706,67,F,30-44,employes,,,,,,1456.85
A,6706,67,F,30-44,ouvriers,,,,,,220.03
A,6706,67,F,30-44,prof_inter,,,,,,1515.53
A,6706,67,F,45-54,agriculteurs,,,,,,4.97
A,6706,67,F,45-54,artisans,,,,,,92.93
A,6706,67,F,45-54,cadres,,,,,,666.61
A,6706,67,F,45-54,employes,,,,,,953.4
A,6706,67,F,45-54,ouvriers,,,,,,171.13
A,6706,67,F,45-54,prof_inter,,,,,,980.39
A,6706,67,F,55+,agriculteurs,,,,,,5.07
A,6706,67,F,55+,artisans,,,,,,130.46
A,6706,67,F,55+,cadres,,,,,,628.43
A,6706,67,F,55+,employes,,,,,,978.99
A,6706,67,F,55+,ouvriers,,,,,,121.48
A,6706,67,F,55+,prof_inter,,,,,,758.55
A,6706,67,H,15-29,artisans,,,,,,130.89
A,6706,67,H,15-29,cadres,,,,,,447.66
A,6706,67,H,15-29,employes,,,,,,561.29
A,6706,67,H,15-29,ouvriers,,,,,,621.47
A,6706,67,H,15-29,prof_inter,,,,,,621.62
A,6706,67,H,30-44,artisans,,,,,,337.31
A,6706,67,H,30-44,cadres,,,,,,1517.95
A,6706,67,H,30-44,employes,,,,,,583.68
A,6706,67,H,30-44,ouvriers,,,,,,1066.43
A,6706,67,H,30-44,prof_inter,,,,,,1074.28
A,6706,67,H,45-54,artisans,,,,,,237.89
A,6706,67,H,45-54,cadres,,,,,,934.42
A,6706,67,H,45-54,employes,,,,,,286.12
A,6706,67,H,45-54,ouvriers,,,,,,620.95
A,6706,67,H,45-54,prof_inter,,,,,,686.95
A,6706,67,H,55+,artisans,,,,,,314.87
A,6706,67,H,55+,cadres,,,,,,809.71
A,6706,67,H,55+,employes,,,,,,214.62
A,6706,67,H,55+,ouvriers,,,,,,576.1
A,6706,67,H,55+,prof_inter,,,,,,512.11
A,6707,67,F,15-29,artisans,,,,,,33.19
A,6707,67,F,15-29,cadres,,,,,,392.13
A,6707,67,F,15-29,employes,,,,,,1011.66
A,6707,67,F,15-29,ouvriers,,,,,,110.13
A,6707,67,F,15-29,prof_inter,,,,,,772.56
A,6707,67,F,30-44,artisans,,,,,,131.69
A,6707,67,F,30-44,cadres,,,,,,967.23
A,6707,67,F,30-44,employes,,,,,,1286.63
A,6707,67,F,30-44,ouvriers,,,,,,299.21
A,6707,67,F,30-44,prof_inter,,,,,,1399.44
A,6707,67,F,45-54,artisans,,,,,,126.84
A,6707,67,F,45-54,cadres,,,,,,563.49
A,6707,67,F,45-54,employes,,,,,,1024.31
A,6707,67,F,45-54,ouvriers,,,,,,157.59
A,6707,67,F,45-54,prof_inter,,,,,,891.85
A,6707,67,F,55+,artisans,,,,,,100.9
A,6707,67,F,55+,cadres,,,,,,364.37
A,6707,67,F,55+,employes,,,,,,899.35
A,6707,67,F,55+,ouvriers,,,,,,245.45
A,6707,67,F,55+,prof_inter,,,,,,511.78
A,6707,67,H,15-29,artisans,,,,,,39.85
A,6707,67,H,15-29,cadres,,,,,,465.25
A,6707,67,H,15-29,employes,,,,,,781.75
A,6707,67,H,15-29,ouvriers,,,,,,886.92
A,6707,67,H,15-29,prof_inter,,,,,,658.14
A,6707,67,H,30-44,agriculteurs,,,,,,4.79
A,6707,67,H,30-44,artisans,,,,,,277.38
A,6707,67,H,30-44,cadres,,,,,,1254.23
A,6707,67,H,30-44,employes,,,,,,522.51
A,6707,67,H,30-44,ouvriers,,,,,,1037.52
A,6707,67,H,30-44,prof_inter,,,,,,1075.12
A,6707,67,H,45-54,artisans,,,,,,252.41
A,6707,67,H,45-54,cadres,,,,,,890.66
A,6707,67,H,45-54,employes,,,,,,345.89
A,6707,67,H,45-54,ouvriers,,,,,,677.48
A,6707,67,H,45-54,prof_inter,,,,,,659.65
A,6707,67,H,55+,artisans,,,,,,265.16
A,6707,67,H,55+,cadres,,,,,,741.0
A,6707,67,H,55+,employes,,,,,,186.42
A,6707,67,H,55+,ouvriers,,,,,,531.56
A,6707,67,H,55+,prof_inter,,,,,,544.79
A,6708,67,F,15-29,artisans,,,,,,29.07
A,6708,67,F,15-29,cadres,,,,,,73.69
A,6708,67,F,15-29,employes,,,,,,784.49
A,6708,67,F,15-29,ouvriers,,,,,,206.81
A,6708,67,F,15-29,prof_inter,,,,,,323.15
A,6708,67,F,30-44,artisans,,,,,,167.58
A,6708,67,F,30-44,cadres,,,,,,330.48
A,6708,67,F,30-44,employes,,,,,,1275.97
A,6708,67,F,30-44,ouvriers,,,,,,360.58
A,6708,67,F,30-44,prof_inter,,,,,,890.67
A,6708,67,F,45-54,agriculteurs,,,,,,10.02
A,6708,67,F,45-54,artisans,,,,,,114.56
A,6708,67,F,45-54,cadres,,,,,,200.16
A,6708,67,F,45-54,employes,,,,,,1055.92
A,6708,67,F,45-54,ouvriers,,,,,,383.26
A,6708,67,F,45-54,prof_inter,,,,,,605.57
A,6708,67,F,55+,agriculteurs,,,,,,15.45
A,6708,67,F,55+,artisans,,,,,,93.8
A,6708,67,F,55+,cadres,,,,,,124.61
A,6708,67,F,55+,employes,,,,,,899.57
A,6708,67,F,55+,ouvriers,,,,,,326.92
A,6708,67,F,55+,prof_inter,,,,,,324.75
A,6708,67,H,15-29,agriculteurs,,,,,,14.34
A,6708,67,H,15-29,artisans,,,,,,44.12
A,6708,67,H,15-29,cadres,,,,,,93.34
A,6708,67,H,15-29,employes,,,,,,283.27
A,6708,67,H,15-29,ouvriers,,,,,,1091.48
A,6708,67,H,15-29,prof_inter,,,,,,359.39
A,6708,67,H,30-44,agriculteurs,,,,,,48.23
A,6708,67,H,30-44,artisans,,,,,,316.64
A,6708,67,H,30-44,cadres,,,,,,380.78
A,6708,67,H,30-44,employes,,,,,,259.49
A,6708,67,H,30-44,ouvriers,,,,,,1661.11
A,6708,67,H,30-44,prof_inter,,,,,,669.93
A,6708,67,H,45-54,agriculteurs,,,,,,30.08
A,6708,67,H,45-54,artisans,,,,,,294.34
A,6708,67,H,45-54,cadres,,,,,,374.87
A,6708,67,H,45-54,employes,,,,,,165.24
A,6708,67,H,45-54,ouvriers,,,,,,1317.46
A,6708,67,H,45-54,prof_inter,,,,,,553.55
A,6708,67,H,55+,agriculteurs,,,,,,44.89
A,6708,67,H,55+,artisans,,,,,,223.56
A,6708,67,H,55+,cadres,,,,,,324.76
A,6708,67,H,55+,employes,,,,,,100.88
A,6708,67,H,55+,ouvriers,,,,,,804.98
A,6708,67,H,55+,prof_inter,,,,,,452.99
A,6709,67,F,15-29,artisans,,,,,,30.48
A,6709,67,F,15-29,cadres,,,,,,260.72
A,6709,67,F,15-29,employes,,,,,,991.52
A,6709,67,F,15-29,ouvriers,,,,,,197.51
A,6709,67,F,15-29,prof_inter,,,,,,870.31
A,6709,67,F,30-44,agriculteurs,,,,,,9.97
A,6709,67,F,30-44,artisans,,,,,,239.53
A,6709,67,F,30-44,cadres,,,,,,843.44
A,6709,67,F,30-44,employes,,,,,,1622.7
A,6709,67,F,30-44,ouvriers,,,,,,310.24
A,6709,67,F,30-44,prof_inter,,,,,,1580.03
A,6709,67,F,45-54,agriculteurs,,,,,,5.08
A,6709,67,F,45-54,artisans,,,,,,127.56
A,6709,67,F,45-54,cadres,,,,,,701.91
A,6709,67,F,45-54,employes,,,,,,1026.37
A,6709,67,F,45-54,ouvriers,,,,,,298.95
A,6709,67,F,45-54,prof_inter,,,,,,978.37
A,6709,67,F,55+,agriculteurs,,,,,,15.01
A,6709,67,F,55+,artisans,,,,,,124.37
A,6709,67,F,55+,cadres,,,,,,387.41
A,6709,67,F,55+,employes,,,,,,901.45
A,6709,67,F,55+,ouvriers,,,,,,171.66
A,6709,67,F,55+,prof_inter,,,,,,541.58
A,6709,67,H,15-29,artisans,,,,,,118.29
A,6709,67,H,15-29,cadres,,,,,,422.48
A,6709,67,H,15-29,employes,,,,,,526.37
A,6709,67,H,15-29,ouvriers,,,,,,842.37
A,6709,67,H,15-29,prof_inter,,,,,,702.92
A,6709,67,H,30-44,agriculteurs,,,,,,10.32
A,6709,67,H,30-44,artisans,,,,,,435.09
A,6709,67,H,30-44,cadres,,,,,,1276.52
A,6709,67,H,30-44,employes,,,,,,596.09
A,6709,67,H,30-44,ouvriers,,,,,,1341.96
A,6709,67,H,30-44,prof_inter,,,,,,1215.45
A,6709,67,H,45-54,agriculteurs,,,,,,29.64
A,6709,67,H,45-54,artisans,,,,,,301.71
A,6709,67,H,45-54,cadres,,,,,,885.92
A,6709,67,H,45-54,employes,,,,,,305.3
A,6709,67,H,45-54,ouvriers,,,,,,849.43
A,6709,67,H,45-54,prof_inter,,,,,,770.87
A,6709,67,H,55+,agriculteurs,,,,,,23.99
A,6709,67,H,55+,artisans,,,,,,324.26
A,6709,67,H,55+,cadres,,,,,,691.93
A,6709,67,H,55+,employes,,,,,,217.0
A,6709,67,H,55+,ouvriers,,,,,,604.19
A,6709,67,H,55+,prof_inter,,,,,,501.78
A,6710,67,F,15-29,agriculteurs,,,,,,5.17
A,6710,67,F,15-29,artisans,,,,,,9.98
A,6710,67,F,15-29,cadres,,,,,,165.07
A,6710,67,F,15-29,employes,,,,,,837.64
A,6710,67,F,15-29,ouvriers,,,,,,240.25
A,6710,67,F,15-29,prof_inter,,,,,,641.47
A,6710,67,F,30-44,agriculteurs,,,,,,24.16
A,6710,67,F,30-44,artisans,,,,,,158.94
A,6710,67,F,30-44,cadres,,,,,,984.48
A,6710,67,F,30-44,employes,,,,,,1553.47
A,6710,67,F,30-44,ouvriers,,,,,,372.21
A,6710,67,F,30-44,prof_inter,,,,,,1676.85
A,6710,67,F,45-54,agriculteurs,,,,,,9.89
A,6710,67,F,45-54,artisans,,,,,,198.55
A,6710,67,F,45-54,cadres,,,,,,705.96
A,6710,67,F,45-54,employes,,,,,,1220.44
A,6710,67,F,45-54,ouvriers,,,,,,355.77
A,6710,67,F,45-54,prof_inter,,,,,,1184.2
A,6710,67,F,55+,agriculteurs,,,,,,50.36
A,6710,67,F,55+,artisans,,,,,,116.04
A,6710,67,F,55+,cadres,,,,,,434.42
A,6710,67,F,55+,employes,,,,,,1134.75
A,6710,67,F,55+,ouvriers,,,,,,285.58
A,6710,67,F,55+,prof_inter,,,,,,764.36
A,6710,67,H,15-29,agriculteurs,,,,,,14.88
A,6710,67,H,15-29,artisans,,,,,,54.98
A,6710,67,H,15-29,cadres,,,,,,249.23
A,6710,67,H,15-29,employes,,,,,,402.74
A,6710,67,H,15-29,ouvriers,,,,,,975.18
A,6710,67,H,15-29,prof_inter,,,,,,707.46
A,6710,67,H,30-44,agriculteurs,,,,,,64.44
A,6710,67,H,30-44,artisans,,,,,,419.66
A,6710,67,H,30-44,cadres,,,,,,1164.89
A,6710,67,H,30-44,employes,,,,,,472.81
A,6710,67,H,30-44,ouvriers,,,,,,1314.26
A,6710,67,H,30-44,prof_inter,,,,,,1435.72
A,6710,67,H,45-54,agriculteurs,,,,,,66.06
A,6710,67,H,45-54,artisans,,,,,,309.44
A,6710,67,H,45-54,cadres,,,,,,1171.79
A,6710,67,H,45-54,employes,,,,,,277.77
A,6710,67,H,45-54,ouvriers,,,,,,966.57
A,6710,67,H,45-54,prof_inter,,,,,,975.95
A,6710,67,H,55+,agriculteurs,,,,,,71.4
A,6710,67,H,55+,artisans,,,,,,422.53
A,6710,67,H,55+,cadres,,,,,,787.23
A,6710,67,H,55+,employes,,,,,,181.32
A,6710,67,H,55+,ouvriers,,,,,,681.7
A,6710,67,H,55+,prof_inter,,,,,,593.69
A,6711,67,F,15-29,artisans,,,,,,35.42
A,6711,67,F,15-29,cadres,,,,,,98.81
A,6711,67,F,15-29,employes,,,,,,895.48
A,6711,67,F,15-29,ouvriers,,,,,,197.33
A,6711,67,F,15-29,prof_inter,,,,,,413.14
A,6711,67,F,30-44,agriculteurs,,,,,,25.7
A,6711,67,F,30-44,artisans,,,,,,183.38
A,6711,67,F,30-44,cadres,,,,,,493.35
A,6711,67,F,30-44,employes,,,,,,1255.68
A,6711,67,F,30-44,ouvriers,,,,,,445.55
A,6711,67,F,30-44,prof_inter,,,,,,1240.46
A,6711,67,F,45-54,agriculteurs,,,,,,10.04
A,6711,67,F,45-54,artisans,,,,,,138.75
A,6711,67,F,45-54,cadres,,,,,,413.96
A,6711,67,F,45-54,employes,,,,,,1017.38
A,6711,67,F,45-54,ouvriers,,,,,,419.59
A,6711,67,F,45-54,prof_inter,,,,,,646.98
A,6711,67,F,55+,agriculteurs,,,,,,5.07
A,6711,67,F,55+,artisans,,,,,,112.5
A,6711,67,F,55+,cadres,,,,,,187.32
A,6711,67,F,55+,employes,,,,,,943.07
A,6711,67,F,55+,ouvriers,,,,,,325.59
A,6711,67,F,55+,prof_inter,,,,,,528.75
A,6711,67,H,15-29,agriculteurs,,,,,,20.17
A,6711,67,H,15-29,artisans,,,,,,64.09
A,6711,67,H,15-29,cadres,,,,,,124.79
A,6711,67,H,15-29,employes,,,,,,459.8
A,6711,67,H,15-29,ouvriers,,,,,,1054.13
A,6711,67,H,15-29,prof_inter,,,,,,364.73
A,6711,67,H,30-44,agriculteurs,,,,,,35.2
A,6711,67,H,30-44,artisans,,,,,,390.96
A,6711,67,H,30-44,cadres,,,,,,676.51
A,6711,67,H,30-44,employes,,,,,,349.38
A,6711,67,H,30-44,ouvriers,,,,,,1511.91
A,6711,67,H,30-44,prof_inter,,,,,,947.47
A,6711,67,H,45-54,agriculteurs,,,,,,15.45
A,6711,67,H,45-54,artisans,,,,,,217.86
A,6711,67,H,45-54,cadres,,,,,,499.55
A,6711,67,H,45-54,employes,,,,,,230.26
A,6711,67,H,45-54,ouvriers,,,,,,1124.37
A,6711,67,H,45-54,prof_inter,,,,,,782.04
A,6711,67,H,55+,agriculteurs,,,,,,39.39
A,6711,67,H,55+,artisans,,,,,,241.18
A,6711,67,H,55+,cadres,,,,,,518.35
A,6711,67,H,55+,employes,,,,,,175.07
A,6711,67,H,55+,ouvriers,,,,,,753.44
A,6711,67,H,55+,prof_inter,,,,,,485.15
A,6712,67,F,15-29,artisans,,,,,,30.19
A,6712,67,F,15-29,cadres,,,,,,187.96
A,6712,67,F,15-29,employes,,,,,,628.5
A,6712,67,F,15-29,ouvriers,,,,,,237.05
A,6712,67,F,15-29,prof_inter,,,,,,539.91
A,6712,67,F,30-44,agriculteurs,,,,,,15.25
A,6712,67,F,30-44,artisans,,,,,,202.82
A,6712,67,F,30-44,cadres,,,,,,589.25
A,6712,67,F,30-44,employes,,,,,,1191.06
A,6712,67,F,30-44,ouvriers,,,,,,374.42
A,6712,67,F,30-44,prof_inter,,,,,,1157.75
A,6712,67,F,45-54,agriculteurs,,,,,,20.17
A,6712,67,F,45-54,artisans,,,,,,154.7
A,6712,67,F,45-54,cadres,,,,,,455.08
A,6712,67,F,45-54,employes,,,,,,772.19
A,6712,67,F,45-54,ouvriers,,,,,,459.24
A,6712,67,F,45-54,prof_inter,,,,,,734.55
A,6712,67,F,55+,agriculteurs,,,,,,52.5
A,6712,67,F,55+,artisans,,,,,,138.62
A,6712,67,F,55+,cadres,,,,,,307.13
A,6712,67,F,55+,employes,,,,,,744.66
A,6712,67,F,55+,ouvriers,,,,,,300.91
A,6712,67,F,55+,prof_inter,,,,,,426.49
A,6712,67,H,15-29,agriculteurs,,,,,,24.09
A,6712,67,H,15-29,artisans,,,,,,73.02
A,6712,67,H,15-29,cadres,,,,,,170.42
A,6712,67,H,15-29,employes,,,,,,304.4
A,6712,67,H,15-29,ouvriers,,,,,,967.39
A,6712,67,H,15-29,prof_inter,,,,,,456.67
A,6712,67,H,30-44,agriculteurs,,,,,,100.51
A,6712,67,H,30-44,artisans,,,,,,368.04
A,6712,67,H,30-44,cadres,,,,,,751.62
A,6712,67,H,30-44,employes,,,,,,386.55
A,6712,67,H,30-44,ouvriers,,,,,,1103.29
A,6712,67,H,30-44,prof_inter,,,,,,905.81
A,6712,67,H,45-54,agriculteurs,,,,,,83.26
A,6712,67,H,45-54,artisans,,,,,,265.48
A,6712,67,H,45-54,cadres,,,,,,771.87
A,6712,67,H,45-54,employes,,,,,,143.96
A,6712,67,H,45-54,ouvriers,,,,,,855.0
A,6712,67,H,45-54,prof_inter,,,,,,518.35
A,6712,67,H,55+,agriculteurs,,,,,,132.01
A,6712,67,H,55+,artisans,,,,,,347.26
A,6712,67,H,55+,cadres,,,,,,567.75
A,6712,67,H,55+,employes,,,,,,136.71
A,6712,67,H,55+,ouvriers,,,,,,639.04
A,6712,67,H,55+,prof_inter,,,,,,352.64
A,6713,67,F,15-29,artisans,,,,,,25.53
A,6713,67,F,15-29,cadres,,,,,,95.19
A,6713,67,F,15-29,employes,,,,,,804.47
A,6713,67,F,15-29,ouvriers,,,,,,285.84
A,6713,67,F,15-29,prof_inter,,,,,,457.86
A,6713,67,F,30-44,agriculteurs,,,,,,4.91
A,6713,67,F,30-44,artisans,,,,,,178.74
A,6713,67,F,30-44,cadres,,,,,,335.26
A,6713,67,F,30-44,employes,,,,,,1561.64
A,6713,67,F,30-44,ouvriers,,,,,,426.25
A,6713,67,F,30-44,prof_inter,,,,,,1241.84
A,6713,67,F,45-54,agriculteurs,,,,,,4.89
A,6713,67,F,45-54,artisans,,,,,,125.32
A,6713,67,F,45-54,cadres,,,,,,219.15
A,6713,67,F,45-54,employes,,,,,,1224.21
A,6713,67,F,45-54,ouvriers,,,,,,425.69
A,6713,67,F,45-54,prof_inter,,,,,,707.96
A,6713,67,F,55+,agriculteurs,,,,,,30.23
A,6713,67,F,55+,artisans,,,,,,104.83
A,6713,67,F,55+,cadres,,,,,,160.87
A,6713,67,F,55+,employes,,,,,,906.25
A,6713,67,F,55+,ouvriers,,,,,,371.71
A,6713,67,F,55+,prof_inter,,,,,,429.21
A,6713,67,H,15-29,agriculteurs,,,,,,15.3
A,6713,67,H,15-29,artisans,,,,,,99.55
A,6713,67,H,15-29,cadres,,,,,,144.66
A,6713,67,H,15-29,employes,,,,,,260.68
A,6713,67,H,15-29,ouvriers,,,,,,1151.3
A,6713,67,H,15-29,prof_inter,,,,,,379.79
A,6713,67,H,30-44,agriculteurs,,,,,,34.98
A,6713,67,H,30-44,artisans,,,,,,272.92
A,6713,67,H,30-44,cadres,,,,,,541.85
A,6713,67,H,30-44,employes,,,,,,361.37
A,6713,67,H,30-44,ouvriers,,,,,,1795.04
A,6713,67,H,30-44,prof_inter,,,,,,1072.08
A,6713,67,H,45-54,agriculteurs,,,,,,29.44
A,6713,67,H,45-54,artisans,,,,,,296.97
A,6713,67,H,45-54,cadres,,,,,,588.24
A,6713,67,H,45-54,employes,,,,,,194.68
A,6713,67,H,45-54,ouvriers,,,,,,1209.09
A,6713,67,H,45-54,prof_inter,,,,,,820.54
A,6713,67,H,55+,agriculteurs,,,,,,34.39
A,6713,67,H,55+,artisans,,,,,,204.8
A,6713,67,H,55+,cadres,,,,,,362.6
A,6713,67,H,55+,employes,,,,,,119.44
A,6713,67,H,55+,ouvriers,,,,,,1001.86
A,6713,67,H,55+,prof_inter,,,,,,403.93
A,6714,67,F,15-29,artisans,,,,,,41.9
A,6714,67,F,15-29,cadres,,,,,,104.34
A,6714,67,F,15-29,employes,,,,,,744.58
A,6714,67,F,15-29,ouvriers,,,,,,234.61
A,6714,67,F,15-29,prof_inter,,,,,,604.55
A,6714,67,F,30-44,agriculteurs,,,,,,10.04
A,6714,67,F,30-44,artisans,,,,,,177.56
A,6714,67,F,30-44,cadres,,,,,,532.83
A,6714,67,F,30-44,employes,,,,,,1323.69
A,6714,67,F,30-44,ouvriers,,,,,,284.51
A,6714,67,F,30-44,prof_inter,,,,,,1441.07
A,6714,67,F,45-54,agriculteurs,,,,,,10.09
A,6714,67,F,45-54,artisans,,,,,,114.02
A,6714,67,F,45-54,cadres,,,,,,408.77
A,6714,67,F,45-54,employes,,,,,,1178.79
A,6714,67,F,45-54,ouvriers,,,,,,296.54
A,6714,67,F,45-54,prof_inter,,,,,,989.65
A,6714,67,F,55+,agriculteurs,,,,,,35.31
A,6714,67,F,55+,artisans,,,,,,86.47
A,6714,67,F,55+,cadres,,,,,,296.37
A,6714,67,F,55+,employes,,,,,,946.04
A,6714,67,F,55+,ouvriers,,,,,,281.89
A,6714,67,F,55+,prof_inter,,,,,,566.41
A,6714,67,H,15-29,agriculteurs,,,,,,5.05
A,6714,67,H,15-29,artisans,,,,,,49.37
A,6714,67,H,15-29,cadres,,,,,,225.49
A,6714,67,H,15-29,employes,,,,,,362.9
A,6714,67,H,15-29,ouvriers,,,,,,1103.6
A,6714,67,H,15-29,prof_inter,,,,,,471.16
A,6714,67,H,30-44,agriculteurs,,,,,,29.63
A,6714,67,H,30-44,artisans,,,,,,284.82
A,6714,67,H,30-44,cadres,,,,,,737.52
A,6714,67,H,30-44,employes,,,,,,380.77
A,6714,67,H,30-44,ouvriers,,,,,,1518.15
A,6714,67,H,30-44,prof_inter,,,,,,1145.04
A,6714,67,H,45-54,agriculteurs,,,,,,45.73
A,6714,67,H,45-54,artisans,,,,,,288.54
A,6714,67,H,45-54,cadres,,,,,,621.0
A,6714,67,H,45-54,employes,,,,,,280.69
A,6714,67,H,45-54,ouvriers,,,,,,1031.31
A,6714,67,H,45-54,prof_inter,,,,,,857.69
A,6714,67,H,55+,agriculteurs,,,,,,128.22
A,6714,67,H,55+,artisans,,,,,,256.73
A,6714,67,H,55+,cadres,,,,,,588.64
A,6714,67,H,55+,employes,,,,,,216.55
A,6714,67,H,55+,ouvriers,,,,,,777.01
A,6714,67,H,55+,prof_inter,,,,,,472.11
A,6715,67,F,15-29,artisans,,,,,,60.53
A,6715,67,F,15-29,cadres,,,,,,545.59
A,6715,67,F,15-29,employes,,,,,,1122.71
A,6715,67,F,15-29,ouvriers,,,,,,141.2
A,6715,67,F,15-29,prof_inter,,,,,,1010.11
A,6715,67,F,30-44,artisans,,,,,,112.03
A,6715,67,F,30-44,cadres,,,,,,1053.41
A,6715,67,F,30-44,employes,,,,,,1347.48
A,6715,67,F,30-44,ouvriers,,,,,,296.55
A,6715,67,F,30-44,prof_inter,,,,,,1400.19
A,6715,67,F,45-54,artisans,,,,,,111.71
A,6715,67,F,45-54,cadres,,,,,,498.38
A,6715,67,F,45-54,employes,,,,,,965.89
A,6715,67,F,45-54,ouvriers,,,,,,245.55
A,6715,67,F,45-54,prof_inter,,,,,,561.2
A,6715,67,F,55+,artisans,,,,,,98.26
A,6715,67,F,55+,cadres,,,,,,325.43
A,6715,67,F,55+,employes,,,,,,865.6
A,6715,67,F,55+,ouvriers,,,,,,212.83
A,6715,67,F,55+,prof_inter,,,,,,470.75
A,6715,67,H,15-29,artisans,,,,,,66.6
A,6715,67,H,15-29,cadres,,,,,,742.27
A,6715,67,H,15-29,employes,,,,,,634.21
A,6715,67,H,15-29,ouvriers,,,,,,737.28
A,6715,67,H,15-29,prof_inter,,,,,,749.87
A,6715,67,H,30-44,agriculteurs,,,,,,4.74
A,6715,67,H,30-44,artisans,,,,,,349.01
A,6715,67,H,30-44,cadres,,,,,,1383.95
A,6715,67,H,30-44,employes,,,,,,590.42
A,6715,67,H,30-44,ouvriers,,,,,,1087.54
A,6715,67,H,30-44,prof_inter,,,,,,1245.62
A,6715,67,H,45-54,artisans,,,,,,173.77
A,6715,67,H,45-54,cadres,,,,,,645.16
A,6715,67,H,45-54,employes,,,,,,306.92
A,6715,67,H,45-54,ouvriers,,,,,,1018.23
A,6715,67,H,45-54,prof_inter,,,,,,610.96
A,6715,67,H,55+,agriculteurs,,,,,,3.44
A,6715,67,H,55+,artisans,,,,,,191.42
A,6715,67,H,55+,cadres,,,,,,375.24
A,6715,67,H,55+,employes,,,,,,260.52
A,6715,67,H,55+,ouvriers,,,,,,627.01
A,6715,67,H,55+,prof_inter,,,,,,361.33
A,6716,67,F,15-29,agriculteurs,,,,,,10.05
A,6716,67,F,15-29,artisans,,,,,,28.37
A,6716,67,F,15-29,cadres,,,,,,221.17
A,6716,67,F,15-29,employes,,,,,,1088.72
A,6716,67,F,15-29,ouvriers,,,,,,328.94
A,6716,67,F,15-29,prof_inter,,,,,,820.08
A,6716,67,F,30-44,agriculteurs,,,,,,9.92
A,6716,67,F,30-44,artisans,,,,,,207.94
A,6716,67,F,30-44,cadres,,,,,,709.87
A,6716,67,F,30-44,employes,,,,,,1617.57
A,6716,67,F,30-44,ouvriers,,,,,,519.88
A,6716,67,F,30-44,prof_inter,,,,,,1505.37
A,6716,67,F,45-54,agriculteurs,,,,,,9.89
A,6716,67,F,45-54,artisans,,,,,,178.71
A,6716,67,F,45-54,cadres,,,,,,510.52
A,6716,67,F,45-54,employes,,,,,,1456.5
A,6716,67,F,45-54,ouvriers,,,,,,453.48
A,6716,67,F,45-54,prof_inter,,,,,,951.99
A,6716,67,F,55+,agriculteurs,,,,,,13.04
A,6716,67,F,55+,artisans,,,,,,117.02
A,6716,67,F,55+,cadres,,,,,,268.29
A,6716,67,F,55+,employes,,,,,,1019.11
A,6716,67,F,55+,ouvriers,,,,,,397.22
A,6716,67,F,55+,prof_inter,,,,,,542.15
A,6716,67,H,15-29,agriculteurs,,,,,,30.28
A,6716,67,H,15-29,artisans,,,,,,96.89
A,6716,67,H,15-29,cadres,,,,,,283.93
A,6716,67,H,15-29,employes,,,,,,504.42
A,6716,67,H,15-29,ouvriers,,,,,,1373.98
A,6716,67,H,15-29,prof_inter,,,,,,689.81
A,6716,67,H,30-44,agriculteurs,,,,,,41.88
A,6716,67,H,30-44,artisans,,,,,,360.99
A,6716,67,H,30-44,cadres,,,,,,920.01
A,6716,67,H,30-44,employes,,,,,,381.77
A,6716,67,H,30-44,ouvriers,,,,,,2043.06
A,6716,67,H,30-44,prof_inter,,,,,,1256.85
A,6716,67,H,45-54,agriculteurs,,,,,,52.81
A,6716,67,H,45-54,artisans,,,,,,279.0
A,6716,67,H,45-54,cadres,,,,,,697.68
A,6716,67,H,45-54,employes,,,,,,365.13
A,6716,67,H,45-54,ouvriers,,,,,,1409.17
A,6716,67,H,45-54,prof_inter,,,,,,828.11
A,6716,67,H,55+,agriculteurs,,,,,,76.3
A,6716,67,H,55+,artisans,,,,,,232.99
A,6716,67,H,55+,cadres,,,,,,471.28
A,6716,67,H,55+,employes,,,,,,162.41
A,6716,67,H,55+,ouvriers,,,,,,933.68
A,6716,67,H,55+,prof_inter,,,,,,634.8
A,6717-6718-6719-6720-6721-6722,67,F,15-29,agriculteurs,,,,,,8.2
A,6717-6718-6719-6720-6721-6722,67,F,15-29,artisans,,,,,,226.13
A,6717-6718-6719-6720-6721-6722,67,F,15-29,cadres,,,,,,4248.59
A,6717-6718-6719-6720-6721-6722,67,F,15-29,employes,,,,,,6449.13
A,6717-6718-6719-6720-6721-6722,67,F,15-29,ouvriers,,,,,,880.04
A,6717-6718-6719-6720-6721-6722,67,F,15-29,prof_inter,,,,,,5793.63
A,6717-6718-6719-6720-6721-6722,67,F,30-44,agriculteurs,,,,,,1.33
A,6717-6718-6719-6720-6721-6722,67,F,30-44,artisans,,,,,,668.65
A,6717-6718-6719-6720-6721-6722,67,F,30-44,cadres,,,,,,6917.34
A,6717-6718-6719-6720-6721-6722,67,F,30-44,employes,,,,,,6073.78
A,6717-6718-6719-6720-6721-6722,67,F,30-44,ouvriers,,,,,,1315.75
A,6717-6718-6719-6720-6721-6722,67,F,30-44,prof_inter,,,,,,6010.75
A,6717-6718-6719-6720-6721-6722,67,F,45-54,agriculteurs,,,,,,15.09
A,6717-6718-6719-6720-6721-6722,67,F,45-54,artisans,,,,,,445.92
A,6717-6718-6719-6720-6721-6722,67,F,45-54,cadres,,,,,,3016.78
A,6717-6718-6719-6720-6721-6722,67,F,45-54,employes,,,,,,4028.74
A,6717-6718-6719-6720-6721-6722,67,F,45-54,ouvriers,,,,,,1202.25
A,6717-6718-6719-6720-6721-6722,67,F,45-54,prof_inter,,,,,,3263.48
A,6717-6718-6719-6720-6721-6722,67,F,55+,agriculteurs,,,,,,2.48
A,6717-6718-6719-6720-6721-6722,67,F,55+,artisans,,,,,,365.16
A,6717-6718-6719-6720-6721-6722,67,F,55+,cadres,,,,,,2349.98
A,6717-6718-6719-6720-6721-6722,67,F,55+,employes,,,,,,2993.56
A,6717-6718-6719-6720-6721-6722,67,F,55+,ouvriers,,,,,,923.88
A,6717-6718-6719-6720-6721-6722,67,F,55+,prof_inter,,,,,,2256.7
A,6717-6718-6719-6720-6721-6722,67,H,15-29,artisans,,,,,,465.56
A,6717-6718-6719-6720-6721-6722,67,H,15-29,cadres,,,,,,4977.48
A,6717-6718-6719-6720-6721-6722,67,H,15-29,employes,,,,,,3817.69
A,6717-6718-6719-6720-6721-6722,67,H,15-29,ouvriers,,,,,,3760.73
A,6717-6718-6719-6720-6721-6722,67,H,15-29,prof_inter,,,,,,4495.97
A,6717-6718-6719-6720-6721-6722,67,H,30-44,agriculteurs,,,,,,4.19
A,6717-6718-6719-6720-6721-6722,67,H,30-44,artisans,,,,,,1625.74
A,6717-6718-6719-6720-6721-6722,67,H,30-44,cadres,,,,,,8356.16
A,6717-6718-6719-6720-6721-6722,67,H,30-44,employes,,,,,,3033.98
A,6717-6718-6719-6720-6721-6722,67,H,30-44,ouvriers,,,,,,4713.23
A,6717-6718-6719-6720-6721-6722,67,H,30-44,prof_inter,,,,,,4917.3
A,6717-6718-6719-6720-6721-6722,67,H,45-54,agriculteurs,,,,,,19.51
A,6717-6718-6719-6720-6721-6722,67,H,45-54,artisans,,,,,,1024.66
A,6717-6718-6719-6720-6721-6722,67,H,45-54,cadres,,,,,,3925.48
A,6717-6718-6719-6720-6721-6722,67,H,45-54,employes,,,,,,1496.43
A,6717-6718-6719-6720-6721-6722,67,H,45-54,ouvriers,,,,,,3655.33
A,6717-6718-6719-6720-6721-6722,67,H,45-54,prof_inter,,,,,,2565.44
A,6717-6718-6719-6720-6721-6722,67,H,55+,agriculteurs,,,,,,13.95
A,6717-6718-6719-6720-6721-6722,67,H,55+,artisans,,,,,,1002.02
A,6717-6718-6719-6720-6721-6722,67,H,55+,cadres,,,,,,3403.09
A,6717-6718-6719-6720-6721-6722,67,H,55+,employes,,,,,,1099.58
A,6717-6718-6719-6720-6721-6722,67,H,55+,ouvriers,,,,,,2262.88
A,6717-6718-6719-6720-6721-6722,67,H,55+,prof_inter,,,,,,1693.4
A,6723,67,F,15-29,agriculteurs,,,,,,9.94
A,6723,67,F,15-29,artisans,,,,,,35.7
A,6723,67,F,15-29,cadres,,,,,,95.23
A,6723,67,F,15-29,employes,,,,,,798.43
A,6723,67,F,15-29,ouvriers,,,,,,274.19
A,6723,67,F,15-29,prof_inter,,,,,,534.32
A,6723,67,F,30-44,agriculteurs,,,,,,10.69
A,6723,67,F,30-44,artisans,,,,,,118.92
A,6723,67,F,30-44,cadres,,,,,,455.94
A,6723,67,F,30-44,employes,,,,,,1583.13
A,6723,67,F,30-44,ouvriers,,,,,,378.74
A,6723,67,F,30-44,prof_inter,,,,,,1154.73
A,6723,67,F,45-54,agriculteurs,,,,,,14.65
A,6723,67,F,45-54,artisans,,,,,,144.59
A,6723,67,F,45-54,cadres,,,,,,329.06
A,6723,67,F,45-54,employes,,,,,,1278.31
A,6723,67,F,45-54,ouvriers,,,,,,565.41
A,6723,67,F,45-54,prof_inter,,,,,,777.66
A,6723,67,F,55+,agriculteurs,,,,,,35.39
A,6723,67,F,55+,artisans,,,,,,89.32
A,6723,67,F,55+,cadres,,,,,,216.25
A,6723,67,F,55+,employes,,,,,,1027.56
A,6723,67,F,55+,ouvriers,,,,,,588.04
A,6723,67,F,55+,prof_inter,,,,,,522.23
A,6723,67,H,15-29,agriculteurs,,,,,,10.04
A,6723,67,H,15-29,artisans,,,,,,29.76
A,6723,67,H,15-29,cadres,,,,,,110.71
A,6723,67,H,15-29,employes,,,,,,298.71
A,6723,67,H,15-29,ouvriers,,,,,,1164.87
A,6723,67,H,15-29,prof_inter,,,,,,580.49
A,6723,67,H,30-44,agriculteurs,,,,,,61.05
A,6723,67,H,30-44,artisans,,,,,,333.99
A,6723,67,H,30-44,cadres,,,,,,596.87
A,6723,67,H,30-44,employes,,,,,,419.7
A,6723,67,H,30-44,ouvriers,,,,,,1906.19
A,6723,67,H,30-44,prof_inter,,,,,,903.56
A,6723,67,H,45-54,agriculteurs,,,,,,44.0
A,6723,67,H,45-54,artisans,,,,,,204.12
A,6723,67,H,45-54,cadres,,,,,,590.57
A,6723,67,H,45-54,employes,,,,,,226.5
A,6723,67,H,45-54,ouvriers,,,,,,1619.69
A,6723,67,H,45-54,prof_inter,,,,,,768.44
A,6723,67,H,55+,agriculteurs,,,,,,34.58
A,6723,67,H,55+,artisans,,,,,,305.77
A,6723,67,H,55+,cadres,,,,,,516.23
A,6723,67,H,55+,employes,,,,,,202.23
A,6723,67,H,55+,ouvriers,,,,,,1528.92
A,6723,67,H,55+,prof_inter,,,,,,680.11
A,6801,68,F,15-29,agriculteurs,,,,,,14.64
A,6801,68,F,15-29,artisans,,,,,,43.53
A,6801,68,F,15-29,cadres,,,,,,147.93
A,6801,68,F,15-29,employes,,,,,,743.43
A,6801,68,F,15-29,ouvriers,,,,,,172.85
A,6801,68,F,15-29,prof_inter,,,,,,639.78
A,6801,68,F,30-44,agriculteurs,,,,,,24.13
A,6801,68,F,30-44,artisans,,,,,,108.53
A,6801,68,F,30-44,cadres,,,,,,495.51
A,6801,68,F,30-44,employes,,,,,,1347.94
A,6801,68,F,30-44,ouvriers,,,,,,284.01
A,6801,68,F,30-44,prof_inter,,,,,,1407.66
A,6801,68,F,45-54,agriculteurs,,,,,,4.96
A,6801,68,F,45-54,artisans,,,,,,128.17
A,6801,68,F,45-54,cadres,,,,,,314.09
A,6801,68,F,45-54,employes,,,,,,1237.36
A,6801,68,F,45-54,ouvriers,,,,,,317.8
A,6801,68,F,45-54,prof_inter,,,,,,865.62
A,6801,68,F,55+,agriculteurs,,,,,,49.28
A,6801,68,F,55+,artisans,,,,,,82.07
A,6801,68,F,55+,cadres,,,,,,187.35
A,6801,68,F,55+,employes,,,,,,1108.2
A,6801,68,F,55+,ouvriers,,,,,,280.95
A,6801,68,F,55+,prof_inter,,,,,,540.22
A,6801,68,H,15-29,agriculteurs,,,,,,24.33
A,6801,68,H,15-29,artisans,,,,,,55.49
A,6801,68,H,15-29,cadres,,,,,,164.18
A,6801,68,H,15-29,employes,,,,,,350.08
A,6801,68,H,15-29,ouvriers,,,,,,1062.83
A,6801,68,H,15-29,prof_inter,,,,,,411.6
A,6801,68,H,30-44,agriculteurs,,,,,,84.63
A,6801,68,H,30-44,artisans,,,,,,296.54
A,6801,68,H,30-44,cadres,,,,,,671.97
A,6801,68,H,30-44,employes,,,,,,339.42
A,6801,68,H,30-44,ouvriers,,,,,,1555.08
A,6801,68,H,30-44,prof_inter,,,,,,967.05
A,6801,68,H,45-54,agriculteurs,,,,,,44.19
A,6801,68,H,45-54,artisans,,,,,,260.4
A,6801,68,H,45-54,cadres,,,,,,565.33
A,6801,68,H,45-54,employes,,,,,,221.9
A,6801,68,H,45-54,ouvriers,,,,,,1200.69
A,6801,68,H,45-54,prof_inter,,,,,,676.7
A,6801,68,H,55+,agriculteurs,,,,,,89.36
A,6801,68,H,55+,artisans,,,,,,227.66
A,6801,68,H,55+,cadres,,,,,,452.4
A,6801,68,H,55+,employes,,,,,,213.61
A,6801,68,H,55+,ouvriers,,,,,,1027.67
A,6801,68,H,55+,prof_inter,,,,,,594.42
A,6802,68,F,15-29,artisans,,,,,,21.0
A,6802,68,F,15-29,cadres,,,,,,169.11
A,6802,68,F,15-29,employes,,,,,,648.45
A,6802,68,F,15-29,ouvriers,,,,,,127.56
A,6802,68,F,15-29,prof_inter,,,,,,545.34
A,6802,68,F,30-44,agriculteurs,,,,,,4.9
A,6802,68,F,30-44,artisans,,,,,,159.9
A,6802,68,F,30-44,cadres,,,,,,894.68
A,6802,68,F,30-44,employes,,,,,,1394.29
A,6802,68,F,30-44,ouvriers,,,,,,269.68
A,6802,68,F,30-44,prof_inter,,,,,,1332.45
A,6802,68,F,45-54,agriculteurs,,,,,,15.34
A,6802,68,F,45-54,artisans,,,,,,90.82
A,6802,68,F,45-54,cadres,,,,,,567.62
A,6802,68,F,45-54,employes,,,,,,1026.98
A,6802,68,F,45-54,ouvriers,,,,,,245.46
A,6802,68,F,45-54,prof_inter,,,,,,846.96
A,6802,68,F,55+,agriculteurs,,,,,,5.14
A,6802,68,F,55+,artisans,,,,,,75.89
A,6802,68,F,55+,cadres,,,,,,258.99
A,6802,68,F,55+,employes,,,,,,788.41
A,6802,68,F,55+,ouvriers,,,,,,117.81
A,6802,68,F,55+,prof_inter,,,,,,645.83
A,6802,68,H,15-29,artisans,,,,,,60.99
A,6802,68,H,15-29,cadres,,,,,,203.64
A,6802,68,H,15-29,employes,,,,,,305.45
A,6802,68,H,15-29,ouvriers,,,,,,731.78
A,6802,68,H,15-29,prof_inter,,,,,,470.57
A,6802,68,H,30-44,agriculteurs,,,,,,40.64
A,6802,68,H,30-44,artisans,,,,,,321.27
A,6802,68,H,30-44,cadres,,,,,,975.54
A,6802,68,H,30-44,employes,,,,,,432.2
A,6802,68,H,30-44,ouvriers,,,,,,1089.18
A,6802,68,H,30-44,prof_inter,,,,,,1064.31
A,6802,68,H,45-54,agriculteurs,,,,,,24.99
A,6802,68,H,45-54,artisans,,,,,,220.56
A,6802,68,H,45-54,cadres,,,,,,838.6
A,6802,68,H,45-54,employes,,,,,,201.61
A,6802,68,H,45-54,ouvriers,,,,,,872.47
A,6802,68,H,45-54,prof_inter,,,,,,670.87
A,6802,68,H,55+,agriculteurs,,,,,,30.8
A,6802,68,H,55+,artisans,,,,,,275.65
A,6802,68,H,55+,cadres,,,,,,693.37
A,6802,68,H,55+,employes,,,,,,157.4
A,6802,68,H,55+,ouvriers,,,,,,463.57
A,6802,68,H,55+,prof_inter,,,,,,549.41
A,6803,68,F,15-29,artisans,,,,,,31.78
A,6803,68,F,15-29,cadres,,,,,,119.18
A,6803,68,F,15-29,employes,,,,,,742.39
A,6803,68,F,15-29,ouvriers,,,,,,214.11
A,6803,68,F,15-29,prof_inter,,,,,,504.57
A,6803,68,F,30-44,artisans,,,,,,112.36
A,6803,68,F,30-44,cadres,,,,,,439.6
A,6803,68,F,30-44,employes,,,,,,1373.86
A,6803,68,F,30-44,ouvriers,,,,,,380.6
A,6803,68,F,30-44,prof_inter,,,,,,1217.38
A,6803,68,F,45-54,agriculteurs,,,,,,5.1
A,6803,68,F,45-54,artisans,,,,,,154.2
A,6803,68,F,45-54,cadres,,,,,,291.99
A,6803,68,F,45-54,employes,,,,,,1054.14
A,6803,68,F,45-54,ouvriers,,,,,,346.74
A,6803,68,F,45-54,prof_inter,,,,,,900.59
A,6803,68,F,55+,agriculteurs,,,,,,9.98
A,6803,68,F,55+,artisans,,,,,,154.53
A,6803,68,F,55+,cadres,,,,,,234.87
A,6803,68,F,55+,employes,,,,,,936.28
A,6803,68,F,55+,ouvriers,,,,,,319.43
A,6803,68,F,55+,prof_inter,,,,,,527.67
A,6803,68,H,15-29,agriculteurs,,,,,,25.29
A,6803,68,H,15-29,artisans,,,,,,83.1
A,6803,68,H,15-29,cadres,,,,,,143.4
A,6803,68,H,15-29,employes,,,,,,318.6
A,6803,68,H,15-29,ouvriers,,,,,,1002.7
A,6803,68,H,15-29,prof_inter,,,,,,454.61
A,6803,68,H,30-44,agriculteurs,,,,,,15.06
A,6803,68,H,30-44,artisans,,,,,,297.49
A,6803,68,H,30-44,cadres,,,,,,615.43
A,6803,68,H,30-44,employes,,,,,,316.52
A,6803,68,H,30-44,ouvriers,,,,,,1502.13
A,6803,68,H,30-44,prof_inter,,,,,,872.94
A,6803,68,H,45-54,agriculteurs,,,,,,24.98
A,6803,68,H,45-54,artisans,,,,,,267.92
A,6803,68,H,45-54,cadres,,,,,,572.24
A,6803,68,H,45-54,employes,,,,,,188.07
A,6803,68,H,45-54,ouvriers,,,,,,1198.0
A,6803,68,H,45-54,prof_inter,,,,,,738.61
A,6803,68,H,55+,agriculteurs,,,,,,14.3
A,6803,68,H,55+,artisans,,,,,,276.86
A,6803,68,H,55+,cadres,,,,,,509.86
A,6803,68,H,55+,employes,,,,,,158.13
A,6803,68,H,55+,ouvriers,,,,,,908.41
A,6803,68,H,55+,prof_inter,,,,,,459.15
A,6804-6805,68,F,15-29,agriculteurs,,,,,,5.0
A,6804-6805,68,F,15-29,artisans,,,,,,115.43
A,6804-6805,68,F,15-29,cadres,,,,,,396.75
A,6804-6805,68,F,15-29,employes,,,,,,1883.2
A,6804-6805,68,F,15-29,ouvriers,,,,,,326.5
A,6804-6805,68,F,15-29,prof_inter,,,,,,1268.56
A,6804-6805,68,F,30-44,artisans,,,,,,223.17
A,6804-6805,68,F,30-44,cadres,,,,,,1251.01
A,6804-6805,68,F,30-44,employes,,,,,,2737.28
A,6804-6805,68,F,30-44,ouvriers,,,,,,526.29
A,6804-6805,68,F,30-44,prof_inter,,,,,,2107.51
A,6804-6805,68,F,45-54,agriculteurs,,,,,,15.58
A,6804-6805,68,F,45-54,artisans,,,,,,207.38
A,6804-6805,68,F,45-54,cadres,,,,,,724.82
A,6804-6805,68,F,45-54,employes,,,,,,2128.2
A,6804-6805,68,F,45-54,ouvriers,,,,,,563.72
A,6804-6805,68,F,45-54,prof_inter,,,,,,1446.8
A,6804-6805,68,F,55+,agriculteurs,,,,,,24.22
A,6804-6805,68,F,55+,artisans,,,,,,197.99
A,6804-6805,68,F,55+,cadres,,,,,,679.5
A,6804-6805,68,F,55+,employes,,,,,,1726.15
A,6804-6805,68,F,55+,ouvriers,,,,,,463.1
A,6804-6805,68,F,55+,prof_inter,,,,,,1089.25
A,6804-6805,68,H,15-29,agriculteurs,,,,,,18.76
A,6804-6805,68,H,15-29,artisans,,,,,,149.88
A,6804-6805,68,H,15-29,cadres,,,,,,496.9
A,6804-6805,68,H,15-29,employes,,,,,,1537.32
A,6804-6805,68,H,15-29,ouvriers,,,,,,1810.19
A,6804-6805,68,H,15-29,prof_inter,,,,,,1008.17
A,6804-6805,68,H,30-44,agriculteurs,,,,,,46.96
A,6804-6805,68,H,30-44,artisans,,,,,,491.5
A,6804-6805,68,H,30-44,cadres,,,,,,1532.3
A,6804-6805,68,H,30-44,employes,,,,,,1006.95
A,6804-6805,68,H,30-44,ouvriers,,,,,,2633.2
A,6804-6805,68,H,30-44,prof_inter,,,,,,1569.66
A,6804-6805,68,H,45-54,agriculteurs,,,,,,61.71
A,6804-6805,68,H,45-54,artisans,,,,,,463.15
A,6804-6805,68,H,45-54,cadres,,,,,,1199.97
A,6804-6805,68,H,45-54,employes,,,,,,459.08
A,6804-6805,68,H,45-54,ouvriers,,,,,,1791.17
A,6804-6805,68,H,45-54,prof_inter,,,,,,1036.34
A,6804-6805,68,H,55+,agriculteurs,,,,,,55.84
A,6804-6805,68,H,55+,artisans,,,,,,372.45
A,6804-6805,68,H,55+,cadres,,,,,,1122.55
A,6804-6805,68,H,55+,employes,,,,,,437.82
A,6804-6805,68,H,55+,ouvriers,,,,,,1224.78
A,6804-6805,68,H,55+,prof_inter,,,,,,1120.31
A,6806,68,F,15-29,artisans,,,,,,40.46
A,6806,68,F,15-29,cadres,,,,,,128.4
A,6806,68,F,15-29,employes,,,,,,849.35
A,6806,68,F,15-29,ouvriers,,,,,,198.95
A,6806,68,F,15-29,prof_inter,,,,,,592.51
A,6806,68,F,30-44,agriculteurs,,,,,,9.96
A,6806,68,F,30-44,artisans,,,,,,152.04
A,6806,68,F,30-44,cadres,,,,,,452.83
A,6806,68,F,30-44,employes,,,,,,1884.09
A,6806,68,F,30-44,ouvriers,,,,,,399.83
A,6806,68,F,30-44,prof_inter,,,,,,1454.66
A,6806,68,F,45-54,agriculteurs,,,,,,4.91
A,6806,68,F,45-54,artisans,,,,,,89.95
A,6806,68,F,45-54,cadres,,,,,,358.74
A,6806,68,F,45-54,employes,,,,,,1266.16
A,6806,68,F,45-54,ouvriers,,,,,,483.86
A,6806,68,F,45-54,prof_inter,,,,,,899.89
A,6806,68,F,55+,agriculteurs,,,,,,19.0
A,6806,68,F,55+,artisans,,,,,,79.8
A,6806,68,F,55+,cadres,,,,,,180.2
A,6806,68,F,55+,employes,,,,,,1035.84
A,6806,68,F,55+,ouvriers,,,,,,341.99
A,6806,68,F,55+,prof_inter,,,,,,578.79
A,6806,68,H,15-29,agriculteurs,,,,,,15.25
A,6806,68,H,15-29,artisans,,,,,,44.97
A,6806,68,H,15-29,cadres,,,,,,139.64
A,6806,68,H,15-29,employes,,,,,,1068.14
A,6806,68,H,15-29,ouvriers,,,,,,1194.65
A,6806,68,H,15-29,prof_inter,,,,,,506.12
A,6806,68,H,30-44,agriculteurs,,,,,,93.14
A,6806,68,H,30-44,artisans,,,,,,252.84
A,6806,68,H,30-44,cadres,,,,,,737.9
A,6806,68,H,30-44,employes,,,,,,528.59
A,6806,68,H,30-44,ouvriers,,,,,,1714.61
A,6806,68,H,30-44,prof_inter,,,,,,1221.1
A,6806,68,H,45-54,agriculteurs,,,,,,62.73
A,6806,68,H,45-54,artisans,,,,,,267.8
A,6806,68,H,45-54,cadres,,,,,,496.73
A,6806,68,H,45-54,employes,,,,,,239.46
A,6806,68,H,45-54,ouvriers,,,,,,1365.87
A,6806,68,H,45-54,prof_inter,,,,,,893.1
A,6806,68,H,55+,agriculteurs,,,,,,78.95
A,6806,68,H,55+,artisans,,,,,,239.09
A,6806,68,H,55+,cadres,,,,,,421.94
A,6806,68,H,55+,employes,,,,,,135.6
A,6806,68,H,55+,ouvriers,,,,,,997.01
A,6806,68,H,55+,prof_inter,,,,,,576.54
A,6807,68,F,15-29,artisans,,,,,,42.47
A,6807,68,F,15-29,cadres,,,,,,91.24
A,6807,68,F,15-29,employes,,,,,,697.34
A,6807,68,F,15-29,ouvriers,,,,,,124.46
A,6807,68,F,15-29,prof_inter,,,,,,489.18
A,6807,68,F,30-44,agriculteurs,,,,,,4.86
A,6807,68,F,30-44,artisans,,,,,,140.76
A,6807,68,F,30-44,cadres,,,,,,366.93
A,6807,68,F,30-44,employes,,,,,,1021.64
A,6807,68,F,30-44,ouvriers,,,,,,250.35
A,6807,68,F,30-44,prof_inter,,,,,,947.0
A,6807,68,F,45-54,agriculteurs,,,,,,8.38
A,6807,68,F,45-54,artisans,,,,,,102.96
A,6807,68,F,45-54,cadres,,,,,,266.83
A,6807,68,F,45-54,employes,,,,,,777.33
A,6807,68,F,45-54,ouvriers,,,,,,213.74
A,6807,68,F,45-54,prof_inter,,,,,,703.41
A,6807,68,F,55+,agriculteurs,,,,,,4.99
A,6807,68,F,55+,artisans,,,,,,69.04
A,6807,68,F,55+,cadres,,,,,,202.83
A,6807,68,F,55+,employes,,,,,,798.1
A,6807,68,F,55+,ouvriers,,,,,,176.37
A,6807,68,F,55+,prof_inter,,,,,,407.36
A,6807,68,H,15-29,agriculteurs,,,,,,10.13
A,6807,68,H,15-29,artisans,,,,,,42.84
A,6807,68,H,15-29,cadres,,,,,,85.35
A,6807,68,H,15-29,employes,,,,,,250.47
A,6807,68,H,15-29,ouvriers,,,,,,773.06
A,6807,68,H,15-29,prof_inter,,,,,,427.45
A,6807,68,H,30-44,agriculteurs,,,,,,35.29
A,6807,68,H,30-44,artisans,,,,,,238.54
A,6807,68,H,30-44,cadres,,,,,,343.61
A,6807,68,H,30-44,employes,,,,,,280.13
A,6807,68,H,30-44,ouvriers,,,,,,1141.66
A,6807,68,H,30-44,prof_inter,,,,,,697.9
A,6807,68,H,45-54,agriculteurs,,,,,,38.38
A,6807,68,H,45-54,artisans,,,,,,179.82
A,6807,68,H,45-54,cadres,,,,,,422.78
A,6807,68,H,45-54,employes,,,,,,186.2
A,6807,68,H,45-54,ouvriers,,,,,,728.13
A,6807,68,H,45-54,prof_inter,,,,,,592.01
A,6807,68,H,55+,agriculteurs,,,,,,26.15
A,6807,68,H,55+,artisans,,,,,,212.41
A,6807,68,H,55+,cadres,,,,,,430.22
A,6807,68,H,55+,employes,,,,,,108.7
A,6807,68,H,55+,ouvriers,,,,,,580.15
A,6807,68,H,55+,prof_inter,,,,,,362.04
A,6808,68,F,15-29,artisans,,,,,,21.02
A,6808,68,F,15-29,cadres,,,,,,139.41
A,6808,68,F,15-29,employes,,,,,,678.68
A,6808,68,F,15-29,ouvriers,,,,,,77.85
A,6808,68,F,15-29,prof_inter,,,,,,621.62
A,6808,68,F,30-44,artisans,,,,,,147.55
A,6808,68,F,30-44,cadres,,,,,,298.61
A,6808,68,F,30-44,employes,,,,,,1218.01
A,6808,68,F,30-44,ouvriers,,,,,,218.25
A,6808,68,F,30-44,prof_inter,,,,,,1020.49
A,6808,68,F,45-54,artisans,,,,,,94.04
A,6808,68,F,45-54,cadres,,,,,,249.25
A,6808,68,F,45-54,employes,,,,,,881.7
A,6808,68,F,45-54,ouvriers,,,,,,177.19
A,6808,68,F,45-54,prof_inter,,,,,,703.74
A,6808,68,F,55+,artisans,,,,,,91.9
A,6808,68,F,55+,cadres,,,,,,136.52
A,6808,68,F,55+,employes,,,,,,875.83
A,6808,68,F,55+,ouvriers,,,,,,304.06
A,6808,68,F,55+,prof_inter,,,,,,452.1
A,6808,68,H,15-29,agriculteurs,,,,,,4.97
A,6808,68,H,15-29,artisans,,,,,,59.42
A,6808,68,H,15-29,cadres,,,,,,145.66
A,6808,68,H,15-29,employes,,,,,,332.7
A,6808,68,H,15-29,ouvriers,,,,,,740.71
A,6808,68,H,15-29,prof_inter,,,,,,496.9
A,6808,68,H,30-44,agriculteurs,,,,,,4.97
A,6808,68,H,30-44,artisans,,,,,,335.93
A,6808,68,H,30-44,cadres,,,,,,449.23
A,6808,68,H,30-44,employes,,,,,,339.33
A,6808,68,H,30-44,ouvriers,,,,,,1034.04
A,6808,68,H,30-44,prof_inter,,,,,,831.68
A,6808,68,H,45-54,agriculteurs,,,,,,5.06
A,6808,68,H,45-54,artisans,,,,,,151.49
A,6808,68,H,45-54,cadres,,,,,,446.92
A,6808,68,H,45-54,employes,,,,,,161.85
A,6808,68,H,45-54,ouvriers,,,,,,749.99
A,6808,68,H,45-54,prof_inter,,,,,,569.63
A,6808,68,H,55+,agriculteurs,,,,,,10.07
A,6808,68,H,55+,artisans,,,,,,196.6
A,6808,68,H,55+,cadres,,,,,,364.47
A,6808,68,H,55+,employes,,,,,,146.36
A,6808,68,H,55+,ouvriers,,,,,,602.84
A,6808,68,H,55+,prof_inter,,,,,,512.44
A,6809,68,F,15-29,artisans,,,,,,19.47
A,6809,68,F,15-29,cadres,,,,,,78.72
A,6809,68,F,15-29,employes,,,,,,686.24
A,6809,68,F,15-29,ouvriers,,,,,,177.18
A,6809,68,F,15-29,prof_inter,,,,,,429.35
A,6809,68,F,30-44,artisans,,,,,,155.26
A,6809,68,F,30-44,cadres,,,,,,311.99
A,6809,68,F,30-44,employes,,,,,,1281.82
A,6809,68,F,30-44,ouvriers,,,,,,291.33
A,6809,68,F,30-44,prof_inter,,,,,,1068.55
A,6809,68,F,45-54,agriculteurs,,,,,,4.7
A,6809,68,F,45-54,artisans,,,,,,111.23
A,6809,68,F,45-54,cadres,,,,,,249.66
A,6809,68,F,45-54,employes,,,,,,963.59
A,6809,68,F,45-54,ouvriers,,,,,,299.73
A,6809,68,F,45-54,prof_inter,,,,,,699.53
A,6809,68,F,55+,agriculteurs,,,,,,29.05
A,6809,68,F,55+,artisans,,,,,,80.36
A,6809,68,F,55+,cadres,,,,,,155.67
A,6809,68,F,55+,employes,,,,,,650.86
A,6809,68,F,55+,ouvriers,,,,,,245.4
A,6809,68,F,55+,prof_inter,,,,,,472.49
A,6809,68,H,15-29,agriculteurs,,,,,,24.34
A,6809,68,H,15-29,artisans,,,,,,39.8
A,6809,68,H,15-29,cadres,,,,,,70.2
A,6809,68,H,15-29,employes,,,,,,210.82
A,6809,68,H,15-29,ouvriers,,,,,,960.27
A,6809,68,H,15-29,prof_inter,,,,,,326.91
A,6809,68,H,30-44,agriculteurs,,,,,,34.56
A,6809,68,H,30-44,artisans,,,,,,304.92
A,6809,68,H,30-44,cadres,,,,,,410.18
A,6809,68,H,30-44,employes,,,,,,255.93
A,6809,68,H,30-44,ouvriers,,,,,,1245.76
A,6809,68,H,30-44,prof_inter,,,,,,947.48
A,6809,68,H,45-54,agriculteurs,,,,,,19.91
A,6809,68,H,45-54,artisans,,,,,,227.71
A,6809,68,H,45-54,cadres,,,,,,425.09
A,6809,68,H,45-54,employes,,,,,,191.99
A,6809,68,H,45-54,ouvriers,,,,,,958.17
A,6809,68,H,45-54,prof_inter,,,,,,779.58
A,6809,68,H,55+,agriculteurs,,,,,,38.73
A,6809,68,H,55+,artisans,,,,,,272.82
A,6809,68,H,55+,cadres,,,,,,277.44
A,6809,68,H,55+,employes,,,,,,122.38
A,6809,68,H,55+,ouvriers,,,,,,716.58
A,6809,68,H,55+,prof_inter,,,,,,419.15
A,6810-6811-6812,68,F,15-29,artisans,,,,,,96.04
A,6810-6811-6812,68,F,15-29,cadres,,,,,,427.98
A,6810-6811-6812,68,F,15-29,employes,,,,,,2105.58
A,6810-6811-6812,68,F,15-29,ouvriers,,,,,,349.16
A,6810-6811-6812,68,F,15-29,prof_inter,,,,,,1278.92
A,6810-6811-6812,68,F,30-44,agriculteurs,,,,,,3.91
A,6810-6811-6812,68,F,30-44,artisans,,,,,,316.26
A,6810-6811-6812,68,F,30-44,cadres,,,,,,1065.23
A,6810-6811-6812,68,F,30-44,employes,,,,,,2663.23
A,6810-6811-6812,68,F,30-44,ouvriers,,,,,,683.55
A,6810-6811-6812,68,F,30-44,prof_inter,,,,,,1676.2
A,6810-6811-6812,68,F,45-54,artisans,,,,,,180.77
A,6810-6811-6812,68,F,45-54,cadres,,,,,,687.87
A,6810-6811-6812,68,F,45-54,employes,,,,,,2100.91
A,6810-6811-6812,68,F,45-54,ouvriers,,,,,,751.18
A,6810-6811-6812,68,F,45-54,prof_inter,,,,,,1061.34
A,6810-6811-6812,68,F,55+,artisans,,,,,,110.62
A,6810-6811-6812,68,F,55+,cadres,,,,,,511.23
A,6810-6811-6812,68,F,55+,employes,,,,,,1670.66
A,6810-6811-6812,68,F,55+,ouvriers,,,,,,535.99
A,6810-6811-6812,68,F,55+,prof_inter,,,,,,783.61
A,6810-6811-6812,68,H,15-29,agriculteurs,,,,,,3.61
A,6810-6811-6812,68,H,15-29,artisans,,,,,,198.64
A,6810-6811-6812,68,H,15-29,cadres,,,,,,719.04
A,6810-6811-6812,68,H,15-29,employes,,,,,,1152.65
A,6810-6811-6812,68,H,15-29,ouvriers,,,,,,2060.9
A,6810-6811-6812,68,H,15-29,prof_inter,,,,,,1153.79
A,6810-6811-6812,68,H,30-44,agriculteurs,,,,,,3.96
A,6810-6811-6812,68,H,30-44,artisans,,,,,,674.62
A,6810-6811-6812,68,H,30-44,cadres,,,,,,1383.56
A,6810-6811-6812,68,H,30-44,employes,,,,,,969.47
A,6810-6811-6812,68,H,30-44,ouvriers,,,,,,3311.87
A,6810-6811-6812,68,H,30-44,prof_inter,,,,,,1573.51
A,6810-6811-6812,68,H,45-54,artisans,,,,,,566.11
A,6810-6811-6812,68,H,45-54,cadres,,,,,,900.92
A,6810-6811-6812,68,H,45-54,employes,,,,,,637.31
A,6810-6811-6812,68,H,45-54,ouvriers,,,,,,2406.13
A,6810-6811-6812,68,H,45-54,prof_inter,,,,,,1299.01
A,6810-6811-6812,68,H,55+,agriculteurs,,,,,,3.82
A,6810-6811-6812,68,H,55+,artisans,,,,,,349.88
A,6810-6811-6812,68,H,55+,cadres,,,,,,808.87
A,6810-6811-6812,68,H,55+,employes,,,,,,432.88
A,6810-6811-6812,68,H,55+,ouvriers,,,,,,1578.32
A,6810-6811-6812,68,H,55+,prof_inter,,,,,,733.76
A,6813,68,F,15-29,agriculteurs,,,,,,4.97
A,6813,68,F,15-29,artisans,,,,,,46.62
A,6813,68,F,15-29,cadres,,,,,,147.05
A,6813,68,F,15-29,employes,,,,,,698.37
A,6813,68,F,15-29,ouvriers,,,,,,170.43
A,6813,68,F,15-29,prof_inter,,,,,,775.71
A,6813,68,F,30-44,agriculteurs,,,,,,8.49
A,6813,68,F,30-44,artisans,,,,,,143.83
A,6813,68,F,30-44,cadres,,,,,,698.17
A,6813,68,F,30-44,employes,,,,,,1365.38
A,6813,68,F,30-44,ouvriers,,,,,,288.07
A,6813,68,F,30-44,prof_inter,,,,,,1205.51
A,6813,68,F,45-54,agriculteurs,,,,,,5.0
A,6813,68,F,45-54,artisans,,,,,,97.77
A,6813,68,F,45-54,cadres,,,,,,378.1
A,6813,68,F,45-54,employes,,,,,,1170.32
A,6813,68,F,45-54,ouvriers,,,,,,256.32
A,6813,68,F,45-54,prof_inter,,,,,,739.2
A,6813,68,F,55+,agriculteurs,,,,,,16.12
A,6813,68,F,55+,artisans,,,,,,141.37
A,6813,68,F,55+,cadres,,,,,,461.75
A,6813,68,F,55+,employes,,,,,,964.79
A,6813,68,F,55+,ouvriers,,,,,,226.88
A,6813,68,F,55+,prof_inter,,,,,,707.35
A,6813,68,H,15-29,agriculteurs,,,,,,9.93
A,6813,68,H,15-29,artisans,,,,,,64.61
A,6813,68,H,15-29,cadres,,,,,,214.69
A,6813,68,H,15-29,employes,,,,,,325.87
A,6813,68,H,15-29,ouvriers,,,,,,811.53
A,6813,68,H,15-29,prof_inter,,,,,,431.56
A,6813,68,H,30-44,agriculteurs,,,,,,41.7
A,6813,68,H,30-44,artisans,,,,,,284.92
A,6813,68,H,30-44,cadres,,,,,,881.67
A,6813,68,H,30-44,employes,,,,,,489.12
A,6813,68,H,30-44,ouvriers,,,,,,1314.65
A,6813,68,H,30-44,prof_inter,,,,,,1052.17
A,6813,68,H,45-54,agriculteurs,,,,,,32.89
A,6813,68,H,45-54,artisans,,,,,,243.24
A,6813,68,H,45-54,cadres,,,,,,674.54
A,6813,68,H,45-54,employes,,,,,,265.27
A,6813,68,H,45-54,ouvriers,,,,,,925.09
A,6813,68,H,45-54,prof_inter,,,,,,692.79
A,6813,68,H,55+,agriculteurs,,,,,,9.99
A,6813,68,H,55+,artisans,,,,,,253.15
A,6813,68,H,55+,cadres,,,,,,617.42
A,6813,68,H,55+,employes,,,,,,197.94
A,6813,68,H,55+,ouvriers,,,,,,754.72
A,6813,68,H,55+,prof_inter,,,,,,595.42
A,6814,68,F,15-29,agriculteurs,,,,,,5.09
A,6814,68,F,15-29,artisans,,,,,,72.78
A,6814,68,F,15-29,cadres,,,,,,259.41
A,6814,68,F,15-29,employes,,,,,,941.68
A,6814,68,F,15-29,ouvriers,,,,,,189.84
A,6814,68,F,15-29,prof_inter,,,,,,657.12
A,6814,68,F,30-44,agriculteurs,,,,,,5.23
A,6814,68,F,30-44,artisans,,,,,,171.17
A,6814,68,F,30-44,cadres,,,,,,1193.23
A,6814,68,F,30-44,employes,,,,,,1705.99
A,6814,68,F,30-44,ouvriers,,,,,,553.66
A,6814,68,F,30-44,prof_inter,,,,,,1157.12
A,6814,68,F,45-54,artisans,,,,,,160.19
A,6814,68,F,45-54,cadres,,,,,,713.86
A,6814,68,F,45-54,employes,,,,,,1271.44
A,6814,68,F,45-54,ouvriers,,,,,,501.17
A,6814,68,F,45-54,prof_inter,,,,,,787.09
A,6814,68,F,55+,agriculteurs,,,,,,10.14
A,6814,68,F,55+,artisans,,,,,,74.31
A,6814,68,F,55+,cadres,,,,,,196.88
A,6814,68,F,55+,employes,,,,,,950.69
A,6814,68,F,55+,ouvriers,,,,,,378.87
A,6814,68,F,55+,prof_inter,,,,,,484.81
A,6814,68,H,15-29,agriculteurs,,,,,,4.64
A,6814,68,H,15-29,artisans,,,,,,110.1
A,6814,68,H,15-29,cadres,,,,,,413.7
A,6814,68,H,15-29,employes,,,,,,404.8
A,6814,68,H,15-29,ouvriers,,,,,,981.4
A,6814,68,H,15-29,prof_inter,,,,,,453.95
A,6814,68,H,30-44,agriculteurs,,,,,,9.37
A,6814,68,H,30-44,artisans,,,,,,298.35
A,6814,68,H,30-44,cadres,,,,,,1369.86
A,6814,68,H,30-44,employes,,,,,,659.99
A,6814,68,H,30-44,ouvriers,,,,,,2067.09
A,6814,68,H,30-44,prof_inter,,,,,,1079.76
A,6814,68,H,45-54,artisans,,,,,,255.04
A,6814,68,H,45-54,cadres,,,,,,990.05
A,6814,68,H,45-54,employes,,,,,,374.63
A,6814,68,H,45-54,ouvriers,,,,,,1294.41
A,6814,68,H,45-54,prof_inter,,,,,,676.74
A,6814,68,H,55+,agriculteurs,,,,,,34.22
A,6814,68,H,55+,artisans,,,,,,149.97
A,6814,68,H,55+,cadres,,,,,,594.98
A,6814,68,H,55+,employes,,,,,,338.53
A,6814,68,H,55+,ouvriers,,,,,,1080.76
A,6814,68,H,55+,prof_inter,,,,,,620.0
A,6815,68,F,15-29,agriculteurs,,,,,,10.06
A,6815,68,F,15-29,artisans,,,,,,54.42
A,6815,68,F,15-29,cadres,,,,,,98.45
A,6815,68,F,15-29,employes,,,,,,706.67
A,6815,68,F,15-29,ouvriers,,,,,,178.61
A,6815,68,F,15-29,prof_inter,,,,,,367.05
A,6815,68,F,30-44,agriculteurs,,,,,,43.62
A,6815,68,F,30-44,artisans,,,,,,213.53
A,6815,68,F,30-44,cadres,,,,,,455.51
A,6815,68,F,30-44,employes,,,,,,1077.86
A,6815,68,F,30-44,ouvriers,,,,,,296.43
A,6815,68,F,30-44,prof_inter,,,,,,987.21
A,6815,68,F,45-54,agriculteurs,,,,,,29.79
A,6815,68,F,45-54,artisans,,,,,,99.47
A,6815,68,F,45-54,cadres,,,,,,336.71
A,6815,68,F,45-54,employes,,,,,,968.31
A,6815,68,F,45-54,ouvriers,,,,,,227.68
A,6815,68,F,45-54,prof_inter,,,,,,904.8
A,6815,68,F,55+,agriculteurs,,,,,,69.6
A,6815,68,F,55+,artisans,,,,,,152.88
A,6815,68,F,55+,cadres,,,,,,242.27
A,6815,68,F,55+,employes,,,,,,894.57
A,6815,68,F,55+,ouvriers,,,,,,247.31
A,6815,68,F,55+,prof_inter,,,,,,431.37
A,6815,68,H,15-29,agriculteurs,,,,,,4.9
A,6815,68,H,15-29,artisans,,,,,,40.22
A,6815,68,H,15-29,cadres,,,,,,164.33
A,6815,68,H,15-29,employes,,,,,,238.34
A,6815,68,H,15-29,ouvriers,,,,,,820.54
A,6815,68,H,15-29,prof_inter,,,,,,324.12
A,6815,68,H,30-44,agriculteurs,,,,,,153.46
A,6815,68,H,30-44,artisans,,,,,,334.75
A,6815,68,H,30-44,cadres,,,,,,575.25
A,6815,68,H,30-44,employes,,,,,,415.11
A,6815,68,H,30-44,ouvriers,,,,,,1125.46
A,6815,68,H,30-44,prof_inter,,,,,,828.63
A,6815,68,H,45-54,agriculteurs,,,,,,109.78
A,6815,68,H,45-54,artisans,,,,,,287.16
A,6815,68,H,45-54,cadres,,,,,,507.58
A,6815,68,H,45-54,employes,,,,,,207.44
A,6815,68,H,45-54,ouvriers,,,,,,701.42
A,6815,68,H,45-54,prof_inter,,,,,,610.81
A,6815,68,H,55+,agriculteurs,,,,,,180.36
A,6815,68,H,55+,artisans,,,,,,289.73
A,6815,68,H,55+,cadres,,,,,,406.92
A,6815,68,H,55+,employes,,,,,,148.73
A,6815,68,H,55+,ouvriers,,,,,,640.95
A,6815,68,H,55+,prof_inter,,,,,,530.73
A,6816,68,F,15-29,agriculteurs,,,,,,4.95
A,6816,68,F,15-29,artisans,,,,,,39.61
A,6816,68,F,15-29,cadres,,,,,,191.15
A,6816,68,F,15-29,employes,,,,,,776.79
A,6816,68,F,15-29,ouvriers,,,,,,210.74
A,6816,68,F,15-29,prof_inter,,,,,,533.76
A,6816,68,F,30-44,agriculteurs,,,,,,19.74
A,6816,68,F,30-44,artisans,,,,,,224.84
A,6816,68,F,30-44,cadres,,,,,,619.83
A,6816,68,F,30-44,employes,,,,,,1223.75
A,6816,68,F,30-44,ouvriers,,,,,,250.31
A,6816,68,F,30-44,prof_inter,,,,,,1393.96
A,6816,68,F,45-54,agriculteurs,,,,,,49.27
A,6816,68,F,45-54,artisans,,,,,,133.83
A,6816,68,F,45-54,cadres,,,,,,409.38
A,6816,68,F,45-54,employes,,,,,,1182.8
A,6816,68,F,45-54,ouvriers,,,,,,249.38
A,6816,68,F,45-54,prof_inter,,,,,,1034.29
A,6816,68,F,55+,agriculteurs,,,,,,65.35
A,6816,68,F,55+,artisans,,,,,,144.73
A,6816,68,F,55+,cadres,,,,,,201.24
A,6816,68,F,55+,employes,,,,,,994.82
A,6816,68,F,55+,ouvriers,,,,,,229.29
A,6816,68,F,55+,prof_inter,,,,,,650.46
A,6816,68,H,15-29,agriculteurs,,,,,,14.5
A,6816,68,H,15-29,artisans,,,,,,115.0
A,6816,68,H,15-29,cadres,,,,,,135.77
A,6816,68,H,15-29,employes,,,,,,396.97
A,6816,68,H,15-29,ouvriers,,,,,,1057.47
A,6816,68,H,15-29,prof_inter,,,,,,489.47
A,6816,68,H,30-44,agriculteurs,,,,,,108.81
A,6816,68,H,30-44,artisans,,,,,,390.29
A,6816,68,H,30-44,cadres,,,,,,720.45
A,6816,68,H,30-44,employes,,,,,,369.59
A,6816,68,H,30-44,ouvriers,,,,,,1294.85
A,6816,68,H,30-44,prof_inter,,,,,,927.48
A,6816,68,H,45-54,agriculteurs,,,,,,90.06
A,6816,68,H,45-54,artisans,,,,,,351.57
A,6816,68,H,45-54,cadres,,,,,,716.83
A,6816,68,H,45-54,employes,,,,,,243.34
A,6816,68,H,45-54,ouvriers,,,,,,923.9
A,6816,68,H,45-54,prof_inter,,,,,,865.25
A,6816,68,H,55+,agriculteurs,,,,,,165.87
A,6816,68,H,55+,artisans,,,,,,308.65
A,6816,68,H,55+,cadres,,,,,,568.06
A,6816,68,H,55+,employes,,,,,,173.54
A,6816,68,H,55+,ouvriers,,,,,,586.73
A,6816,68,H,55+,prof_inter,,,,,,507.86
A,6817,68,F,15-29,artisans,,,,,,39.92
A,6817,68,F,15-29,cadres,,,,,,126.1
A,6817,68,F,15-29,employes,,,,,,865.46
A,6817,68,F,15-29,ouvriers,,,,,,164.88
A,6817,68,F,15-29,prof_inter,,,,,,450.65
A,6817,68,F,30-44,agriculteurs,,,,,,4.94
A,6817,68,F,30-44,artisans,,,,,,183.2
A,6817,68,F,30-44,cadres,,,,,,404.66
A,6817,68,F,30-44,employes,,,,,,1434.27
A,6817,68,F,30-44,ouvriers,,,,,,282.73
A,6817,68,F,30-44,prof_inter,,,,,,1325.99
A,6817,68,F,45-54,artisans,,,,,,66.09
A,6817,68,F,45-54,cadres,,,,,,277.25
A,6817,68,F,45-54,employes,,,,,,943.21
A,6817,68,F,45-54,ouvriers,,,,,,294.57
A,6817,68,F,45-54,prof_inter,,,,,,677.21
A,6817,68,F,55+,agriculteurs,,,,,,3.49
A,6817,68,F,55+,artisans,,,,,,90.52
A,6817,68,F,55+,cadres,,,,,,116.84
A,6817,68,F,55+,employes,,,,,,859.95
A,6817,68,F,55+,ouvriers,,,,,,224.58
A,6817,68,F,55+,prof_inter,,,,,,361.2
A,6817,68,H,15-29,artisans,,,,,,74.05
A,6817,68,H,15-29,cadres,,,,,,99.83
A,6817,68,H,15-29,employes,,,,,,254.46
A,6817,68,H,15-29,ouvriers,,,,,,870.14
A,6817,68,H,15-29,prof_inter,,,,,,474.92
A,6817,68,H,30-44,agriculteurs,,,,,,18.67
A,6817,68,H,30-44,artisans,,,,,,326.68
A,6817,68,H,30-44,cadres,,,,,,560.96
A,6817,68,H,30-44,employes,,,,,,379.14
A,6817,68,H,30-44,ouvriers,,,,,,1568.57
A,6817,68,H,30-44,prof_inter,,,,,,1073.58
A,6817,68,H,45-54,agriculteurs,,,,,,8.24
A,6817,68,H,45-54,artisans,,,,,,186.5
A,6817,68,H,45-54,cadres,,,,,,437.94
A,6817,68,H,45-54,employes,,,,,,199.88
A,6817,68,H,45-54,ouvriers,,,,,,1103.98
A,6817,68,H,45-54,prof_inter,,,,,,653.77
A,6817,68,H,55+,agriculteurs,,,,,,18.41
A,6817,68,H,55+,artisans,,,,,,133.96
A,6817,68,H,55+,cadres,,,,,,304.72
A,6817,68,H,55+,employes,,,,,,119.81
A,6817,68,H,55+,ouvriers,,,,,,714.47
A,6817,68,H,55+,prof_inter,,,,,,509.54
F,6701,67,F,15-29,artisans,DE,AL3,voiture,commerce_services,etr,5.08
F,6701,67,F,15-29,artisans,DE,AL3,voiture,commerce_services,fr,5.01
F,6701,67,F,15-29,employes,CH,SU6,tc,commerce_services,etr,5.04
F,6701,67,F,15-29,employes,DE,AL3,voiture,commerce_services,etr,5.24
F,6701,67,F,15-29,employes,DE,AL3,voiture,commerce_services,fr,20.02
F,6701,67,F,15-29,employes,DE,AL3,voiture,industrie,etr,5.05
F,6701,67,F,15-29,employes,DE,AL3,voiture,industrie,fr,4.81
F,6701,67,F,15-29,ouvriers,DE,AL3,voiture,commerce_services,etr,10.12
F,6701,67,F,15-29,ouvriers,DE,AL3,voiture,commerce_services,fr,1.34
F,6701,67,F,15-29,ouvriers,DE,AL3,voiture,industrie,etr,10.18
F,6701,67,F,15-29,ouvriers,DE,AL3,voiture,industrie,fr,24.68
F,6701,67,F,15-29,ouvriers,autre,ZZZ,tc,commerce_services,fr,4.98
F,6701,67,F,15-29,ouvriers,autre,ZZZ,voiture,commerce_services,fr,4.77
F,6701,67,F,15-29,prof_inter,DE,AL3,voiture,commerce_services,fr,9.94
F,6701,67,F,15-29,prof_inter,DE,AL3,voiture,industrie,fr,14.97
F,6701,67,F,15-29,prof_inter,DE,AL3,voiture,public_sante,fr,4.89
F,6701,67,F,30-44,cadres,DE,AL3,voiture,commerce_services,fr,20.23
F,6701,67,F,30-44,cadres,DE,AL3,voiture,industrie,fr,9.42
F,6701,67,F,30-44,cadres,DE,AL3,voiture,public_sante,etr,10.21
F,6701,67,F,30-44,cadres,DE,AL3,voiture,public_sante,fr,9.41
F,6701,67,F,30-44,employes,DE,AL2,voiture,commerce_services,fr,4.97
F,6701,67,F,30-44,employes,DE,AL3,voiture,commerce_services,etr,15.07
F,6701,67,F,30-44,employes,DE,AL3,voiture,commerce_services,fr,34.1
F,6701,67,F,30-44,employes,DE,AL3,voiture,construction,etr,5.06
F,6701,67,F,30-44,employes,DE,AL3,voiture,construction,fr,5.09
F,6701,67,F,30-44,employes,DE,AL3,voiture,industrie,etr,10.1
F,6701,67,F,30-44,employes,DE,AL3,voiture,industrie,fr,5.46
F,6701,67,F,30-44,employes,DE,AL3,voiture,public_sante,etr,5.03
F,6701,67,F,30-44,employes,DE,AL3,voiture,public_sante,fr,15.04
F,6701,67,F,30-44,ouvriers,DE,AL1,voiture,industrie,fr,5.04
F,6701,67,F,30-44,ouvriers,DE,AL3,voiture,commerce_services,fr,9.92
F,6701,67,F,30-44,ouvriers,DE,AL3,voiture,construction,fr,3.48
F,6701,67,F,30-44,ouvriers,DE,AL3,voiture,industrie,fr,31.71
F,6701,67,F,30-44,prof_inter,CH,SU6,voiture,public_sante,fr,4.71
F,6701,67,F,30-44,prof_inter,DE,AL2,voiture,commerce_services,fr,5.02
F,6701,67,F,30-44,prof_inter,DE,AL3,voiture,commerce_services,etr,15.67
F,6701,67,F,30-44,prof_inter,DE,AL3,voiture,commerce_services,fr,19.33
F,6701,67,F,30-44,prof_inter,DE,AL3,voiture,construction,etr,5.09
F,6701,67,F,30-44,prof_inter,DE,AL3,voiture,construction,fr,5.22
F,6701,67,F,30-44,prof_inter,DE,AL3,voiture,public_sante,etr,20.95
F,6701,67,F,30-44,prof_inter,DE,AL3,voiture,public_sante,fr,35.63
F,6701,67,F,45-54,cadres,DE,AL3,deux_roues,commerce_services,fr,4.92
F,6701,67,F,45-54,cadres,DE,AL3,tc,commerce_services,fr,5.02
F,6701,67,F,45-54,cadres,DE,AL3,voiture,commerce_services,etr,15.68
F,6701,67,F,45-54,cadres,DE,AL3,voiture,commerce_services,fr,20.16
F,6701,67,F,45-54,cadres,DE,AL3,voiture,industrie,etr,10.06
F,6701,67,F,45-54,cadres,DE,AL3,voiture,industrie,fr,4.89
F,6701,67,F,45-54,cadres,DE,AL3,voiture,public_sante,fr,5.02
F,6701,67,F,45-54,employes,DE,AL3,marche,industrie,fr,3.39
F,6701,67,F,45-54,employes,DE,AL3,tc,commerce_services,etr,4.89
F,6701,67,F,45-54,employes,DE,AL3,voiture,commerce_services,etr,17.85
F,6701,67,F,45-54,employes,DE,AL3,voiture,commerce_services,fr,29.49
F,6701,67,F,45-54,employes,DE,AL3,voiture,construction,etr,10.1
F,6701,67,F,45-54,employes,DE,AL3,voiture,industrie,etr,5.05
F,6701,67,F,45-54,employes,DE,AL3,voiture,industrie,fr,29.88
F,6701,67,F,45-54,employes,DE,AL3,voiture,public_sante,etr,4.83
F,6701,67,F,45-54,employes,DE,AL3,voiture,public_sante,fr,24.88
F,6701,67,F,45-54,employes,DE,AL4,voiture,commerce_services,fr,4.77
F,6701,67,F,45-54,employes,DE,ALN,voiture,commerce_services,fr,5.22
F,6701,67,F,45-54,ouvriers,DE,AL3,deux_roues,public_sante,fr,5.03
F,6701,67,F,45-54,ouvriers,DE,AL3,voiture,commerce_services,etr,14.82
F,6701,67,F,45-54,ouvriers,DE,AL3,voiture,commerce_services,fr,69.32
F,6701,67,F,45-54,ouvriers,DE,AL3,voiture,industrie,fr,142.24
F,6701,67,F,45-54,ouvriers,DE,AL3,voiture,public_sante,fr,5.1
F,6701,67,F,45-54,prof_inter,DE,AL3,tc,public_sante,fr,5.04
F,6701,67,F,45-54,prof_inter,DE,AL3,voiture,commerce_services,etr,30.34
F,6701,67,F,45-54,prof_inter,DE,AL3,voiture,commerce_services,fr,35.55
F,6701,67,F,45-54,prof_inter,DE,AL3,voiture,industrie,etr,5.22
F,6701,67,F,45-54,prof_inter,DE,AL3,voiture,industrie,fr,9.59
F,6701,67,F,45-54,prof_inter,DE,AL3,voiture,public_sante,fr,5.05
F,6701,67,F,55+,cadres,DE,AL3,voiture,commerce_services,etr,4.87
F,6701,67,F,55+,cadres,DE,AL3,voiture,industrie,etr,4.83
F,6701,67,F,55+,cadres,DE,AL3,voiture,industrie,fr,3.77
F,6701,67,F,55+,cadres,DE,AL3,voiture,public_sante,etr,10.27
F,6701,67,F,55+,employes,DE,AL2,voiture,commerce_services,fr,5.05
F,6701,67,F,55+,employes,DE,AL3,voiture,commerce_services,etr,24.73
F,6701,67,F,55+,employes,DE,AL3,voiture,commerce_services,fr,59.84
F,6701,67,F,55+,employes,DE,AL3,voiture,industrie,fr,15.18
F,6701,67,F,55+,employes,DE,AL3,voiture,public_sante,etr,15.82
F,6701,67,F,55+,employes,DE,AL3,voiture,public_sante,fr,28.74
F,6701,67,F,55+,ouvriers,DE,AL1,voiture,industrie,fr,5.04
F,6701,67,F,55+,ouvriers,DE,AL3,tc,commerce_services,fr,10.47
F,6701,67,F,55+,ouvriers,DE,AL3,voiture,commerce_services,etr,4.89
F,6701,67,F,55+,ouvriers,DE,AL3,voiture,commerce_services,fr,68.61
F,6701,67,F,55+,ouvriers,DE,AL3,voiture,industrie,etr,20.66
F,6701,67,F,55+,ouvriers,DE,AL3,voiture,industrie,fr,108.16
F,6701,67,F,55+,ouvriers,DE,AL3,voiture,public_sante,etr,4.83
F,6701,67,F,55+,prof_inter,DE,AL2,voiture,public_sante,fr,3.61
F,6701,67,F,55+,prof_inter,DE,AL3,marche,industrie,fr,5.05
F,6701,67,F,55+,prof_inter,DE,AL3,voiture,commerce_services,fr,19.83
F,6701,67,F,55+,prof_inter,DE,AL3,voiture,industrie,etr,4.83
F,6701,67,F,55+,prof_inter,DE,AL3,voiture,industrie,fr,5.01
F,6701,67,F,55+,prof_inter,DE,AL3,voiture,public_sante,etr,15.05
F,6701,67,F,55+,prof_inter,DE,AL3,voiture,public_sante,fr,8.67
F,6701,67,H,15-29,cadres,DE,AL2,voiture,commerce_services,fr,4.94
F,6701,67,H,15-29,cadres,DE,AL3,tc,industrie,fr,3.52
F,6701,67,H,15-29,cadres,DE,AL3,voiture,commerce_services,fr,4.89
F,6701,67,H,15-29,cadres,DE,AL3,voiture,industrie,fr,4.89
F,6701,67,H,15-29,ouvriers,CH,SU6,voiture,commerce_services,fr,4.77
F,6701,67,H,15-29,ouvriers,DE,AL2,voiture,industrie,fr,10.12
F,6701,67,H,15-29,ouvriers,DE,AL3,tc,industrie,fr,4.97
F,6701,67,H,15-29,ouvriers,DE,AL3,voiture,commerce_services,etr,15.21
F,6701,67,H,15-29,ouvriers,DE,AL3,voiture,commerce_services,fr,24.02
F,6701,67,H,15-29,ouvriers,DE,AL3,voiture,construction,fr,71.55
F,6701,67,H,15-29,ouvriers,DE,AL3,voiture,industrie,etr,5.24
F,6701,67,H,15-29,ouvriers,DE,AL3,voiture,industrie,fr,94.06
F,6701,67,H,15-29,ouvriers,DE,AL3,voiture,public_sante,fr,5.09
F,6701,67,H,15-29,ouvriers,autre,BE4,voiture,commerce_services,fr,4.99
F,6701,67,H,15-29,prof_inter,DE,AL3,voiture,commerce_services,fr,4.92
F,6701,67,H,15-29,prof_inter,DE,AL3,voiture,construction,etr,1.2
F,6701,67,H,15-29,prof_inter,DE,AL3,voiture,construction,fr,4.68
F,6701,67,H,15-29,prof_inter,DE,AL3,voiture,industrie,fr,4.81
F,6701,67,H,15-29,prof_inter,DE,AL3,voiture,public_sante,fr,10.0
F,6701,67,H,30-44,agriculteurs,CH,SU8,voiture,industrie,fr,4.95
F,6701,67,H,30-44,agriculteurs,DE,AL3,voiture,industrie,etr,5.03
F,6701,67,H,30-44,artisans,DE,AL1,voiture,commerce_services,fr,3.48
F,6701,67,H,30-44,artisans,DE,AL3,voiture,commerce_services,etr,5.08
F,6701,67,H,30-44,artisans,DE,AL3,voiture,industrie,etr,4.89
F,6701,67,H,30-44,cadres,DE,AL2,voiture,industrie,etr,3.61
F,6701,67,H,30-44,cadres,DE,AL2,voiture,industrie,fr,13.33
F,6701,67,H,30-44,cadres,DE,AL3,tc,public_sante,fr,4.97
F,6701,67,H,30-44,cadres,DE,AL3,voiture,commerce_services,etr,4.52
F,6701,67,H,30-44,cadres,DE,AL3,voiture,commerce_services,fr,51.25
F,6701,67,H,30-44,cadres,DE,AL3,voiture,industrie,etr,15.38
F,6701,67,H,30-44,cadres,DE,AL3,voiture,industrie,fr,45.38
F,6701,67,H,30-44,cadres,DE,ALT,voiture,commerce_services,fr,9.93
F,6701,67,H,30-44,cadres,autre,BE2,voiture,commerce_services,fr,3.65
F,6701,67,H,30-44,cadres,autre,LU3,voiture,commerce_services,fr,3.47
F,6701,67,H,30-44,employes,DE,AL3,voiture,commerce_services,etr,5.04
F,6701,67,H,30-44,employes,DE,AL3,voiture,commerce_services,fr,10.13
F,6701,67,H,30-44,ouvriers,DE,AL2,voiture,commerce_services,fr,9.79
F,6701,67,H,30-44,ouvriers,DE,AL2,voiture,construction,fr,5.09
F,6701,67,H,30-44,ouvriers,DE,AL2,voiture,industrie,fr,15.54
F,6701,67,H,30-44,ouvriers,DE,AL3,voiture,commerce_services,etr,15.18
F,6701,67,H,30-44,ouvriers,DE,AL3,voiture,commerce_services,fr,99.67
F,6701,67,H,30-44,ouvriers,DE,AL3,voiture,construction,etr,9.78
F,6701,67,H,30-44,ouvriers,DE,AL3,voiture,construction,fr,79.25
F,6701,67,H,30-44,ouvriers,DE,AL3,voiture,industrie,etr,30.09
F,6701,67,H,30-44,ouvriers,DE,AL3,voiture,industrie,fr,198.98
F,6701,67,H,30-44,ouvriers,autre,LU3,voiture,commerce_services,fr,5.1
F,6701,67,H,30-44,prof_inter,DE,AL2,voiture,commerce_services,fr,4.82
F,6701,67,H,30-44,prof_inter,DE,AL3,voiture,commerce_services,etr,15.07
F,6701,67,H,30-44,prof_inter,DE,AL3,voiture,commerce_services,fr,36.13
F,6701,67,H,30-44,prof_inter,DE,AL3,voiture,construction,etr,5.08
F,6701,67,H,30-44,prof_inter,DE,AL3,voiture,construction,fr,18.7
F,6701,67,H,30-44,prof_inter,DE,AL3,voiture,industrie,etr,5.15
F,6701,67,H,30-44,prof_inter,DE,AL3,voiture,industrie,fr,32.94
F,6701,67,H,30-44,prof_inter,DE,ALS,voiture,commerce_services,fr,4.77
F,6701,67,H,45-54,artisans,DE,AL3,voiture,commerce_services,etr,4.83
F,6701,67,H,45-54,cadres,DE,AL2,voiture,industrie,fr,5.06
F,6701,67,H,45-54,cadres,DE,AL3,voiture,commerce_services,etr,30.93
F,6701,67,H,45-54,cadres,DE,AL3,voiture,commerce_services,fr,33.47
F,6701,67,H,45-54,cadres,DE,AL3,voiture,construction,fr,5.09
F,6701,67,H,45-54,cadres,DE,AL3,voiture,industrie,etr,9.06
F,6701,67,H,45-54,cadres,DE,AL3,voiture,industrie,fr,29.54
F,6701,67,H,45-54,cadres,DE,AL3,voiture,public_sante,etr,4.83
F,6701,67,H,45-54,employes,DE,AL3,voiture,commerce_services,etr,10.0
F,6701,67,H,45-54,employes,DE,AL3,voiture,commerce_services,fr,23.01
F,6701,67,H,45-54,employes,DE,AL3,voiture,public_sante,fr,3.43
F,6701,67,H,45-54,ouvriers,DE,AL1,voiture,commerce_services,fr,5.02
F,6701,67,H,45-54,ouvriers,DE,AL2,voiture,commerce_services,fr,5.12
F,6701,67,H,45-54,ouvriers,DE,AL2,voiture,industrie,etr,10.48
F,6701,67,H,45-54,ouvriers,DE,AL2,voiture,industrie,fr,5.25
F,6701,67,H,45-54,ouvriers,DE,AL3,tc,industrie,fr,5.02
F,6701,67,H,45-54,ouvriers,DE,AL3,voiture,commerce_services,etr,19.75
F,6701,67,H,45-54,ouvriers,DE,AL3,voiture,commerce_services,fr,151.14
F,6701,67,H,45-54,ouvriers,DE,AL3,voiture,construction,fr,62.4
F,6701,67,H,45-54,ouvriers,DE,AL3,voiture,industrie,etr,34.97
F,6701,67,H,45-54,ouvriers,DE,AL3,voiture,industrie,fr,222.19
F,6701,67,H,45-54,ouvriers,DE,ALN,voiture,industrie,fr,5.22
F,6701,67,H,45-54,prof_inter,DE,AL2,voiture,industrie,fr,4.92
F,6701,67,H,45-54,prof_inter,DE,AL3,tc,commerce_services,etr,5.02
F,6701,67,H,45-54,prof_inter,DE,AL3,voiture,commerce_services,etr,4.81
F,6701,67,H,45-54,prof_inter,DE,AL3,voiture,commerce_services,fr,53.69
F,6701,67,H,45-54,prof_inter,DE,AL3,voiture,construction,fr,28.52
F,6701,67,H,45-54,prof_inter,DE,AL3,voiture,industrie,etr,9.96
F,6701,67,H,45-54,prof_inter,DE,AL3,voiture,industrie,fr,39.85
F,6701,67,H,55+,artisans,DE,AL3,voiture,commerce_services,etr,4.94
F,6701,67,H,55+,cadres,DE,AL2,voiture,commerce_services,fr,5.09
F,6701,67,H,55+,cadres,DE,AL3,tc,commerce_services,fr,5.04
F,6701,67,H,55+,cadres,DE,AL3,velo,industrie,etr,5.24
F,6701,67,H,55+,cadres,DE,AL3,voiture,commerce_services,etr,10.35
F,6701,67,H,55+,cadres,DE,AL3,voiture,commerce_services,fr,9.09
F,6701,67,H,55+,cadres,DE,AL3,voiture,industrie,etr,19.32
F,6701,67,H,55+,cadres,DE,AL3,voiture,industrie,fr,33.8
F,6701,67,H,55+,cadres,DE,AL3,voiture,public_sante,etr,5.15
F,6701,67,H,55+,cadres,DE,ALQ,voiture,industrie,fr,5.22
F,6701,67,H,55+,cadres,autre,LU3,voiture,commerce_services,fr,5.04
F,6701,67,H,55+,employes,DE,AL3,voiture,commerce_services,etr,15.18
F,6701,67,H,55+,employes,DE,AL3,voiture,commerce_services,fr,4.67
F,6701,67,H,55+,employes,DE,AL3,voiture,industrie,etr,10.13
F,6701,67,H,55+,employes,DE,AL3,voiture,industrie,fr,4.89
F,6701,67,H,55+,employes,DE,AL3,voiture,public_sante,fr,5.12
F,6701,67,H,55+,ouvriers,CH,SU7,voiture,commerce_services,fr,4.84
F,6701,67,H,55+,ouvriers,CH,SU8,voiture,commerce_services,fr,4.97
F,6701,67,H,55+,ouvriers,DE,AL1,voiture,commerce_services,fr,5.01
F,6701,67,H,55+,ouvriers,DE,AL2,voiture,commerce_services,fr,14.5
F,6701,67,H,55+,ouvriers,DE,AL2,voiture,industrie,fr,3.96
F,6701,67,H,55+,ouvriers,DE,AL3,tc,construction,fr,4.97
F,6701,67,H,55+,ouvriers,DE,AL3,voiture,commerce_services,etr,8.31
F,6701,67,H,55+,ouvriers,DE,AL3,voiture,commerce_services,fr,100.38
F,6701,67,H,55+,ouvriers,DE,AL3,voiture,construction,etr,5.24
F,6701,67,H,55+,ouvriers,DE,AL3,voiture,construction,fr,64.07
F,6701,67,H,55+,ouvriers,DE,AL3,voiture,industrie,etr,30.08
F,6701,67,H,55+,ouvriers,DE,AL3,voiture,industrie,fr,218.26
F,6701,67,H,55+,ouvriers,DE,AL3,voiture,public_sante,etr,5.12
F,6701,67,H,55+,ouvriers,DE,ALT,voiture,industrie,etr,5.04
F,6701,67,H,55+,prof_inter,DE,AL1,voiture,commerce_services,fr,4.94
F,6701,67,H,55+,prof_inter,DE,AL2,voiture,commerce_services,fr,4.55
F,6701,67,H,55+,prof_inter,DE,AL3,voiture,commerce_services,etr,5.02
F,6701,67,H,55+,prof_inter,DE,AL3,voiture,commerce_services,fr,30.02
F,6701,67,H,55+,prof_inter,DE,AL3,voiture,construction,fr,10.31
F,6701,67,H,55+,prof_inter,DE,AL3,voiture,industrie,fr,62.41
F,6702,67,F,15-29,cadres,DE,AL3,voiture,commerce_services,fr,4.9
F,6702,67,F,15-29,cadres,autre,ZZZ,voiture,industrie,fr,4.95
F,6702,67,F,15-29,employes,DE,AL3,voiture,industrie,etr,5.01
F,6702,67,F,15-29,prof_inter,DE,AL3,voiture,commerce_services,fr,5.28
F,6702,67,F,15-29,prof_inter,DE,AL3,voiture,industrie,fr,9.94
F,6702,67,F,15-29,prof_inter,DE,AL3,voiture,public_sante,fr,4.98
F,6702,67,F,30-44,cadres,DE,AL3,voiture,commerce_services,fr,5.0
F,6702,67,F,30-44,cadres,DE,AL3,voiture,industrie,fr,4.88
F,6702,67,F,30-44,prof_inter,DE,AL3,voiture,commerce_services,etr,5.02
F,6702,67,F,30-44,prof_inter,DE,AL3,voiture,commerce_services,fr,5.07
F,6702,67,F,30-44,prof_inter,DE,AL3,voiture,industrie,fr,5.02
F,6702,67,F,45-54,cadres,CH,SU1,voiture,commerce_services,fr,5.07
F,6702,67,F,45-54,employes,DE,AL3,voiture,commerce_services,fr,9.65
F,6702,67,F,45-54,ouvriers,DE,AL3,voiture,industrie,fr,4.2
F,6702,67,F,45-54,prof_inter,DE,AL3,voiture,industrie,fr,5.07
F,6702,67,F,55+,artisans,DE,AL3,voiture,commerce_services,fr,5.12
F,6702,67,F,55+,cadres,DE,ALA,voiture,commerce_services,fr,4.95
F,6702,67,F,55+,employes,DE,AL3,tc,commerce_services,etr,5.71
F,6702,67,F,55+,prof_inter,DE,AL3,voiture,commerce_services,fr,4.95
F,6702,67,F,55+,prof_inter,DE,AL3,voiture,public_sante,fr,5.32
F,6702,67,H,15-29,employes,autre,BE5,tc,commerce_services,etr,7.1
F,6702,67,H,15-29,ouvriers,DE,AL3,voiture,commerce_services,fr,4.85
F,6702,67,H,15-29,ouvriers,DE,AL3,voiture,industrie,fr,5.08
F,6702,67,H,30-44,artisans,DE,AL3,voiture,commerce_services,fr,5.12
F,6702,67,H,30-44,cadres,CH,SU1,voiture,commerce_services,etr,4.84
F,6702,67,H,30-44,cadres,CH,SU9,voiture,commerce_services,fr,5.07
F,6702,67,H,30-44,cadres,CH,SUC,voiture,commerce_services,fr,5.0
F,6702,67,H,30-44,cadres,DE,AL1,voiture,industrie,fr,4.61
F,6702,67,H,30-44,cadres,DE,AL2,voiture,commerce_services,fr,5.21
F,6702,67,H,30-44,cadres,DE,AL2,voiture,industrie,fr,4.98
F,6702,67,H,30-44,cadres,DE,AL3,voiture,commerce_services,fr,9.89
F,6702,67,H,30-44,cadres,DE,AL3,voiture,construction,fr,4.61
F,6702,67,H,30-44,cadres,DE,AL3,voiture,industrie,fr,14.72
F,6702,67,H,30-44,cadres,autre,LU3,voiture,public_sante,fr,5.07
F,6702,67,H,30-44,employes,CH,SU6,tc,commerce_services,fr,4.21
F,6702,67,H,30-44,ouvriers,DE,AL2,voiture,construction,fr,4.58
F,6702,67,H,30-44,ouvriers,DE,AL3,voiture,commerce_services,fr,4.91
F,6702,67,H,30-44,ouvriers,DE,AL3,voiture,industrie,fr,5.0
F,6702,67,H,30-44,prof_inter,CH,SU9,voiture,public_sante,fr,5.04
F,6702,67,H,45-54,cadres,DE,AL2,voiture,commerce_services,fr,4.61
F,6702,67,H,45-54,ouvriers,DE,AL2,voiture,industrie,fr,5.01
F,6702,67,H,45-54,ouvriers,DE,AL3,voiture,commerce_services,fr,4.75
F,6702,67,H,45-54,ouvriers,DE,AL3,voiture,construction,fr,5.06
F,6702,67,H,45-54,ouvriers,DE,AL3,voiture,industrie,fr,14.94
F,6702,67,H,45-54,prof_inter,CH,SU2,voiture,industrie,fr,5.03
F,6702,67,H,45-54,prof_inter,DE,AL3,voiture,industrie,fr,5.05
F,6702,67,H,55+,cadres,DE,AL3,velo,industrie,etr,4.72
F,6702,67,H,55+,cadres,DE,AL3,voiture,commerce_services,fr,14.65
F,6702,67,H,55+,cadres,DE,AL3,voiture,construction,fr,4.95
F,6702,67,H,55+,cadres,DE,AL3,voiture,industrie,fr,9.88
F,6702,67,H,55+,ouvriers,DE,AL3,voiture,commerce_services,fr,9.76
F,6702,67,H,55+,ouvriers,DE,AL3,voiture,construction,fr,19.81
F,6702,67,H,55+,ouvriers,DE,AL3,voiture,industrie,fr,21.25
F,6702,67,H,55+,prof_inter,DE,AL3,voiture,industrie,etr,5.32
F,6702,67,H,55+,prof_inter,DE,AL3,voiture,industrie,fr,10.53
F,6702,67,H,55+,prof_inter,autre,LU3,voiture,commerce_services,fr,4.79
F,6703,67,F,15-29,cadres,DE,AL3,voiture,industrie,etr,4.97
F,6703,67,F,15-29,employes,DE,AL3,voiture,industrie,fr,4.97
F,6703,67,F,15-29,employes,DE,AL3,voiture,public_sante,fr,4.97
F,6703,67,F,15-29,prof_inter,DE,AL3,voiture,commerce_services,fr,4.97
F,6703,67,F,15-29,prof_inter,DE,AL3,voiture,industrie,fr,9.96
F,6703,67,F,30-44,cadres,DE,AL3,voiture,commerce_services,etr,9.95
F,6703,67,F,30-44,cadres,DE,AL3,voiture,commerce_services,fr,14.78
F,6703,67,F,30-44,cadres,DE,AL3,voiture,industrie,etr,14.76
F,6703,67,F,30-44,cadres,DE,AL3,voiture,industrie,fr,4.89
F,6703,67,F,30-44,cadres,DE,AL3,voiture,public_sante,fr,4.98
F,6703,67,F,30-44,cadres,DE,ALI,voiture,industrie,fr,4.65
F,6703,67,F,30-44,employes,CH,SUD,voiture,public_sante,fr,5.0
F,6703,67,F,30-44,employes,DE,AL3,voiture,commerce_services,etr,5.43
F,6703,67,F,30-44,employes,DE,AL3,voiture,commerce_services,fr,5.0
F,6703,67,F,30-44,prof_inter,DE,AL2,voiture,public_sante,etr,5.42
F,6703,67,F,30-44,prof_inter,DE,AL3,tc,commerce_services,fr,4.91
F,6703,67,F,30-44,prof_inter,DE,AL3,voiture,commerce_services,fr,19.87
F,6703,67,F,30-44,prof_inter,DE,AL3,voiture,industrie,etr,6.63
F,6703,67,F,30-44,prof_inter,DE,AL3,voiture,industrie,fr,4.89
F,6703,67,F,30-44,prof_inter,DE,AL3,voiture,public_sante,etr,4.78
F,6703,67,F,30-44,prof_inter,DE,AL3,voiture,public_sante,fr,5.01
F,6703,67,F,45-54,artisans,autre,ZZZ,tc,commerce_services,etr,5.19
F,6703,67,F,45-54,cadres,DE,AL3,voiture,commerce_services,fr,19.91
F,6703,67,F,45-54,cadres,DE,AL3,voiture,industrie,fr,5.01
F,6703,67,F,45-54,employes,DE,AL3,tc,commerce_services,etr,4.98
F,6703,67,F,45-54,employes,DE,AL3,voiture,commerce_services,fr,24.78
F,6703,67,F,45-54,employes,DE,AL3,voiture,industrie,etr,4.97
F,6703,67,F,45-54,employes,DE,AL3,voiture,public_sante,fr,5.19
F,6703,67,F,45-54,ouvriers,DE,AL1,voiture,commerce_services,fr,5.0
F,6703,67,F,45-54,ouvriers,DE,AL3,voiture,commerce_services,etr,4.72
F,6703,67,F,45-54,ouvriers,DE,AL3,voiture,commerce_services,fr,9.99
F,6703,67,F,45-54,ouvriers,DE,AL3,voiture,public_sante,fr,4.82
F,6703,67,F,45-54,prof_inter,CH,SU1,velo,public_sante,fr,4.87
F,6703,67,F,45-54,prof_inter,DE,AL3,voiture,commerce_services,fr,10.02
F,6703,67,F,45-54,prof_inter,DE,AL3,voiture,industrie,fr,4.97
F,6703,67,F,45-54,prof_inter,DE,AL3,voiture,public_sante,etr,4.82
F,6703,67,F,55+,cadres,DE,AL3,voiture,commerce_services,etr,4.97
F,6703,67,F,55+,cadres,DE,AL3,voiture,commerce_services,fr,9.83
F,6703,67,F,55+,cadres,DE,AL3,voiture,industrie,fr,4.86
F,6703,67,F,55+,cadres,DE,AL3,voiture,public_sante,fr,4.92
F,6703,67,F,55+,employes,DE,AL3,voiture,commerce_services,fr,10.26
F,6703,67,F,55+,employes,DE,AL3,voiture,industrie,fr,4.98
F,6703,67,F,55+,ouvriers,DE,AL3,voiture,industrie,fr,30.27
F,6703,67,F,55+,prof_inter,CH,SU6,voiture,commerce_services,fr,4.63
F,6703,67,F,55+,prof_inter,DE,AL3,voiture,commerce_services,fr,10.05
F,6703,67,F,55+,prof_inter,DE,AL3,voiture,public_sante,etr,5.01
F,6703,67,F,55+,prof_inter,DE,AL3,voiture,public_sante,fr,9.9
F,6703,67,H,15-29,cadres,DE,AL3,voiture,industrie,fr,4.87
F,6703,67,H,15-29,employes,autre,LU3,tc,commerce_services,fr,9.28
F,6703,67,H,15-29,ouvriers,CH,SU1,tc,industrie,fr,4.82
F,6703,67,H,15-29,ouvriers,CH,SU6,voiture,industrie,fr,4.88
F,6703,67,H,15-29,ouvriers,DE,AL3,voiture,industrie,fr,25.36
F,6703,67,H,15-29,prof_inter,DE,AL2,voiture,industrie,fr,4.97
F,6703,67,H,15-29,prof_inter,DE,AL3,tc,commerce_services,fr,5.01
F,6703,67,H,15-29,prof_inter,DE,AL3,voiture,industrie,etr,4.97
F,6703,67,H,30-44,artisans,DE,AL3,voiture,commerce_services,fr,4.97
F,6703,67,H,30-44,artisans,DE,AL3,voiture,industrie,fr,4.98
F,6703,67,H,30-44,artisans,autre,LU3,voiture,commerce_services,fr,4.98
F,6703,67,H,30-44,cadres,CH,SUC,tc,commerce_services,fr,5.0
F,6703,67,H,30-44,cadres,DE,AL1,voiture,industrie,fr,4.65
F,6703,67,H,30-44,cadres,DE,AL3,voiture,commerce_services,etr,4.97
F,6703,67,H,30-44,cadres,DE,AL3,voiture,commerce_services,fr,15.08
F,6703,67,H,30-44,cadres,DE,AL3,voiture,construction,fr,4.82
F,6703,67,H,30-44,cadres,DE,AL3,voiture,industrie,fr,14.78
F,6703,67,H,30-44,employes,DE,AL3,voiture,commerce_services,fr,4.97
F,6703,67,H,30-44,ouvriers,DE,AL1,voiture,industrie,fr,5.01
F,6703,67,H,30-44,ouvriers,DE,AL3,deux_roues,industrie,fr,4.97
F,6703,67,H,30-44,ouvriers,DE,AL3,voiture,commerce_services,fr,25.55
F,6703,67,H,30-44,ouvriers,DE,AL3,voiture,construction,fr,15.0
F,6703,67,H,30-44,ouvriers,DE,AL3,voiture,industrie,fr,29.7
F,6703,67,H,30-44,ouvriers,autre,MO0,voiture,commerce_services,fr,4.91
F,6703,67,H,30-44,prof_inter,DE,AL3,voiture,commerce_services,fr,24.89
F,6703,67,H,30-44,prof_inter,DE,AL3,voiture,industrie,fr,5.01
F,6703,67,H,45-54,artisans,DE,AL3,voiture,commerce_services,fr,4.98
F,6703,67,H,45-54,artisans,DE,AL3,voiture,industrie,fr,4.89
F,6703,67,H,45-54,cadres,CH,SU1,velo,commerce_services,fr,4.87
F,6703,67,H,45-54,cadres,CH,SUQ,voiture,commerce_services,etr,4.8
F,6703,67,H,45-54,cadres,DE,AL2,voiture,commerce_services,fr,4.98
F,6703,67,H,45-54,cadres,DE,AL2,voiture,industrie,fr,9.96
F,6703,67,H,45-54,cadres,DE,AL3,voiture,commerce_services,fr,24.88
F,6703,67,H,45-54,cadres,DE,AL3,voiture,industrie,fr,41.23
F,6703,67,H,45-54,employes,DE,AL3,voiture,commerce_services,fr,9.63
F,6703,67,H,45-54,ouvriers,DE,AL3,voiture,commerce_services,etr,9.89
F,6703,67,H,45-54,ouvriers,DE,AL3,voiture,commerce_services,fr,24.82
F,6703,67,H,45-54,ouvriers,DE,AL3,voiture,construction,fr,20.22
F,6703,67,H,45-54,ouvriers,DE,AL3,voiture,industrie,fr,89.16
F,6703,67,H,45-54,prof_inter,CH,SU9,voiture,public_sante,fr,4.7
F,6703,67,H,45-54,prof_inter,DE,AL2,voiture,industrie,fr,4.98
F,6703,67,H,45-54,prof_inter,DE,AL3,velo,public_sante,fr,4.85
F,6703,67,H,45-54,prof_inter,DE,AL3,voiture,commerce_services,fr,4.97
F,6703,67,H,45-54,prof_inter,DE,AL3,voiture,construction,fr,14.84
F,6703,67,H,45-54,prof_inter,DE,AL3,voiture,industrie,fr,15.38
F,6703,67,H,45-54,prof_inter,DE,AL3,voiture,public_sante,fr,4.97
F,6703,67,H,45-54,prof_inter,autre,LU3,voiture,industrie,fr,5.0
F,6703,67,H,55+,artisans,DE,AL3,voiture,commerce_services,fr,9.83
F,6703,67,H,55+,artisans,DE,AL3,voiture,industrie,etr,4.97
F,6703,67,H,55+,cadres,DE,AL3,tc,industrie,fr,5.0
F,6703,67,H,55+,cadres,DE,AL3,voiture,commerce_services,fr,4.97
F,6703,67,H,55+,cadres,DE,AL3,voiture,construction,fr,5.19
F,6703,67,H,55+,cadres,DE,AL3,voiture,industrie,etr,9.99
F,6703,67,H,55+,cadres,DE,AL3,voiture,industrie,fr,5.16
F,6703,67,H,55+,cadres,autre,LU3,voiture,commerce_services,fr,5.0
F,6703,67,H,55+,employes,DE,AL3,voiture,industrie,fr,4.72
F,6703,67,H,55+,ouvriers,DE,AL2,voiture,construction,fr,5.19
F,6703,67,H,55+,ouvriers,DE,AL3,deux_roues,industrie,fr,4.97
F,6703,67,H,55+,ouvriers,DE,AL3,voiture,commerce_services,fr,34.75
F,6703,67,H,55+,ouvriers,DE,AL3,voiture,construction,etr,10.01
F,6703,67,H,55+,ouvriers,DE,AL3,voiture,construction,fr,34.85
F,6703,67,H,55+,ouvriers,DE,AL3,voiture,industrie,etr,4.82
F,6703,67,H,55+,ouvriers,DE,AL3,voiture,industrie,fr,79.84
F,6703,67,H,55+,prof_inter,DE,AL3,voiture,commerce_services,etr,4.97
F,6703,67,H,55+,prof_inter,DE,AL3,voiture,commerce_services,fr,14.67
F,6703,67,H,55+,prof_inter,DE,AL3,voiture,construction,fr,10.04
F,6703,67,H,55+,prof_inter,DE,AL3,voiture,industrie,fr,24.64
F,6704,67,F,15-29,artisans,DE,AL3,voiture,commerce_services,etr,1.14
F,6704,67,F,15-29,employes,DE,AL3,voiture,agriculture,fr,5.04
F,6704,67,F,15-29,employes,DE,AL3,voiture,commerce_services,etr,5.08
F,6704,67,F,15-29,employes,DE,AL3,voiture,public_sante,etr,2.99
F,6704,67,F,15-29,ouvriers,DE,AL3,voiture,commerce_services,fr,4.85
F,6704,67,F,30-44,artisans,DE,AL3,voiture,commerce_services,etr,5.12
F,6704,67,F,30-44,cadres,DE,AL3,voiture,commerce_services,etr,8.24
F,6704,67,F,30-44,cadres,DE,AL3,voiture,public_sante,fr,10.52
F,6704,67,F,30-44,employes,CH,SU2,voiture,commerce_services,fr,5.01
F,6704,67,F,30-44,employes,CH,SU6,voiture,commerce_services,fr,5.15
F,6704,67,F,30-44,employes,DE,AL3,voiture,commerce_services,etr,15.06
F,6704,67,F,30-44,employes,DE,AL3,voiture,commerce_services,fr,36.61
F,6704,67,F,30-44,employes,DE,AL3,voiture,public_sante,etr,4.68
F,6704,67,F,30-44,ouvriers,DE,AL3,voiture,commerce_services,fr,14.69
F,6704,67,F,30-44,ouvriers,DE,AL3,voiture,industrie,fr,5.02
F,6704,67,F,30-44,prof_inter,DE,AL3,voiture,commerce_services,fr,9.89
F,6704,67,F,30-44,prof_inter,DE,AL3,voiture,industrie,etr,3.63
F,6704,67,F,45-54,cadres,DE,AL3,voiture,commerce_services,etr,5.06
F,6704,67,F,45-54,cadres,DE,AL3,voiture,commerce_services,fr,18.33
F,6704,67,F,45-54,cadres,DE,AL3,voiture,public_sante,etr,8.09
F,6704,67,F,45-54,cadres,DE,ALI,voiture,commerce_services,etr,3.58
F,6704,67,F,45-54,employes,DE,AL3,voiture,commerce_services,fr,64.81
F,6704,67,F,45-54,employes,DE,AL3,voiture,industrie,fr,5.04
F,6704,67,F,45-54,ouvriers,DE,AL3,tc,commerce_services,fr,4.94
F,6704,67,F,45-54,ouvriers,DE,AL3,voiture,commerce_services,etr,10.07
F,6704,67,F,45-54,ouvriers,DE,AL3,voiture,commerce_services,fr,15.06
F,6704,67,F,45-54,ouvriers,DE,AL3,voiture,industrie,fr,15.3
F,6704,67,F,45-54,ouvriers,DE,AL3,voiture,public_sante,fr,3.38
F,6704,67,F,45-54,prof_inter,DE,AL3,voiture,commerce_services,etr,13.59
F,6704,67,F,45-54,prof_inter,DE,AL3,voiture,commerce_services,fr,21.2
F,6704,67,F,55+,cadres,DE,AL3,voiture,public_sante,etr,4.89
F,6704,67,F,55+,employes,DE,AL3,voiture,commerce_services,etr,10.23
F,6704,67,F,55+,employes,DE,AL3,voiture,commerce_services,fr,46.37
F,6704,67,F,55+,employes,DE,AL3,voiture,construction,fr,4.8
F,6704,67,F,55+,employes,DE,AL3,voiture,industrie,fr,4.71
F,6704,67,F,55+,employes,DE,AL3,voiture,public_sante,fr,3.05
F,6704,67,F,55+,ouvriers,DE,AL3,voiture,commerce_services,fr,23.32
F,6704,67,F,55+,ouvriers,DE,AL3,voiture,industrie,fr,20.3
F,6704,67,F,55+,prof_inter,DE,AL3,voiture,commerce_services,etr,13.22
F,6704,67,F,55+,prof_inter,DE,AL3,voiture,commerce_services,fr,5.04
F,6704,67,F,55+,prof_inter,DE,AL3,voiture,public_sante,etr,4.95
F,6704,67,F,55+,prof_inter,DE,AL3,voiture,public_sante,fr,7.74
F,6704,67,H,15-29,cadres,DE,AL3,tc,industrie,fr,5.01
F,6704,67,H,15-29,cadres,autre,ZZZ,voiture,commerce_services,fr,3.63
F,6704,67,H,15-29,employes,DE,AL3,voiture,commerce_services,fr,19.72
F,6704,67,H,15-29,employes,DE,AL3,voiture,construction,fr,4.67
F,6704,67,H,15-29,employes,DE,AL3,voiture,industrie,fr,4.98
F,6704,67,H,15-29,employes,autre,LU3,tc,commerce_services,fr,5.02
F,6704,67,H,15-29,ouvriers,CH,SU6,voiture,construction,fr,4.8
F,6704,67,H,15-29,ouvriers,DE,AL3,tc,commerce_services,fr,5.01
F,6704,67,H,15-29,ouvriers,DE,AL3,voiture,commerce_services,fr,36.44
F,6704,67,H,15-29,ouvriers,DE,AL3,voiture,construction,etr,9.86
F,6704,67,H,15-29,ouvriers,DE,AL3,voiture,construction,fr,13.77
F,6704,67,H,15-29,ouvriers,DE,AL3,voiture,industrie,etr,5.01
F,6704,67,H,15-29,ouvriers,DE,AL3,voiture,industrie,fr,4.84
F,6704,67,H,15-29,prof_inter,DE,AL3,deux_roues,commerce_services,fr,4.79
F,6704,67,H,15-29,prof_inter,DE,AL3,voiture,commerce_services,fr,15.08
F,6704,67,H,15-29,prof_inter,DE,AL3,voiture,construction,fr,4.95
F,6704,67,H,30-44,cadres,CH,SU6,voiture,commerce_services,fr,4.93
F,6704,67,H,30-44,cadres,DE,AL3,voiture,commerce_services,fr,3.38
F,6704,67,H,30-44,cadres,DE,AL3,voiture,industrie,etr,4.95
F,6704,67,H,30-44,cadres,DE,AL3,voiture,industrie,fr,18.64
F,6704,67,H,30-44,cadres,DE,AL3,voiture,public_sante,etr,4.87
F,6704,67,H,30-44,cadres,DE,AL3,voiture,public_sante,fr,9.76
F,6704,67,H,30-44,employes,DE,AL3,voiture,commerce_services,fr,10.22
F,6704,67,H,30-44,ouvriers,CH,SU5,voiture,construction,fr,5.18
F,6704,67,H,30-44,ouvriers,CH,SU6,voiture,commerce_services,fr,5.01
F,6704,67,H,30-44,ouvriers,CH,SUC,voiture,commerce_services,fr,5.01
F,6704,67,H,30-44,ouvriers,DE,AL3,velo,construction,etr,5.04
F,6704,67,H,30-44,ouvriers,DE,AL3,voiture,commerce_services,etr,13.19
F,6704,67,H,30-44,ouvriers,DE,AL3,voiture,commerce_services,fr,45.58
F,6704,67,H,30-44,ouvriers,DE,AL3,voiture,construction,fr,15.19
F,6704,67,H,30-44,ouvriers,DE,AL3,voiture,industrie,etr,5.11
F,6704,67,H,30-44,ouvriers,DE,AL3,voiture,industrie,fr,31.5
F,6704,67,H,30-44,prof_inter,CH,SU9,voiture,commerce_services,fr,4.88
F,6704,67,H,30-44,prof_inter,DE,AL3,voiture,commerce_services,etr,9.82
F,6704,67,H,30-44,prof_inter,DE,AL3,voiture,commerce_services,fr,30.08
F,6704,67,H,30-44,prof_inter,DE,AL3,voiture,industrie,fr,5.09
F,6704,67,H,30-44,prof_inter,DE,AL3,voiture,public_sante,fr,5.07
F,6704,67,H,45-54,cadres,CH,SU2,voiture,industrie,fr,4.81
F,6704,67,H,45-54,cadres,DE,AL3,voiture,commerce_services,fr,5.05
F,6704,67,H,45-54,cadres,DE,AL3,voiture,industrie,etr,4.8
F,6704,67,H,45-54,employes,DE,AL3,voiture,commerce_services,fr,5.06
F,6704,67,H,45-54,employes,DE,AL3,voiture,public_sante,fr,3.18
F,6704,67,H,45-54,ouvriers,CH,SU7,voiture,commerce_services,fr,5.04
F,6704,67,H,45-54,ouvriers,DE,AL3,voiture,commerce_services,etr,3.63
F,6704,67,H,45-54,ouvriers,DE,AL3,voiture,commerce_services,fr,36.79
F,6704,67,H,45-54,ouvriers,DE,AL3,voiture,construction,fr,32.07
F,6704,67,H,45-54,ouvriers,DE,AL3,voiture,industrie,etr,5.04
F,6704,67,H,45-54,ouvriers,DE,AL3,voiture,industrie,fr,43.82
F,6704,67,H,45-54,prof_inter,CH,SU6,voiture,commerce_services,fr,4.67
F,6704,67,H,45-54,prof_inter,DE,AL3,voiture,commerce_services,fr,5.01
F,6704,67,H,45-54,prof_inter,DE,AL3,voiture,construction,fr,9.99
F,6704,67,H,45-54,prof_inter,DE,AL3,voiture,industrie,fr,19.86
F,6704,67,H,55+,artisans,DE,AL3,voiture,commerce_services,fr,4.39
F,6704,67,H,55+,cadres,DE,AL3,voiture,commerce_services,fr,3.28
F,6704,67,H,55+,cadres,DE,AL3,voiture,construction,fr,4.8
F,6704,67,H,55+,cadres,DE,AL3,voiture,industrie,fr,4.8
F,6704,67,H,55+,employes,DE,AL3,voiture,commerce_services,etr,6.76
F,6704,67,H,55+,employes,DE,AL3,voiture,commerce_services,fr,20.02
F,6704,67,H,55+,ouvriers,DE,AL2,voiture,industrie,fr,4.67
F,6704,67,H,55+,ouvriers,DE,AL3,voiture,commerce_services,fr,70.57
F,6704,67,H,55+,ouvriers,DE,AL3,voiture,construction,fr,20.14
F,6704,67,H,55+,ouvriers,DE,AL3,voiture,industrie,fr,70.43
F,6704,67,H,55+,ouvriers,DE,AL6,voiture,construction,fr,5.04
F,6704,67,H,55+,prof_inter,DE,AL3,voiture,commerce_services,etr,7.84
F,6704,67,H,55+,prof_inter,DE,AL3,voiture,commerce_services,fr,18.68
F,6704,67,H,55+,prof_inter,DE,AL3,voiture,industrie,fr,43.71
F,6704,67,H,55+,prof_inter,autre,ZZZ,tc,construction,fr,4.91
F,6705,67,F,15-29,cadres,DE,AL3,voiture,commerce_services,fr,5.26
F,6705,67,F,15-29,employes,CH,SUC,voiture,commerce_services,fr,4.18
F,6705,67,F,15-29,employes,DE,AL2,tc,commerce_services,fr,4.28
F,6705,67,F,15-29,employes,DE,AL2,voiture,commerce_services,fr,1.21
F,6705,67,F,15-29,employes,DE,AL2,voiture,public_sante,fr,1.25
F,6705,67,F,15-29,employes,DE,AL3,voiture,industrie,fr,1.31
F,6705,67,F,15-29,employes,DE,AL3,voiture,public_sante,fr,1.29
F,6705,67,F,15-29,employes,autre,LU3,voiture,commerce_services,fr,4.07
F,6705,67,F,15-29,employes,autre,ZZZ,voiture,commerce_services,fr,4.97
F,6705,67,F,15-29,ouvriers,DE,AL3,voiture,commerce_services,fr,1.25
F,6705,67,F,15-29,prof_inter,DE,AL3,voiture,industrie,fr,3.52
F,6705,67,F,15-29,prof_inter,DE,AL3,voiture,public_sante,fr,4.47
F,6705,67,F,15-29,prof_inter,autre,ZZZ,aucun,commerce_services,fr,4.27
F,6705,67,F,30-44,cadres,DE,AL2,voiture,commerce_services,fr,4.07
F,6705,67,F,30-44,cadres,DE,AL3,voiture,public_sante,etr,3.58
F,6705,67,F,30-44,employes,DE,AL3,voiture,commerce_services,etr,3.77
F,6705,67,F,30-44,employes,DE,AL3,voiture,commerce_services,fr,4.73
F,6705,67,F,30-44,employes,DE,AL3,voiture,industrie,etr,3.89
F,6705,67,F,30-44,ouvriers,CH,SU9,voiture,industrie,fr,5.23
F,6705,67,F,30-44,prof_inter,DE,AL3,voiture,commerce_services,etr,3.33
F,6705,67,F,30-44,prof_inter,DE,AL3,voiture,commerce_services,fr,17.4
F,6705,67,F,30-44,prof_inter,DE,AL3,voiture,construction,fr,4.93
F,6705,67,F,30-44,prof_inter,DE,AL3,voiture,industrie,fr,3.76
F,6705,67,F,30-44,prof_inter,DE,AL3,voiture,public_sante,fr,2.5
F,6705,67,F,45-54,artisans,DE,AL3,voiture,commerce_services,fr,8.18
F,6705,67,F,45-54,cadres,DE,AL3,tc,public_sante,fr,4.97
F,6705,67,F,45-54,cadres,DE,AL3,voiture,commerce_services,fr,4.47
F,6705,67,F,45-54,employes,DE,AL2,voiture,commerce_services,fr,4.97
F,6705,67,F,45-54,employes,DE,AL3,voiture,commerce_services,fr,9.75
F,6705,67,F,45-54,employes,DE,AL3,voiture,construction,fr,3.86
F,6705,67,F,45-54,employes,DE,AL3,voiture,public_sante,fr,4.97
F,6705,67,F,45-54,ouvriers,DE,AL3,voiture,industrie,fr,13.16
F,6705,67,F,45-54,prof_inter,DE,AL3,voiture,commerce_services,fr,9.96
F,6705,67,F,45-54,prof_inter,DE,AL3,voiture,industrie,etr,3.97
F,6705,67,F,45-54,prof_inter,DE,AL3,voiture,industrie,fr,5.39
F,6705,67,F,45-54,prof_inter,DE,AL3,voiture,public_sante,etr,3.4
F,6705,67,F,45-54,prof_inter,autre,LU3,voiture,public_sante,fr,3.4
F,6705,67,F,55+,cadres,DE,AL3,voiture,commerce_services,fr,3.78
F,6705,67,F,55+,cadres,DE,AL3,voiture,industrie,fr,4.97
F,6705,67,F,55+,employes,DE,AL2,voiture,public_sante,fr,3.78
F,6705,67,F,55+,employes,DE,AL3,voiture,commerce_services,fr,4.38
F,6705,67,F,55+,employes,DE,AL3,voiture,industrie,fr,5.0
F,6705,67,F,55+,employes,DE,AL3,voiture,public_sante,fr,4.16
F,6705,67,F,55+,ouvriers,DE,AL3,voiture,commerce_services,fr,3.4
F,6705,67,F,55+,ouvriers,DE,AL3,voiture,industrie,etr,1.29
F,6705,67,F,55+,ouvriers,DE,AL3,voiture,industrie,fr,4.47
F,6705,67,F,55+,prof_inter,DE,AL2,voiture,commerce_services,fr,3.62
F,6705,67,F,55+,prof_inter,DE,AL2,voiture,public_sante,fr,1.18
F,6705,67,F,55+,prof_inter,DE,AL3,voiture,commerce_services,fr,5.1
F,6705,67,F,55+,prof_inter,DE,AL3,voiture,industrie,etr,4.4
F,6705,67,F,55+,prof_inter,DE,AL3,voiture,industrie,fr,8.08
F,6705,67,H,15-29,cadres,DE,AL2,voiture,commerce_services,fr,8.58
F,6705,67,H,15-29,cadres,autre,LU3,tc,commerce_services,fr,5.57
F,6705,67,H,15-29,ouvriers,DE,AL2,voiture,commerce_services,fr,1.21
F,6705,67,H,15-29,ouvriers,DE,AL2,voiture,industrie,fr,4.97
F,6705,67,H,15-29,ouvriers,DE,AL3,tc,construction,fr,1.25
F,6705,67,H,15-29,ouvriers,DE,AL3,voiture,commerce_services,fr,5.16
F,6705,67,H,15-29,ouvriers,DE,AL3,voiture,construction,fr,5.78
F,6705,67,H,15-29,prof_inter,DE,AL2,voiture,commerce_services,fr,1.31
F,6705,67,H,15-29,prof_inter,DE,AL2,voiture,public_sante,fr,3.86
F,6705,67,H,15-29,prof_inter,DE,AL3,voiture,commerce_services,fr,9.78
F,6705,67,H,30-44,cadres,DE,AL2,voiture,industrie,fr,4.46
F,6705,67,H,30-44,cadres,DE,AL3,tc,construction,fr,4.18
F,6705,67,H,30-44,cadres,DE,AL3,voiture,commerce_services,fr,17.58
F,6705,67,H,30-44,cadres,DE,AL3,voiture,construction,fr,1.29
F,6705,67,H,30-44,cadres,DE,AL3,voiture,industrie,fr,4.96
F,6705,67,H,30-44,cadres,DE,AL3,voiture,public_sante,etr,4.46
F,6705,67,H,30-44,ouvriers,CH,SU9,voiture,commerce_services,fr,5.23
F,6705,67,H,30-44,ouvriers,CH,SU9,voiture,construction,fr,4.03
F,6705,67,H,30-44,ouvriers,DE,AL2,voiture,commerce_services,fr,3.79
F,6705,67,H,30-44,ouvriers,DE,AL2,voiture,industrie,fr,3.76
F,6705,67,H,30-44,ouvriers,DE,AL3,deux_roues,commerce_services,fr,5.03
F,6705,67,H,30-44,ouvriers,DE,AL3,velo,commerce_services,fr,4.38
F,6705,67,H,30-44,ouvriers,DE,AL3,voiture,commerce_services,etr,4.38
F,6705,67,H,30-44,ouvriers,DE,AL3,voiture,commerce_services,fr,23.99
F,6705,67,H,30-44,ouvriers,DE,AL3,voiture,construction,fr,9.43
F,6705,67,H,30-44,ouvriers,DE,AL3,voiture,industrie,fr,24.77
F,6705,67,H,30-44,prof_inter,CH,SUB,voiture,construction,fr,4.89
F,6705,67,H,30-44,prof_inter,DE,AL3,voiture,commerce_services,fr,3.78
F,6705,67,H,30-44,prof_inter,DE,AL3,voiture,construction,etr,3.81
F,6705,67,H,30-44,prof_inter,DE,AL3,voiture,industrie,etr,1.18
F,6705,67,H,30-44,prof_inter,DE,AL3,voiture,industrie,fr,9.46
F,6705,67,H,30-44,prof_inter,DE,AL3,voiture,public_sante,fr,4.47
F,6705,67,H,45-54,cadres,DE,AL2,voiture,industrie,etr,3.78
F,6705,67,H,45-54,cadres,DE,AL3,voiture,commerce_services,etr,3.49
F,6705,67,H,45-54,cadres,DE,AL3,voiture,commerce_services,fr,3.62
F,6705,67,H,45-54,cadres,DE,AL3,voiture,industrie,fr,17.62
F,6705,67,H,45-54,cadres,autre,BE2,tc,commerce_services,fr,1.31
F,6705,67,H,45-54,employes,DE,AL3,voiture,commerce_services,fr,8.86
F,6705,67,H,45-54,ouvriers,DE,AL1,voiture,construction,fr,4.45
F,6705,67,H,45-54,ouvriers,DE,AL3,tc,commerce_services,fr,4.97
F,6705,67,H,45-54,ouvriers,DE,AL3,voiture,commerce_services,fr,17.86
F,6705,67,H,45-54,ouvriers,DE,AL3,voiture,construction,fr,13.01
F,6705,67,H,45-54,ouvriers,DE,AL3,voiture,industrie,fr,59.35
F,6705,67,H,45-54,ouvriers,autre,ZZZ,tc,commerce_services,fr,4.38
F,6705,67,H,45-54,prof_inter,DE,AL3,voiture,commerce_services,fr,23.22
F,6705,67,H,45-54,prof_inter,DE,AL3,voiture,construction,fr,3.88
F,6705,67,H,45-54,prof_inter,DE,AL3,voiture,industrie,etr,4.14
F,6705,67,H,45-54,prof_inter,DE,AL3,voiture,industrie,fr,29.89
F,6705,67,H,55+,artisans,DE,AL3,voiture,commerce_services,fr,1.18
F,6705,67,H,55+,artisans,DE,AL3,voiture,industrie,fr,3.95
F,6705,67,H,55+,cadres,DE,AL3,tc,commerce_services,etr,4.92
F,6705,67,H,55+,cadres,DE,AL3,tc,commerce_services,fr,9.22
F,6705,67,H,55+,cadres,DE,AL3,voiture,commerce_services,fr,18.98
F,6705,67,H,55+,cadres,DE,AL3,voiture,construction,fr,4.97
F,6705,67,H,55+,cadres,DE,AL3,voiture,industrie,fr,16.97
F,6705,67,H,55+,cadres,DE,ALI,voiture,public_sante,fr,3.86
F,6705,67,H,55+,employes,DE,AL3,velo,commerce_services,fr,4.97
F,6705,67,H,55+,ouvriers,DE,AL2,voiture,commerce_services,fr,12.14
F,6705,67,H,55+,ouvriers,DE,AL2,voiture,construction,fr,8.92
F,6705,67,H,55+,ouvriers,DE,AL3,voiture,commerce_services,fr,35.65
F,6705,67,H,55+,ouvriers,DE,AL3,voiture,construction,fr,18.84
F,6705,67,H,55+,ouvriers,DE,AL3,voiture,industrie,fr,55.07
F,6705,67,H,55+,ouvriers,DE,ALX,voiture,industrie,fr,4.38
F,6705,67,H,55+,prof_inter,DE,AL3,voiture,commerce_services,etr,4.4
F,6705,67,H,55+,prof_inter,DE,AL3,voiture,commerce_services,fr,17.19
F,6705,67,H,55+,prof_inter,DE,AL3,voiture,construction,fr,4.23
F,6705,67,H,55+,prof_inter,DE,AL3,voiture,industrie,fr,18.68
F,6705,67,H,55+,prof_inter,DE,AL3,voiture,public_sante,etr,4.3
F,6706,67,F,15-29,employes,DE,AL3,voiture,commerce_services,fr,3.54
F,6706,67,F,15-29,employes,DE,AL3,voiture,public_sante,etr,4.96
F,6706,67,F,15-29,ouvriers,DE,AL3,tc,industrie,fr,3.72
F,6706,67,F,15-29,ouvriers,DE,AL3,voiture,industrie,etr,5.05
F,6706,67,F,15-29,prof_inter,DE,AL3,voiture,industrie,fr,5.09
F,6706,67,F,30-44,cadres,CH,SU4,voiture,industrie,fr,4.84
F,6706,67,F,30-44,cadres,DE,AL3,voiture,commerce_services,fr,4.79
F,6706,67,F,30-44,cadres,DE,AL3,voiture,industrie,fr,9.35
F,6706,67,F,30-44,cadres,DE,AL3,voiture,public_sante,etr,6.01
F,6706,67,F,30-44,employes,DE,AL3,voiture,public_sante,fr,5.05
F,6706,67,F,30-44,prof_inter,DE,AL3,voiture,commerce_services,fr,9.03
F,6706,67,F,45-54,cadres,DE,AL2,voiture,industrie,fr,5.13
F,6706,67,F,45-54,cadres,DE,AL3,voiture,public_sante,etr,5.05
F,6706,67,F,45-54,cadres,autre,ZZZ,tc,public_sante,fr,5.16
F,6706,67,F,45-54,employes,DE,AL3,voiture,commerce_services,etr,4.86
F,6706,67,F,45-54,employes,autre,LU3,tc,commerce_services,etr,4.61
F,6706,67,F,45-54,ouvriers,DE,AL3,voiture,industrie,fr,5.22
F,6706,67,F,45-54,prof_inter,DE,AL3,voiture,commerce_services,etr,5.21
F,6706,67,F,55+,agriculteurs,DE,AL3,voiture,agriculture,fr,5.07
F,6706,67,F,55+,cadres,CH,SU1,voiture,commerce_services,etr,4.97
F,6706,67,F,55+,cadres,CH,SUC,velo,commerce_services,fr,3.4
F,6706,67,F,55+,cadres,DE,AL3,voiture,public_sante,etr,5.13
F,6706,67,F,55+,employes,DE,AL3,tc,commerce_services,fr,4.03
F,6706,67,F,55+,employes,DE,AL3,voiture,industrie,fr,5.11
F,6706,67,F,55+,ouvriers,DE,AL3,voiture,industrie,fr,10.14
F,6706,67,F,55+,prof_inter,DE,AL3,voiture,commerce_services,etr,4.84
F,6706,67,H,15-29,artisans,DE,AL3,voiture,commerce_services,fr,5.02
F,6706,67,H,15-29,cadres,DE,AL3,voiture,commerce_services,fr,5.01
F,6706,67,H,15-29,cadres,DE,AL3,voiture,industrie,fr,8.56
F,6706,67,H,15-29,cadres,autre,BE6,voiture,commerce_services,fr,10.13
F,6706,67,H,15-29,cadres,autre,LU1,voiture,industrie,fr,3.43
F,6706,67,H,15-29,ouvriers,DE,AL3,voiture,commerce_services,fr,5.02
F,6706,67,H,15-29,prof_inter,DE,AL3,voiture,commerce_services,fr,4.66
F,6706,67,H,30-44,artisans,DE,AL3,voiture,commerce_services,fr,4.12
F,6706,67,H,30-44,cadres,CH,SU1,tc,commerce_services,fr,5.13
F,6706,67,H,30-44,cadres,CH,SU8,voiture,industrie,fr,4.89
F,6706,67,H,30-44,cadres,DE,AL3,voiture,commerce_services,fr,10.26
F,6706,67,H,30-44,cadres,autre,ZZZ,voiture,industrie,fr,5.03
F,6706,67,H,30-44,employes,DE,AL3,tc,commerce_services,etr,4.96
F,6706,67,H,30-44,ouvriers,DE,AL3,voiture,commerce_services,fr,12.98
F,6706,67,H,30-44,ouvriers,DE,AL3,voiture,construction,fr,5.05
F,6706,67,H,30-44,ouvriers,DE,AL3,voiture,industrie,fr,17.08
F,6706,67,H,30-44,ouvriers,autre,BE8,voiture,commerce_services,fr,5.09
F,6706,67,H,30-44,prof_inter,DE,AL3,tc,commerce_services,fr,5.14
F,6706,67,H,30-44,prof_inter,DE,AL3,voiture,commerce_services,fr,5.08
F,6706,67,H,30-44,prof_inter,DE,AL3,voiture,industrie,fr,3.68
F,6706,67,H,30-44,prof_inter,DE,ALQ,voiture,commerce_services,fr,10.1
F,6706,67,H,45-54,cadres,CH,SU1,voiture,commerce_services,fr,4.97
F,6706,67,H,45-54,cadres,CH,SU6,voiture,industrie,fr,4.05
F,6706,67,H,45-54,cadres,CH,SU7,voiture,commerce_services,fr,4.81
F,6706,67,H,45-54,cadres,DE,AL1,voiture,commerce_services,fr,4.82
F,6706,67,H,45-54,cadres,DE,AL1,voiture,industrie,fr,5.25
F,6706,67,H,45-54,cadres,DE,AL3,voiture,commerce_services,fr,13.42
F,6706,67,H,45-54,cadres,DE,AL3,voiture,industrie,fr,4.98
F,6706,67,H,45-54,cadres,DE,AL3,voiture,public_sante,fr,5.21
F,6706,67,H,45-54,cadres,autre,LU3,voiture,commerce_services,fr,3.03
F,6706,67,H,45-54,employes,CH,SU9,voiture,commerce_services,fr,5.14
F,6706,67,H,45-54,ouvriers,DE,AL3,voiture,commerce_services,fr,19.58
F,6706,67,H,45-54,ouvriers,DE,AL3,voiture,industrie,fr,9.87
F,6706,67,H,45-54,ouvriers,autre,LU2,voiture,industrie,fr,5.02
F,6706,67,H,45-54,prof_inter,CH,SU9,voiture,commerce_services,fr,5.09
F,6706,67,H,45-54,prof_inter,DE,AL3,voiture,commerce_services,fr,4.97
F,6706,67,H,45-54,prof_inter,DE,ALX,voiture,commerce_services,fr,4.81
F,6706,67,H,55+,cadres,CH,SU6,voiture,industrie,fr,4.03
F,6706,67,H,55+,cadres,DE,AL3,velo,public_sante,etr,3.4
F,6706,67,H,55+,cadres,DE,AL3,voiture,industrie,fr,5.25
F,6706,67,H,55+,cadres,autre,ZZZ,tc,public_sante,etr,4.86
F,6706,67,H,55+,employes,DE,AL3,voiture,commerce_services,fr,9.24
F,6706,67,H,55+,ouvriers,DE,AL3,voiture,commerce_services,etr,4.89
F,6706,67,H,55+,ouvriers,DE,AL3,voiture,commerce_services,fr,9.08
F,6706,67,H,55+,ouvriers,DE,AL3,voiture,construction,fr,10.0
F,6706,67,H,55+,ouvriers,DE,AL3,voiture,industrie,etr,10.07
F,6706,67,H,55+,ouvriers,DE,AL3,voiture,industrie,fr,11.62
F,6706,67,H,55+,prof_inter,DE,AL3,voiture,commerce_services,etr,5.11
F,6706,67,H,55+,prof_inter,DE,AL3,voiture,public_sante,fr,5.25
F,6707,67,F,15-29,cadres,DE,AL3,marche,public_sante,fr,1.36
F,6707,67,F,15-29,cadres,DE,AL3,voiture,commerce_services,fr,1.36
F,6707,67,F,15-29,cadres,autre,ZZZ,aucun,commerce_services,fr,1.36
F,6707,67,F,15-29,employes,CH,SUD,voiture,commerce_services,fr,2.71
F,6707,67,F,15-29,employes,DE,AL3,voiture,commerce_services,etr,16.41
F,6707,67,F,15-29,employes,DE,AL3,voiture,commerce_services,fr,6.06
F,6707,67,F,15-29,ouvriers,DE,AL3,voiture,commerce_services,fr,4.07
F,6707,67,F,15-29,prof_inter,DE,AL3,voiture,commerce_services,etr,9.83
F,6707,67,F,15-29,prof_inter,DE,AL3,voiture,commerce_services,fr,8.18
F,6707,67,F,15-29,prof_inter,DE,AL3,voiture,industrie,fr,1.34
F,6707,67,F,15-29,prof_inter,DE,AL3,voiture,public_sante,fr,8.84
F,6707,67,F,30-44,cadres,DE,AL3,voiture,commerce_services,etr,3.87
F,6707,67,F,30-44,cadres,DE,AL3,voiture,industrie,etr,4.98
F,6707,67,F,30-44,cadres,DE,AL3,voiture,public_sante,etr,2.7
F,6707,67,F,30-44,cadres,autre,ZZZ,tc,commerce_services,fr,3.8
F,6707,67,F,30-44,employes,DE,AL3,tc,commerce_services,etr,1.32
F,6707,67,F,30-44,employes,DE,AL3,voiture,commerce_services,fr,19.47
F,6707,67,F,30-44,employes,DE,AL3,voiture,public_sante,etr,5.08
F,6707,67,F,30-44,employes,DE,ALH,tc,commerce_services,fr,5.21
F,6707,67,F,30-44,ouvriers,DE,AL3,voiture,commerce_services,fr,3.94
F,6707,67,F,30-44,prof_inter,DE,AL3,voiture,commerce_services,etr,1.32
F,6707,67,F,30-44,prof_inter,DE,AL3,voiture,commerce_services,fr,13.7
F,6707,67,F,30-44,prof_inter,DE,AL3,voiture,public_sante,etr,3.52
F,6707,67,F,30-44,prof_inter,DE,AL3,voiture,public_sante,fr,5.07
F,6707,67,F,30-44,prof_inter,autre,ZZZ,aucun,public_sante,etr,3.4
F,6707,67,F,45-54,employes,DE,AL3,aucun,industrie,fr,5.05
F,6707,67,F,45-54,employes,DE,AL3,tc,commerce_services,fr,4.18
F,6707,67,F,45-54,employes,DE,AL3,voiture,commerce_services,fr,6.16
F,6707,67,F,45-54,prof_inter,DE,AL3,voiture,commerce_services,fr,4.98
F,6707,67,F,45-54,prof_inter,DE,AL3,voiture,industrie,fr,9.75
F,6707,67,F,55+,employes,DE,AL3,voiture,commerce_services,etr,10.03
F,6707,67,F,55+,employes,DE,AL3,voiture,commerce_services,fr,12.47
F,6707,67,F,55+,employes,DE,AL3,voiture,public_sante,etr,6.45
F,6707,67,F,55+,employes,DE,AL3,voiture,public_sante,fr,5.08
F,6707,67,F,55+,ouvriers,DE,AL3,tc,construction,fr,6.67
F,6707,67,F,55+,ouvriers,DE,AL3,voiture,commerce_services,fr,13.89
F,6707,67,F,55+,ouvriers,DE,AL6,voiture,industrie,fr,5.13
F,6707,67,F,55+,prof_inter,DE,AL3,voiture,industrie,fr,4.73
F,6707,67,F,55+,prof_inter,DE,AL3,voiture,public_sante,etr,8.57
F,6707,67,H,15-29,artisans,DE,AL3,voiture,commerce_services,fr,1.36
F,6707,67,H,15-29,cadres,DE,AL3,tc,commerce_services,fr,1.36
F,6707,67,H,15-29,cadres,DE,AL3,velo,industrie,fr,1.36
F,6707,67,H,15-29,cadres,DE,AL3,voiture,commerce_services,fr,2.36
F,6707,67,H,15-29,cadres,DE,AL3,voiture,construction,fr,1.36
F,6707,67,H,15-29,cadres,DE,AL3,voiture,industrie,fr,4.93
F,6707,67,H,15-29,cadres,autre,ZZZ,marche,commerce_services,fr,3.58
F,6707,67,H,15-29,employes,DE,AL3,voiture,industrie,fr,5.08
F,6707,67,H,15-29,employes,autre,ZZZ,velo,commerce_services,fr,4.79
F,6707,67,H,15-29,ouvriers,CH,SU6,voiture,agriculture,fr,4.23
F,6707,67,H,15-29,ouvriers,DE,AL3,voiture,commerce_services,etr,1.36
F,6707,67,H,15-29,ouvriers,DE,AL3,voiture,commerce_services,fr,8.77
F,6707,67,H,15-29,ouvriers,DE,AL3,voiture,construction,fr,1.36
F,6707,67,H,15-29,ouvriers,DE,AL3,voiture,industrie,fr,5.1
F,6707,67,H,15-29,ouvriers,DE,AL3,voiture,public_sante,fr,6.67
F,6707,67,H,15-29,prof_inter,CH,SU9,voiture,public_sante,fr,4.73
F,6707,67,H,15-29,prof_inter,DE,AL3,voiture,commerce_services,fr,8.74
F,6707,67,H,15-29,prof_inter,DE,AL3,voiture,industrie,fr,1.36
F,6707,67,H,15-29,prof_inter,DE,AL3,voiture,public_sante,fr,1.41
F,6707,67,H,30-44,artisans,DE,AL3,voiture,commerce_services,etr,5.44
F,6707,67,H,30-44,cadres,DE,AL3,tc,public_sante,etr,1.32
F,6707,67,H,30-44,cadres,DE,AL3,voiture,commerce_services,etr,7.98
F,6707,67,H,30-44,cadres,DE,AL3,voiture,commerce_services,fr,8.41
F,6707,67,H,30-44,cadres,DE,AL3,voiture,industrie,etr,1.34
F,6707,67,H,30-44,cadres,DE,AL3,voiture,industrie,fr,2.43
F,6707,67,H,30-44,cadres,DE,AL3,voiture,public_sante,etr,4.98
F,6707,67,H,30-44,employes,DE,AL3,voiture,industrie,fr,4.18
F,6707,67,H,30-44,ouvriers,CH,SU1,voiture,industrie,fr,3.96
F,6707,67,H,30-44,ouvriers,DE,AL3,voiture,commerce_services,fr,18.69
F,6707,67,H,30-44,ouvriers,DE,AL3,voiture,construction,fr,3.9
F,6707,67,H,30-44,ouvriers,DE,AL3,voiture,industrie,fr,11.44
F,6707,67,H,30-44,prof_inter,CH,SU7,tc,industrie,fr,1.36
F,6707,67,H,30-44,prof_inter,DE,AL3,tc,commerce_services,fr,4.9
F,6707,67,H,30-44,prof_inter,DE,AL3,velo,commerce_services,etr,4.33
F,6707,67,H,30-44,prof_inter,DE,AL3,voiture,commerce_services,etr,4.9
F,6707,67,H,30-44,prof_inter,DE,AL3,voiture,commerce_services,fr,6.24
F,6707,67,H,30-44,prof_inter,DE,AL3,voiture,construction,etr,8.74
F,6707,67,H,30-44,prof_inter,DE,AL3,voiture,industrie,fr,4.78
F,6707,67,H,30-44,prof_inter,DE,AL3,voiture,public_sante,fr,4.0
F,6707,67,H,30-44,prof_inter,autre,ZZZ,marche,industrie,fr,4.18
F,6707,67,H,45-54,artisans,DE,AL3,voiture,industrie,fr,11.61
F,6707,67,H,45-54,cadres,DE,AL3,voiture,commerce_services,fr,3.8
F,6707,67,H,45-54,cadres,DE,AL3,voiture,industrie,etr,3.52
F,6707,67,H,45-54,cadres,DE,AL3,voiture,industrie,fr,27.49
F,6707,67,H,45-54,cadres,DE,ALR,tc,commerce_services,etr,5.03
F,6707,67,H,45-54,cadres,autre,LU3,tc,commerce_services,fr,5.02
F,6707,67,H,45-54,employes,DE,AL3,deux_roues,public_sante,fr,3.58
F,6707,67,H,45-54,employes,DE,AL3,voiture,commerce_services,etr,5.02
F,6707,67,H,45-54,employes,DE,AL3,voiture,commerce_services,fr,9.76
F,6707,67,H,45-54,ouvriers,DE,AL3,voiture,commerce_services,fr,16.25
F,6707,67,H,45-54,ouvriers,DE,AL3,voiture,industrie,fr,8.62
F,6707,67,H,45-54,prof_inter,DE,AL3,tc,industrie,etr,1.32
F,6707,67,H,45-54,prof_inter,DE,AL3,voiture,commerce_services,fr,4.79
F,6707,67,H,45-54,prof_inter,DE,AL3,voiture,industrie,fr,5.16
F,6707,67,H,45-54,prof_inter,DE,AL3,voiture,public_sante,etr,4.9
F,6707,67,H,55+,cadres,CH,SU2,voiture,industrie,etr,5.05
F,6707,67,H,55+,cadres,DE,AL3,tc,public_sante,fr,1.36
F,6707,67,H,55+,cadres,DE,AL3,voiture,commerce_services,etr,4.64
F,6707,67,H,55+,cadres,DE,AL3,voiture,commerce_services,fr,4.73
F,6707,67,H,55+,cadres,DE,AL3,voiture,industrie,fr,5.13
F,6707,67,H,55+,cadres,autre,ZZZ,tc,commerce_services,fr,4.78
F,6707,67,H,55+,ouvriers,DE,AL3,deux_roues,commerce_services,fr,4.73
F,6707,67,H,55+,ouvriers,DE,AL3,voiture,commerce_services,fr,1.32
F,6707,67,H,55+,ouvriers,DE,AL3,voiture,construction,fr,5.05
F,6707,67,H,55+,ouvriers,DE,AL3,voiture,industrie,fr,13.44
F,6707,67,H,55+,ouvriers,DE,AL3,voiture,public_sante,fr,3.44
F,6707,67,H,55+,ouvriers,autre,LU3,voiture,commerce_services,fr,4.67
F,6707,67,H,55+,prof_inter,DE,AL3,voiture,commerce_services,fr,10.37
F,6707,67,H,55+,prof_inter,DE,AL3,voiture,industrie,fr,9.41
F,6707,67,H,55+,prof_inter,DE,AL3,voiture,public_sante,etr,5.13
F,6707,67,H,55+,prof_inter,DE,AL3,voiture,public_sante,fr,4.98
F,6708,67,F,15-29,employes,DE,AL1,voiture,commerce_services,etr,5.06
F,6708,67,F,15-29,employes,DE,AL1,voiture,commerce_services,fr,4.93
F,6708,67,F,15-29,prof_inter,CH,SUA,tc,public_sante,fr,5.07
F,6708,67,F,30-44,artisans,DE,AL3,voiture,commerce_services,fr,4.48
F,6708,67,F,30-44,cadres,DE,AL1,voiture,commerce_services,etr,4.92
F,6708,67,F,30-44,cadres,DE,AL1,voiture,public_sante,etr,5.06
F,6708,67,F,30-44,cadres,DE,AL3,voiture,commerce_services,fr,10.03
F,6708,67,F,30-44,employes,DE,AL1,voiture,commerce_services,fr,19.65
F,6708,67,F,30-44,employes,DE,AL1,voiture,industrie,fr,5.06
F,6708,67,F,30-44,employes,DE,AL1,voiture,public_sante,fr,4.94
F,6708,67,F,30-44,ouvriers,DE,AL1,voiture,industrie,fr,5.16
F,6708,67,F,30-44,prof_inter,DE,AL1,voiture,public_sante,etr,4.8
F,6708,67,F,45-54,cadres,DE,AL1,voiture,commerce_services,fr,4.94
F,6708,67,F,45-54,cadres,DE,AL1,voiture,public_sante,etr,4.76
F,6708,67,F,45-54,employes,CH,SU6,tc,public_sante,etr,4.99
F,6708,67,F,45-54,employes,DE,AL1,voiture,commerce_services,fr,19.51
F,6708,67,F,45-54,employes,DE,AL1,voiture,industrie,fr,4.93
F,6708,67,F,45-54,employes,DE,AL1,voiture,public_sante,fr,4.96
F,6708,67,F,45-54,employes,DE,AL3,voiture,industrie,etr,4.82
F,6708,67,F,45-54,ouvriers,DE,AL1,voiture,industrie,fr,4.62
F,6708,67,F,45-54,ouvriers,DE,AL3,tc,public_sante,fr,4.86
F,6708,67,F,45-54,ouvriers,DE,AL3,voiture,commerce_services,fr,5.09
F,6708,67,F,45-54,prof_inter,DE,AL1,voiture,industrie,etr,5.15
F,6708,67,F,55+,employes,DE,AL1,voiture,commerce_services,fr,5.08
F,6708,67,F,55+,employes,DE,AL3,voiture,industrie,etr,4.55
F,6708,67,F,55+,prof_inter,CH,SU9,voiture,commerce_services,fr,5.17
F,6708,67,F,55+,prof_inter,DE,AL1,voiture,industrie,fr,5.07
F,6708,67,H,15-29,ouvriers,DE,AL1,voiture,commerce_services,fr,4.96
F,6708,67,H,15-29,ouvriers,DE,AL1,voiture,industrie,fr,15.32
F,6708,67,H,15-29,ouvriers,DE,AL2,voiture,agriculture,fr,4.51
F,6708,67,H,15-29,ouvriers,DE,AL2,voiture,industrie,fr,4.02
F,6708,67,H,15-29,ouvriers,DE,AL3,voiture,commerce_services,fr,5.04
F,6708,67,H,15-29,ouvriers,DE,AL3,voiture,construction,fr,4.96
F,6708,67,H,15-29,prof_inter,DE,AL2,voiture,construction,fr,4.92
F,6708,67,H,15-29,prof_inter,DE,AL3,voiture,construction,fr,5.01
F,6708,67,H,30-44,artisans,DE,AL1,voiture,commerce_services,etr,5.06
F,6708,67,H,30-44,ouvriers,DE,AL1,voiture,commerce_services,etr,4.82
F,6708,67,H,30-44,ouvriers,DE,AL1,voiture,commerce_services,fr,13.68
F,6708,67,H,30-44,ouvriers,DE,AL1,voiture,construction,fr,5.06
F,6708,67,H,30-44,ouvriers,DE,AL1,voiture,industrie,fr,20.28
F,6708,67,H,30-44,ouvriers,DE,AL3,voiture,commerce_services,fr,9.36
F,6708,67,H,30-44,ouvriers,DE,AL3,voiture,construction,fr,5.04
F,6708,67,H,30-44,ouvriers,DE,AL3,voiture,industrie,fr,4.52
F,6708,67,H,30-44,ouvriers,autre,LU3,voiture,commerce_services,fr,4.92
F,6708,67,H,30-44,ouvriers,autre,LU3,voiture,industrie,fr,4.98
F,6708,67,H,30-44,prof_inter,DE,AL1,voiture,commerce_services,etr,4.8
F,6708,67,H,30-44,prof_inter,DE,AL1,voiture,industrie,fr,4.9
F,6708,67,H,30-44,prof_inter,DE,AL3,voiture,industrie,fr,4.99
F,6708,67,H,45-54,cadres,DE,AL1,voiture,industrie,fr,4.82
F,6708,67,H,45-54,cadres,DE,AL1,voiture,public_sante,etr,5.06
F,6708,67,H,45-54,cadres,autre,BE5,voiture,commerce_services,fr,5.23
F,6708,67,H,45-54,employes,DE,AL1,voiture,commerce_services,fr,5.04
F,6708,67,H,45-54,employes,DE,AL3,voiture,commerce_services,etr,4.99
F,6708,67,H,45-54,ouvriers,DE,AL1,voiture,commerce_services,fr,9.74
F,6708,67,H,45-54,ouvriers,DE,AL1,voiture,construction,fr,9.96
F,6708,67,H,45-54,ouvriers,DE,AL1,voiture,industrie,fr,28.82
F,6708,67,H,45-54,ouvriers,DE,AL2,voiture,industrie,fr,10.26
F,6708,67,H,45-54,ouvriers,DE,AL3,voiture,construction,fr,15.04
F,6708,67,H,45-54,ouvriers,DE,AL3,voiture,industrie,fr,40.28
F,6708,67,H,45-54,prof_inter,DE,AL1,voiture,industrie,etr,4.91
F,6708,67,H,45-54,prof_inter,DE,AL1,voiture,industrie,fr,4.93
F,6708,67,H,45-54,prof_inter,DE,AL3,voiture,commerce_services,fr,9.77
F,6708,67,H,45-54,prof_inter,DE,AL3,voiture,industrie,fr,5.01
F,6708,67,H,45-54,prof_inter,DE,ALX,voiture,construction,fr,4.98
F,6708,67,H,55+,artisans,DE,AL1,voiture,commerce_services,etr,5.25
F,6708,67,H,55+,artisans,DE,AL3,voiture,commerce_services,fr,4.93
F,6708,67,H,55+,cadres,DE,AL1,voiture,commerce_services,fr,9.66
F,6708,67,H,55+,cadres,DE,AL1,voiture,construction,fr,9.85
F,6708,67,H,55+,cadres,DE,AL1,voiture,industrie,fr,10.19
F,6708,67,H,55+,employes,DE,AL3,voiture,industrie,etr,4.55
F,6708,67,H,55+,ouvriers,DE,AL1,voiture,commerce_services,fr,15.01
F,6708,67,H,55+,ouvriers,DE,AL1,voiture,construction,fr,4.86
F,6708,67,H,55+,ouvriers,DE,AL1,voiture,industrie,fr,24.57
F,6708,67,H,55+,ouvriers,DE,AL3,voiture,commerce_services,fr,10.17
F,6708,67,H,55+,ouvriers,DE,AL3,voiture,construction,fr,9.46
F,6708,67,H,55+,ouvriers,DE,AL3,voiture,industrie,etr,4.94
F,6708,67,H,55+,ouvriers,DE,AL3,voiture,industrie,fr,4.78
F,6708,67,H,55+,prof_inter,CH,SU6,tc,commerce_services,fr,5.06
F,6708,67,H,55+,prof_inter,DE,AL1,voiture,commerce_services,fr,4.92
F,6708,67,H,55+,prof_inter,DE,AL3,voiture,construction,fr,4.94
F,6709,67,F,15-29,cadres,DE,AL3,velo,commerce_services,fr,4.46
F,6709,67,F,15-29,cadres,DE,AL3,voiture,public_sante,etr,4.96
F,6709,67,F,15-29,cadres,autre,LU3,tc,commerce_services,fr,4.62
F,6709,67,F,15-29,employes,DE,AL3,voiture,commerce_services,fr,4.84
F,6709,67,F,15-29,employes,DE,AL3,voiture,industrie,fr,1.51
F,6709,67,F,15-29,employes,DE,AL3,voiture,public_sante,fr,9.89
F,6709,67,F,15-29,employes,autre,LU3,voiture,commerce_services,fr,3.21
F,6709,67,F,15-29,employes,autre,ZZZ,aucun,commerce_services,fr,8.68
F,6709,67,F,15-29,prof_inter,DE,AL3,tc,public_sante,etr,4.22
F,6709,67,F,15-29,prof_inter,DE,AL3,tc,public_sante,fr,4.4
F,6709,67,F,15-29,prof_inter,DE,AL3,voiture,public_sante,fr,6.53
F,6709,67,F,30-44,cadres,DE,AL3,voiture,public_sante,fr,4.99
F,6709,67,F,30-44,employes,DE,AL3,voiture,commerce_services,etr,15.19
F,6709,67,F,30-44,employes,DE,AL3,voiture,commerce_services,fr,4.96
F,6709,67,F,30-44,prof_inter,DE,AL3,voiture,commerce_services,etr,4.58
F,6709,67,F,30-44,prof_inter,DE,AL3,voiture,industrie,fr,9.68
F,6709,67,F,30-44,prof_inter,DE,AL3,voiture,public_sante,etr,9.99
F,6709,67,F,30-44,prof_inter,DE,AL3,voiture,public_sante,fr,4.92
F,6709,67,F,30-44,prof_inter,autre,ZZZ,aucun,commerce_services,etr,4.94
F,6709,67,F,45-54,cadres,CH,SU1,voiture,industrie,fr,5.07
F,6709,67,F,45-54,cadres,DE,AL1,voiture,commerce_services,fr,5.07
F,6709,67,F,45-54,cadres,DE,AL3,voiture,commerce_services,fr,4.96
F,6709,67,F,45-54,employes,DE,AL3,voiture,commerce_services,fr,18.53
F,6709,67,F,45-54,employes,DE,AL3,voiture,public_sante,etr,4.99
F,6709,67,F,45-54,ouvriers,DE,AL3,voiture,commerce_services,fr,1.51
F,6709,67,F,45-54,ouvriers,DE,AL3,voiture,industrie,fr,4.96
F,6709,67,F,45-54,prof_inter,DE,AL3,tc,public_sante,etr,3.65
F,6709,67,F,45-54,prof_inter,DE,AL3,voiture,public_sante,etr,1.23
F,6709,67,F,55+,cadres,DE,AL3,voiture,commerce_services,etr,4.84
F,6709,67,F,55+,employes,DE,AL3,voiture,commerce_services,fr,14.88
F,6709,67,F,55+,ouvriers,DE,AL3,voiture,commerce_services,fr,4.93
F,6709,67,F,55+,prof_inter,DE,AL3,voiture,industrie,fr,5.03
F,6709,67,H,15-29,cadres,DE,AL3,velo,commerce_services,fr,3.65
F,6709,67,H,15-29,cadres,DE,AL3,voiture,commerce_services,fr,3.5
F,6709,67,H,15-29,ouvriers,DE,AL3,velo,commerce_services,fr,4.93
F,6709,67,H,15-29,ouvriers,DE,AL3,voiture,commerce_services,fr,4.96
F,6709,67,H,15-29,prof_inter,DE,AL3,voiture,construction,etr,4.91
F,6709,67,H,15-29,prof_inter,DE,AL3,voiture,industrie,fr,1.51
F,6709,67,H,15-29,prof_inter,DE,AL3,voiture,public_sante,fr,1.51
F,6709,67,H,30-44,agriculteurs,DE,AL3,voiture,industrie,fr,5.33
F,6709,67,H,30-44,cadres,CH,SU6,tc,industrie,fr,5.07
F,6709,67,H,30-44,cadres,DE,AL3,voiture,commerce_services,fr,10.16
F,6709,67,H,30-44,cadres,DE,AL3,voiture,industrie,etr,4.05
F,6709,67,H,30-44,cadres,DE,AL3,voiture,industrie,fr,4.99
F,6709,67,H,30-44,ouvriers,DE,AL3,voiture,commerce_services,fr,21.21
F,6709,67,H,30-44,ouvriers,DE,AL3,voiture,industrie,etr,4.97
F,6709,67,H,30-44,ouvriers,DE,AL3,voiture,industrie,fr,15.02
F,6709,67,H,30-44,prof_inter,DE,AL3,tc,commerce_services,fr,4.0
F,6709,67,H,30-44,prof_inter,DE,AL3,voiture,commerce_services,etr,1.51
F,6709,67,H,30-44,prof_inter,DE,AL3,voiture,industrie,fr,5.77
F,6709,67,H,30-44,prof_inter,DE,AL3,voiture,public_sante,fr,5.46
F,6709,67,H,45-54,cadres,CH,SU6,tc,industrie,fr,9.92
F,6709,67,H,45-54,cadres,CH,SU6,voiture,public_sante,fr,5.03
F,6709,67,H,45-54,cadres,CH,SU9,voiture,commerce_services,fr,4.99
F,6709,67,H,45-54,cadres,DE,AL3,voiture,commerce_services,fr,9.68
F,6709,67,H,45-54,cadres,DE,AL3,voiture,public_sante,fr,4.96
F,6709,67,H,45-54,cadres,autre,BE5,tc,public_sante,etr,4.43
F,6709,67,H,45-54,cadres,autre,LU3,voiture,construction,fr,5.07
F,6709,67,H,45-54,employes,DE,AL3,voiture,public_sante,fr,5.02
F,6709,67,H,45-54,ouvriers,DE,AL3,velo,commerce_services,fr,1.23
F,6709,67,H,45-54,ouvriers,DE,AL3,velo,industrie,fr,4.92
F,6709,67,H,45-54,ouvriers,DE,AL3,voiture,commerce_services,etr,1.23
F,6709,67,H,45-54,ouvriers,DE,AL3,voiture,commerce_services,fr,16.19
F,6709,67,H,45-54,ouvriers,DE,AL3,voiture,construction,fr,4.35
F,6709,67,H,45-54,ouvriers,DE,AL3,voiture,industrie,fr,3.21
F,6709,67,H,45-54,prof_inter,DE,AL3,voiture,construction,fr,1.23
F,6709,67,H,45-54,prof_inter,DE,AL3,voiture,industrie,fr,9.88
F,6709,67,H,55+,employes,CH,SU6,tc,commerce_services,etr,5.61
F,6709,67,H,55+,employes,DE,AL3,voiture,commerce_services,etr,4.96
F,6709,67,H,55+,employes,DE,AL3,voiture,commerce_services,fr,3.21
F,6709,67,H,55+,ouvriers,DE,AL3,voiture,commerce_services,fr,31.09
F,6709,67,H,55+,ouvriers,DE,AL3,voiture,construction,fr,4.97
F,6709,67,H,55+,ouvriers,DE,AL3,voiture,industrie,fr,29.45
F,6709,67,H,55+,prof_inter,DE,AL3,voiture,commerce_services,fr,4.98
F,6709,67,H,55+,prof_inter,DE,AL3,voiture,construction,fr,4.65
F,6710,67,F,15-29,employes,CH,SUC,voiture,commerce_services,fr,4.93
F,6710,67,F,15-29,prof_inter,DE,AL3,voiture,commerce_services,fr,9.93
F,6710,67,F,30-44,cadres,CH,SU6,voiture,commerce_services,fr,5.1
F,6710,67,F,30-44,employes,DE,AL1,voiture,commerce_services,fr,10.38
F,6710,67,F,30-44,employes,DE,AL3,voiture,commerce_services,etr,5.01
F,6710,67,F,30-44,employes,DE,AL3,voiture,commerce_services,fr,4.91
F,6710,67,F,30-44,ouvriers,DE,AL3,voiture,commerce_services,fr,4.94
F,6710,67,F,45-54,employes,DE,AL3,voiture,commerce_services,etr,14.87
F,6710,67,F,45-54,employes,DE,AL3,voiture,commerce_services,fr,5.01
F,6710,67,F,55+,ouvriers,DE,AL3,marche,public_sante,fr,4.8
F,6710,67,F,55+,prof_inter,DE,AL3,voiture,commerce_services,etr,4.85
F,6710,67,H,15-29,ouvriers,CH,SU6,voiture,commerce_services,fr,5.03
F,6710,67,H,15-29,ouvriers,DE,AL3,tc,commerce_services,fr,3.99
F,6710,67,H,15-29,ouvriers,DE,AL3,voiture,industrie,fr,5.1
F,6710,67,H,15-29,prof_inter,DE,AL3,voiture,commerce_services,etr,4.85
F,6710,67,H,15-29,prof_inter,DE,AL3,voiture,commerce_services,fr,4.97
F,6710,67,H,15-29,prof_inter,autre,ZZZ,voiture,construction,fr,4.51
F,6710,67,H,30-44,cadres,CH,SU6,voiture,industrie,fr,4.86
F,6710,67,H,30-44,cadres,CH,SU7,voiture,industrie,fr,4.98
F,6710,67,H,30-44,cadres,DE,AL3,voiture,commerce_services,etr,4.89
F,6710,67,H,30-44,cadres,DE,AL3,voiture,industrie,fr,5.01
F,6710,67,H,30-44,ouvriers,CH,SUD,voiture,industrie,fr,5.05
F,6710,67,H,30-44,ouvriers,DE,AL3,voiture,commerce_services,fr,14.03
F,6710,67,H,30-44,ouvriers,DE,AL3,voiture,industrie,fr,19.85
F,6710,67,H,30-44,prof_inter,DE,AL3,voiture,commerce_services,fr,4.81
F,6710,67,H,45-54,cadres,CH,SU8,voiture,commerce_services,fr,5.36
F,6710,67,H,45-54,cadres,CH,SU9,voiture,commerce_services,fr,5.01
F,6710,67,H,45-54,cadres,DE,AL3,voiture,commerce_services,fr,4.38
F,6710,67,H,45-54,cadres,DE,AL3,voiture,construction,etr,4.99
F,6710,67,H,45-54,cadres,DE,ALN,voiture,commerce_services,fr,9.7
F,6710,67,H,45-54,cadres,autre,ZZZ,voiture,commerce_services,fr,4.94
F,6710,67,H,45-54,employes,DE,AL3,voiture,commerce_services,fr,10.02
F,6710,67,H,45-54,ouvriers,CH,SU6,voiture,commerce_services,fr,5.17
F,6710,67,H,45-54,ouvriers,DE,AL1,voiture,industrie,fr,4.76
F,6710,67,H,45-54,ouvriers,DE,AL3,voiture,commerce_services,fr,4.8
F,6710,67,H,45-54,ouvriers,DE,AL3,voiture,industrie,fr,5.01
F,6710,67,H,45-54,prof_inter,DE,AL3,voiture,commerce_services,fr,14.05
F,6710,67,H,45-54,prof_inter,DE,AL3,voiture,industrie,fr,4.96
F,6710,67,H,55+,artisans,DE,AL3,voiture,commerce_services,fr,4.8
F,6710,67,H,55+,cadres,CH,SU1,voiture,commerce_services,fr,5.08
F,6710,67,H,55+,cadres,CH,SU6,tc,commerce_services,fr,4.98
F,6710,67,H,55+,cadres,CH,SU6,voiture,commerce_services,fr,5.14
F,6710,67,H,55+,cadres,DE,AL1,voiture,industrie,etr,4.38
F,6710,67,H,55+,cadres,DE,AL3,voiture,commerce_services,fr,4.98
F,6710,67,H,55+,cadres,DE,AL3,voiture,industrie,fr,4.98
F,6710,67,H,55+,cadres,autre,ZZZ,voiture,commerce_services,etr,4.97
F,6710,67,H,55+,ouvriers,CH,SU6,aucun,commerce_services,fr,4.99
F,6710,67,H,55+,ouvriers,DE,AL3,voiture,commerce_services,fr,5.07
F,6710,67,H,55+,ouvriers,DE,AL3,voiture,industrie,fr,19.96
F,6710,67,H,55+,prof_inter,DE,AL3,voiture,commerce_services,etr,4.96
F,6710,67,H,55+,prof_inter,DE,AL3,voiture,commerce_services,fr,9.85
F,6710,67,H,55+,prof_inter,DE,AL3,voiture,industrie,fr,10.02
F,6711,67,F,15-29,ouvriers,DE,AL3,voiture,commerce_services,fr,10.4
F,6711,67,F,15-29,ouvriers,DE,AL3,voiture,industrie,fr,4.69
F,6711,67,F,30-44,prof_inter,CH,SUD,voiture,public_sante,fr,5.1
F,6711,67,F,30-44,prof_inter,DE,AL3,voiture,commerce_services,fr,4.85
F,6711,67,F,45-54,artisans,DE,ALA,voiture,commerce_services,etr,5.0
F,6711,67,F,45-54,cadres,CH,SU9,voiture,public_sante,fr,4.98
F,6711,67,F,45-54,employes,DE,AL3,voiture,commerce_services,etr,5.24
F,6711,67,F,45-54,prof_inter,CH,SU7,voiture,public_sante,fr,5.21
F,6711,67,F,45-54,prof_inter,DE,AL3,voiture,public_sante,etr,4.78
F,6711,67,F,55+,artisans,DE,AL3,voiture,public_sante,fr,5.13
F,6711,67,F,55+,cadres,DE,AL3,tc,commerce_services,fr,4.89
F,6711,67,F,55+,cadres,DE,AL3,voiture,industrie,fr,4.78
F,6711,67,F,55+,prof_inter,CH,SU6,voiture,commerce_services,fr,4.82
F,6711,67,H,15-29,ouvriers,DE,AL3,voiture,industrie,fr,10.13
F,6711,67,H,15-29,prof_inter,DE,AL3,voiture,commerce_services,fr,5.01
F,6711,67,H,30-44,artisans,DE,AL3,voiture,public_sante,fr,4.85
F,6711,67,H,30-44,cadres,CH,SU6,tc,construction,fr,4.55
F,6711,67,H,30-44,cadres,DE,AL3,voiture,commerce_services,fr,4.89
F,6711,67,H,30-44,cadres,DE,AL3,voiture,public_sante,etr,5.44
F,6711,67,H,30-44,ouvriers,CH,SUA,voiture,commerce_services,fr,4.92
F,6711,67,H,30-44,ouvriers,CH,SUC,voiture,commerce_services,fr,5.47
F,6711,67,H,30-44,ouvriers,DE,AL3,voiture,commerce_services,fr,5.72
F,6711,67,H,30-44,prof_inter,DE,AL3,voiture,commerce_services,etr,5.42
F,6711,67,H,30-44,prof_inter,DE,AL3,voiture,commerce_services,fr,5.05
F,6711,67,H,45-54,cadres,CH,SU9,voiture,commerce_services,fr,4.98
F,6711,67,H,45-54,employes,DE,AL3,voiture,public_sante,etr,5.0
F,6711,67,H,45-54,ouvriers,DE,AL3,voiture,commerce_services,fr,9.94
F,6711,67,H,45-54,ouvriers,DE,AL3,voiture,construction,fr,5.1
F,6711,67,H,45-54,ouvriers,DE,AL3,voiture,industrie,fr,9.4
F,6711,67,H,45-54,prof_inter,CH,SU2,voiture,commerce_services,fr,4.99
F,6711,67,H,45-54,prof_inter,DE,AL3,voiture,commerce_services,fr,9.81
F,6711,67,H,45-54,prof_inter,DE,AL3,voiture,industrie,fr,5.15
F,6711,67,H,55+,cadres,CH,SUC,voiture,commerce_services,fr,4.81
F,6711,67,H,55+,cadres,DE,AL3,voiture,commerce_services,fr,5.21
F,6711,67,H,55+,employes,DE,AL3,voiture,commerce_services,fr,10.51
F,6711,67,H,55+,ouvriers,CH,SU2,voiture,commerce_services,fr,4.89
F,6711,67,H,55+,ouvriers,DE,AL3,voiture,construction,fr,10.21
F,6711,67,H,55+,ouvriers,DE,AL3,voiture,industrie,fr,15.25
F,6711,67,H,55+,ouvriers,DE,ALI,voiture,public_sante,fr,5.07
F,6711,67,H,55+,prof_inter,DE,AL3,voiture,industrie,fr,4.82
F,6712,67,F,15-29,employes,DE,AL3,voiture,commerce_services,fr,10.88
F,6712,67,F,15-29,employes,DE,AL3,voiture,industrie,fr,4.16
F,6712,67,F,30-44,cadres,CH,SUB,voiture,industrie,fr,5.33
F,6712,67,F,30-44,cadres,DE,AL3,voiture,commerce_services,fr,10.08
F,6712,67,F,30-44,employes,DE,AL3,tc,industrie,etr,3.78
F,6712,67,F,30-44,employes,DE,AL3,voiture,commerce_services,etr,9.77
F,6712,67,F,30-44,prof_inter,CH,SU1,voiture,commerce_services,fr,5.06
F,6712,67,F,30-44,prof_inter,DE,AL3,voiture,commerce_services,etr,5.11
F,6712,67,F,45-54,cadres,CH,SU6,tc,commerce_services,fr,5.03
F,6712,67,F,45-54,cadres,CH,SU6,voiture,commerce_services,fr,5.33
F,6712,67,F,45-54,cadres,DE,AL3,voiture,commerce_services,fr,5.17
F,6712,67,F,45-54,employes,DE,AL3,voiture,commerce_services,etr,5.11
F,6712,67,F,45-54,employes,DE,AL3,voiture,commerce_services,fr,9.75
F,6712,67,F,45-54,ouvriers,DE,AL3,voiture,commerce_services,etr,5.33
F,6712,67,F,45-54,ouvriers,DE,AL3,voiture,commerce_services,fr,3.91
F,6712,67,F,45-54,ouvriers,DE,AL3,voiture,industrie,fr,6.37
F,6712,67,F,45-54,prof_inter,DE,AL3,tc,commerce_services,etr,5.03
F,6712,67,F,55+,employes,DE,AL3,voiture,commerce_services,fr,4.63
F,6712,67,H,15-29,ouvriers,DE,AL3,voiture,commerce_services,fr,6.12
F,6712,67,H,15-29,prof_inter,CH,SU1,voiture,agriculture,fr,3.54
F,6712,67,H,15-29,prof_inter,DE,AL3,voiture,commerce_services,fr,4.68
F,6712,67,H,15-29,prof_inter,DE,AL3,voiture,public_sante,fr,5.04
F,6712,67,H,30-44,cadres,CH,SU1,voiture,construction,fr,3.54
F,6712,67,H,30-44,cadres,DE,AL3,voiture,commerce_services,fr,8.98
F,6712,67,H,30-44,cadres,DE,AL3,voiture,industrie,fr,9.45
F,6712,67,H,30-44,employes,CH,SUA,marche,commerce_services,fr,5.09
F,6712,67,H,30-44,employes,DE,AL3,voiture,construction,fr,5.05
F,6712,67,H,30-44,ouvriers,DE,AL3,voiture,commerce_services,etr,4.97
F,6712,67,H,30-44,ouvriers,DE,AL3,voiture,commerce_services,fr,12.38
F,6712,67,H,30-44,ouvriers,DE,AL3,voiture,industrie,fr,7.53
F,6712,67,H,30-44,prof_inter,CH,SU5,voiture,commerce_services,fr,5.06
F,6712,67,H,30-44,prof_inter,CH,SU6,voiture,industrie,fr,4.94
F,6712,67,H,30-44,prof_inter,DE,AL3,voiture,commerce_services,fr,5.33
F,6712,67,H,30-44,prof_inter,DE,AL3,voiture,public_sante,fr,5.33
F,6712,67,H,45-54,cadres,CH,SU1,voiture,commerce_services,etr,4.0
F,6712,67,H,45-54,cadres,CH,SU5,voiture,commerce_services,fr,4.87
F,6712,67,H,45-54,cadres,DE,AL3,voiture,commerce_services,fr,9.73
F,6712,67,H,45-54,cadres,DE,AL3,voiture,industrie,fr,4.81
F,6712,67,H,45-54,cadres,DE,AL3,voiture,public_sante,etr,4.76
F,6712,67,H,45-54,ouvriers,CH,SUD,voiture,industrie,fr,4.98
F,6712,67,H,45-54,ouvriers,DE,AL3,voiture,commerce_services,fr,7.57
F,6712,67,H,45-54,ouvriers,DE,AL3,voiture,industrie,fr,18.84
F,6712,67,H,45-54,prof_inter,DE,AL3,voiture,commerce_services,fr,5.09
F,6712,67,H,45-54,prof_inter,DE,AL3,voiture,construction,fr,4.76
F,6712,67,H,45-54,prof_inter,DE,AL3,voiture,industrie,fr,4.9
F,6712,67,H,55+,artisans,DE,AL3,voiture,commerce_services,fr,5.16
F,6712,67,H,55+,cadres,CH,SU2,voiture,commerce_services,fr,4.9
F,6712,67,H,55+,cadres,CH,SU6,voiture,commerce_services,fr,4.63
F,6712,67,H,55+,cadres,DE,AL3,voiture,commerce_services,etr,4.63
F,6712,67,H,55+,cadres,DE,AL3,voiture,industrie,fr,3.73
F,6712,67,H,55+,cadres,DE,AL3,voiture,public_sante,etr,5.11
F,6712,67,H,55+,ouvriers,DE,AL3,voiture,construction,fr,5.04
F,6712,67,H,55+,ouvriers,DE,AL3,voiture,industrie,fr,20.06
F,6712,67,H,55+,prof_inter,DE,AL3,voiture,industrie,fr,9.74
F,6713,67,F,15-29,cadres,CH,SU4,voiture,industrie,fr,5.05
F,6713,67,F,15-29,cadres,autre,LU3,tc,commerce_services,fr,5.13
F,6713,67,F,15-29,employes,DE,AL2,voiture,public_sante,etr,5.03
F,6713,67,F,15-29,employes,DE,AL3,voiture,commerce_services,fr,4.74
F,6713,67,F,15-29,ouvriers,DE,AL2,voiture,commerce_services,fr,4.88
F,6713,67,F,15-29,ouvriers,DE,AL2,voiture,industrie,fr,5.05
F,6713,67,F,15-29,ouvriers,DE,AL3,voiture,industrie,fr,5.18
F,6713,67,F,15-29,prof_inter,DE,AL3,tc,industrie,fr,4.94
F,6713,67,F,15-29,prof_inter,DE,AL3,voiture,commerce_services,etr,6.28
F,6713,67,F,15-29,prof_inter,DE,AL3,voiture,commerce_services,fr,5.04
F,6713,67,F,15-29,prof_inter,DE,AL3,voiture,public_sante,fr,10.02
F,6713,67,F,30-44,cadres,DE,AL3,voiture,public_sante,etr,6.28
F,6713,67,F,30-44,employes,DE,AL3,voiture,commerce_services,etr,17.54
F,6713,67,F,30-44,employes,DE,AL3,voiture,commerce_services,fr,9.65
F,6713,67,F,30-44,ouvriers,DE,AL2,voiture,industrie,etr,4.74
F,6713,67,F,30-44,ouvriers,DE,AL3,voiture,commerce_services,fr,5.05
F,6713,67,F,30-44,ouvriers,DE,AL3,voiture,industrie,fr,4.94
F,6713,67,F,30-44,prof_inter,DE,AL2,voiture,public_sante,fr,5.04
F,6713,67,F,30-44,prof_inter,DE,AL3,voiture,commerce_services,fr,9.91
F,6713,67,F,30-44,prof_inter,DE,AL3,voiture,industrie,fr,5.35
F,6713,67,F,45-54,cadres,DE,AL2,voiture,industrie,etr,4.63
F,6713,67,F,45-54,cadres,DE,AL3,voiture,commerce_services,etr,6.28
F,6713,67,F,45-54,employes,DE,AL2,voiture,commerce_services,fr,5.04
F,6713,67,F,45-54,employes,DE,AL3,voiture,commerce_services,fr,10.14
F,6713,67,F,45-54,employes,DE,AL3,voiture,industrie,etr,5.28
F,6713,67,F,45-54,ouvriers,DE,AL2,voiture,industrie,fr,9.95
F,6713,67,F,45-54,ouvriers,DE,AL3,voiture,industrie,fr,4.98
F,6713,67,F,45-54,prof_inter,DE,AL2,voiture,industrie,fr,4.33
F,6713,67,F,45-54,prof_inter,DE,AL3,voiture,commerce_services,fr,5.07
F,6713,67,F,45-54,prof_inter,DE,AL3,voiture,industrie,fr,5.02
F,6713,67,F,45-54,prof_inter,DE,AL3,voiture,public_sante,fr,5.05
F,6713,67,F,55+,cadres,DE,AL3,voiture,commerce_services,etr,6.28
F,6713,67,F,55+,cadres,DE,AL3,voiture,public_sante,etr,5.03
F,6713,67,F,55+,employes,DE,AL2,voiture,commerce_services,fr,4.79
F,6713,67,F,55+,employes,DE,AL3,voiture,commerce_services,etr,5.17
F,6713,67,F,55+,employes,DE,AL3,voiture,commerce_services,fr,10.01
F,6713,67,F,55+,employes,DE,AL3,voiture,industrie,etr,5.03
F,6713,67,F,55+,ouvriers,CH,SUA,voiture,commerce_services,fr,5.37
F,6713,67,F,55+,ouvriers,DE,AL3,voiture,commerce_services,fr,10.14
F,6713,67,F,55+,ouvriers,DE,AL3,voiture,industrie,etr,4.91
F,6713,67,F,55+,ouvriers,DE,AL3,voiture,industrie,fr,4.81
F,6713,67,F,55+,prof_inter,DE,AL3,voiture,commerce_services,etr,5.17
F,6713,67,F,55+,prof_inter,DE,AL3,voiture,public_sante,etr,9.97
F,6713,67,F,55+,prof_inter,DE,AL3,voiture,public_sante,fr,5.02
F,6713,67,H,15-29,cadres,DE,AL3,voiture,commerce_services,etr,6.28
F,6713,67,H,15-29,cadres,DE,AL3,voiture,commerce_services,fr,14.79
F,6713,67,H,15-29,cadres,autre,LU3,voiture,commerce_services,fr,5.53
F,6713,67,H,15-29,ouvriers,DE,AL2,voiture,industrie,fr,4.99
F,6713,67,H,15-29,ouvriers,DE,AL3,voiture,commerce_services,fr,5.08
F,6713,67,H,15-29,ouvriers,DE,AL3,voiture,construction,fr,4.74
F,6713,67,H,15-29,ouvriers,DE,AL3,voiture,industrie,fr,5.02
F,6713,67,H,15-29,ouvriers,DE,ALX,voiture,industrie,fr,4.88
F,6713,67,H,15-29,prof_inter,DE,AL2,voiture,construction,fr,4.91
F,6713,67,H,15-29,prof_inter,DE,AL3,voiture,commerce_services,etr,6.28
F,6713,67,H,15-29,prof_inter,DE,AL3,voiture,commerce_services,fr,4.99
F,6713,67,H,15-29,prof_inter,DE,AL3,voiture,construction,etr,9.92
F,6713,67,H,30-44,cadres,CH,SU7,tc,industrie,fr,5.07
F,6713,67,H,30-44,cadres,DE,AL3,voiture,commerce_services,etr,6.28
F,6713,67,H,30-44,cadres,DE,AL3,voiture,industrie,fr,9.28
F,6713,67,H,30-44,cadres,autre,LU3,voiture,commerce_services,fr,5.07
F,6713,67,H,30-44,cadres,autre,ZZZ,voiture,commerce_services,fr,5.18
F,6713,67,H,30-44,employes,DE,AL3,voiture,commerce_services,fr,9.95
F,6713,67,H,30-44,employes,DE,AL3,voiture,industrie,fr,5.05
F,6713,67,H,30-44,ouvriers,DE,AL2,voiture,commerce_services,fr,9.71
F,6713,67,H,30-44,ouvriers,DE,AL2,voiture,industrie,fr,5.28
F,6713,67,H,30-44,ouvriers,DE,AL3,voiture,commerce_services,etr,4.79
F,6713,67,H,30-44,ouvriers,DE,AL3,voiture,commerce_services,fr,45.69
F,6713,67,H,30-44,ouvriers,DE,AL3,voiture,construction,fr,24.37
F,6713,67,H,30-44,ouvriers,DE,AL3,voiture,industrie,fr,75.32
F,6713,67,H,30-44,ouvriers,DE,AL3,voiture,public_sante,fr,4.75
F,6713,67,H,30-44,prof_inter,DE,AL2,voiture,commerce_services,etr,5.18
F,6713,67,H,30-44,prof_inter,DE,AL3,voiture,construction,fr,16.71
F,6713,67,H,30-44,prof_inter,DE,AL3,voiture,industrie,fr,16.58
F,6713,67,H,45-54,artisans,DE,AL3,voiture,construction,fr,10.14
F,6713,67,H,45-54,cadres,DE,AL2,voiture,industrie,fr,4.99
F,6713,67,H,45-54,cadres,DE,AL3,voiture,commerce_services,etr,12.56
F,6713,67,H,45-54,cadres,DE,AL3,voiture,commerce_services,fr,4.88
F,6713,67,H,45-54,cadres,DE,ALI,voiture,commerce_services,etr,4.91
F,6713,67,H,45-54,cadres,autre,BE5,voiture,public_sante,fr,5.03
F,6713,67,H,45-54,cadres,autre,LU3,voiture,commerce_services,fr,5.07
F,6713,67,H,45-54,ouvriers,DE,AL2,voiture,commerce_services,fr,19.68
F,6713,67,H,45-54,ouvriers,DE,AL2,voiture,construction,etr,4.33
F,6713,67,H,45-54,ouvriers,DE,AL2,voiture,industrie,fr,24.96
F,6713,67,H,45-54,ouvriers,DE,AL3,marche,commerce_services,fr,5.03
F,6713,67,H,45-54,ouvriers,DE,AL3,voiture,commerce_services,etr,5.04
F,6713,67,H,45-54,ouvriers,DE,AL3,voiture,commerce_services,fr,14.15
F,6713,67,H,45-54,ouvriers,DE,AL3,voiture,construction,fr,30.07
F,6713,67,H,45-54,ouvriers,DE,AL3,voiture,industrie,fr,45.18
F,6713,67,H,45-54,ouvriers,DE,ALX,voiture,industrie,fr,4.88
F,6713,67,H,45-54,ouvriers,autre,LU3,voiture,commerce_services,fr,4.93
F,6713,67,H,45-54,prof_inter,CH,SU8,voiture,commerce_services,fr,4.93
F,6713,67,H,45-54,prof_inter,DE,AL1,voiture,commerce_services,fr,4.91
F,6713,67,H,45-54,prof_inter,DE,AL2,voiture,industrie,fr,15.29
F,6713,67,H,45-54,prof_inter,DE,AL2,voiture,public_sante,fr,4.96
F,6713,67,H,45-54,prof_inter,DE,AL3,velo,construction,fr,4.53
F,6713,67,H,45-54,prof_inter,DE,AL3,voiture,commerce_services,etr,5.0
F,6713,67,H,45-54,prof_inter,DE,AL3,voiture,commerce_services,fr,10.79
F,6713,67,H,45-54,prof_inter,DE,AL3,voiture,construction,fr,5.51
F,6713,67,H,45-54,prof_inter,DE,AL3,voiture,industrie,fr,25.15
F,6713,67,H,55+,artisans,DE,AL2,voiture,industrie,fr,5.02
F,6713,67,H,55+,cadres,DE,AL2,voiture,industrie,fr,4.89
F,6713,67,H,55+,cadres,DE,AL3,voiture,industrie,fr,15.25
F,6713,67,H,55+,employes,DE,AL2,voiture,industrie,fr,4.99
F,6713,67,H,55+,ouvriers,CH,SU2,voiture,commerce_services,fr,5.07
F,6713,67,H,55+,ouvriers,DE,AL1,voiture,industrie,fr,5.07
F,6713,67,H,55+,ouvriers,DE,AL2,voiture,industrie,fr,15.22
F,6713,67,H,55+,ouvriers,DE,AL3,tc,industrie,fr,5.07
F,6713,67,H,55+,ouvriers,DE,AL3,voiture,commerce_services,fr,14.0
F,6713,67,H,55+,ouvriers,DE,AL3,voiture,construction,fr,20.42
F,6713,67,H,55+,ouvriers,DE,AL3,voiture,industrie,fr,93.28
F,6713,67,H,55+,prof_inter,DE,AL2,voiture,industrie,fr,4.91
F,6713,67,H,55+,prof_inter,DE,AL3,aucun,commerce_services,fr,5.07
F,6713,67,H,55+,prof_inter,DE,AL3,voiture,commerce_services,etr,5.06
F,6713,67,H,55+,prof_inter,DE,AL3,voiture,commerce_services,fr,24.79
F,6713,67,H,55+,prof_inter,DE,AL3,voiture,construction,fr,5.17
F,6713,67,H,55+,prof_inter,DE,AL3,voiture,industrie,fr,19.8
F,6714,67,F,15-29,cadres,DE,AL3,voiture,industrie,fr,5.21
F,6714,67,F,30-44,cadres,DE,AL3,voiture,industrie,fr,4.94
F,6714,67,F,30-44,ouvriers,DE,AL3,voiture,industrie,fr,5.08
F,6714,67,F,30-44,ouvriers,DE,AL3,voiture,public_sante,fr,4.99
F,6714,67,F,45-54,cadres,DE,AL3,voiture,commerce_services,fr,4.83
F,6714,67,F,45-54,employes,DE,AL3,voiture,commerce_services,fr,8.33
F,6714,67,F,45-54,employes,DE,AL3,voiture,industrie,fr,5.08
F,6714,67,F,45-54,ouvriers,CH,SU3,voiture,commerce_services,fr,4.87
F,6714,67,F,55+,cadres,CH,SU9,tc,commerce_services,fr,1.2
F,6714,67,F,55+,cadres,autre,ZZZ,velo,public_sante,etr,5.03
F,6714,67,F,55+,ouvriers,DE,AL3,voiture,industrie,fr,4.91
F,6714,67,H,15-29,cadres,DE,AL3,tc,commerce_services,fr,4.98
F,6714,67,H,15-29,cadres,autre,ZZZ,velo,commerce_services,fr,3.81
F,6714,67,H,15-29,employes,DE,AL3,marche,public_sante,etr,4.9
F,6714,67,H,15-29,ouvriers,DE,AL3,voiture,commerce_services,fr,5.01
F,6714,67,H,15-29,ouvriers,DE,AL3,voiture,construction,fr,4.99
F,6714,67,H,15-29,ouvriers,DE,AL3,voiture,industrie,fr,1.4
F,6714,67,H,15-29,prof_inter,DE,AL3,voiture,commerce_services,fr,4.78
F,6714,67,H,30-44,cadres,DE,AL3,voiture,industrie,fr,3.7
F,6714,67,H,30-44,cadres,autre,ZZZ,tc,agriculture,etr,3.62
F,6714,67,H,30-44,ouvriers,CH,SUB,voiture,construction,fr,5.05
F,6714,67,H,30-44,ouvriers,DE,AL1,voiture,industrie,fr,9.89
F,6714,67,H,30-44,ouvriers,DE,AL3,voiture,commerce_services,etr,10.02
F,6714,67,H,30-44,ouvriers,DE,AL3,voiture,commerce_services,fr,11.11
F,6714,67,H,30-44,ouvriers,DE,AL3,voiture,industrie,etr,8.82
F,6714,67,H,30-44,ouvriers,DE,AL3,voiture,industrie,fr,13.28
F,6714,67,H,30-44,prof_inter,DE,AL3,voiture,industrie,fr,4.98
F,6714,67,H,45-54,cadres,DE,AL3,voiture,industrie,fr,4.78
F,6714,67,H,45-54,employes,DE,AL3,voiture,commerce_services,fr,4.99
F,6714,67,H,45-54,employes,DE,AL3,voiture,public_sante,fr,9.82
F,6714,67,H,45-54,ouvriers,CH,SU7,voiture,agriculture,fr,4.99
F,6714,67,H,45-54,ouvriers,DE,AL3,voiture,commerce_services,fr,4.99
F,6714,67,H,45-54,ouvriers,DE,AL3,voiture,construction,fr,10.0
F,6714,67,H,45-54,ouvriers,DE,AL3,voiture,industrie,fr,19.56
F,6714,67,H,45-54,prof_inter,DE,AL3,voiture,construction,fr,5.27
F,6714,67,H,45-54,prof_inter,autre,ZZZ,voiture,commerce_services,etr,5.06
F,6714,67,H,55+,artisans,DE,AL3,voiture,commerce_services,etr,5.09
F,6714,67,H,55+,cadres,CH,SU7,voiture,industrie,fr,3.75
F,6714,67,H,55+,cadres,CH,SU9,voiture,construction,fr,4.92
F,6714,67,H,55+,cadres,DE,AL3,voiture,construction,etr,5.14
F,6714,67,H,55+,cadres,DE,AL3,voiture,industrie,etr,4.9
F,6714,67,H,55+,ouvriers,DE,AL3,voiture,commerce_services,fr,15.14
F,6714,67,H,55+,ouvriers,DE,AL3,voiture,construction,fr,15.04
F,6714,67,H,55+,ouvriers,DE,AL3,voiture,industrie,fr,4.99
F,6714,67,H,55+,prof_inter,DE,AL3,voiture,commerce_services,fr,4.99
F,6714,67,H,55+,prof_inter,DE,AL3,voiture,industrie,fr,5.06
F,6715,67,F,15-29,cadres,DE,AL3,voiture,commerce_services,fr,1.39
F,6715,67,F,15-29,cadres,autre,ZZZ,tc,public_sante,fr,4.75
F,6715,67,F,15-29,prof_inter,DE,AL3,voiture,commerce_services,etr,1.19
F,6715,67,F,15-29,prof_inter,DE,AL3,voiture,public_sante,fr,1.41
F,6715,67,F,15-29,prof_inter,DE,ALI,voiture,commerce_services,etr,5.05
F,6715,67,F,30-44,cadres,CH,SU1,voiture,commerce_services,fr,4.55
F,6715,67,F,30-44,cadres,autre,ZZZ,marche,commerce_services,etr,1.14
F,6715,67,F,30-44,employes,DE,AL3,tc,commerce_services,etr,7.5
F,6715,67,F,30-44,employes,DE,AL3,voiture,commerce_services,etr,1.27
F,6715,67,F,30-44,employes,autre,LU3,voiture,commerce_services,fr,3.52
F,6715,67,F,30-44,prof_inter,DE,AL3,velo,public_sante,fr,1.41
F,6715,67,F,30-44,prof_inter,DE,AL3,voiture,commerce_services,fr,4.55
F,6715,67,F,45-54,cadres,DE,AL3,voiture,commerce_services,fr,3.39
F,6715,67,F,45-54,employes,DE,AL3,tc,commerce_services,fr,3.17
F,6715,67,F,45-54,employes,DE,AL3,voiture,public_sante,fr,3.13
F,6715,67,F,45-54,ouvriers,DE,AL1,voiture,commerce_services,fr,3.31
F,6715,67,F,45-54,ouvriers,DE,AL3,tc,commerce_services,fr,4.16
F,6715,67,F,45-54,ouvriers,DE,AL3,voiture,commerce_services,fr,5.05
F,6715,67,F,55+,employes,DE,AL3,tc,commerce_services,etr,1.19
F,6715,67,F,55+,employes,DE,AL3,voiture,commerce_services,fr,1.41
F,6715,67,F,55+,employes,DE,AL3,voiture,public_sante,fr,3.97
F,6715,67,F,55+,ouvriers,DE,AL3,tc,industrie,fr,3.43
F,6715,67,F,55+,ouvriers,DE,AL3,tc,public_sante,fr,1.19
F,6715,67,F,55+,ouvriers,DE,AL3,voiture,commerce_services,etr,3.97
F,6715,67,F,55+,ouvriers,DE,AL3,voiture,industrie,fr,4.85
F,6715,67,F,55+,prof_inter,DE,AL3,tc,commerce_services,fr,3.43
F,6715,67,H,15-29,cadres,DE,AL3,voiture,commerce_services,fr,3.97
F,6715,67,H,15-29,cadres,DE,AL3,voiture,public_sante,fr,3.13
F,6715,67,H,15-29,cadres,autre,ZZZ,tc,commerce_services,fr,3.52
F,6715,67,H,15-29,ouvriers,CH,SUD,voiture,industrie,fr,4.15
F,6715,67,H,15-29,ouvriers,DE,AL3,voiture,commerce_services,fr,12.53
F,6715,67,H,15-29,ouvriers,DE,AL3,voiture,industrie,fr,5.88
F,6715,67,H,15-29,ouvriers,autre,LU3,voiture,commerce_services,fr,3.25
F,6715,67,H,15-29,prof_inter,DE,AL3,voiture,commerce_services,fr,5.01
F,6715,67,H,30-44,artisans,DE,AL3,tc,public_sante,fr,4.75
F,6715,67,H,30-44,artisans,DE,AL3,voiture,commerce_services,etr,1.32
F,6715,67,H,30-44,cadres,DE,AL3,tc,commerce_services,etr,4.28
F,6715,67,H,30-44,cadres,DE,AL3,voiture,commerce_services,etr,1.39
F,6715,67,H,30-44,employes,DE,AL3,voiture,commerce_services,fr,5.74
F,6715,67,H,30-44,ouvriers,DE,AL3,deux_roues,commerce_services,fr,3.33
F,6715,67,H,30-44,ouvriers,DE,AL3,voiture,commerce_services,fr,1.32
F,6715,67,H,30-44,ouvriers,DE,AL3,voiture,industrie,etr,3.15
F,6715,67,H,30-44,ouvriers,DE,AL3,voiture,industrie,fr,5.12
F,6715,67,H,30-44,prof_inter,DE,AL1,voiture,industrie,etr,1.15
F,6715,67,H,30-44,prof_inter,DE,AL3,velo,commerce_services,fr,5.05
F,6715,67,H,30-44,prof_inter,DE,AL3,voiture,commerce_services,etr,1.36
F,6715,67,H,30-44,prof_inter,DE,AL3,voiture,commerce_services,fr,2.64
F,6715,67,H,30-44,prof_inter,DE,AL3,voiture,industrie,fr,3.26
F,6715,67,H,30-44,prof_inter,DE,AL3,voiture,public_sante,fr,3.69
F,6715,67,H,30-44,prof_inter,autre,ZZZ,tc,commerce_services,fr,4.28
F,6715,67,H,45-54,cadres,DE,AL3,velo,commerce_services,etr,3.25
F,6715,67,H,45-54,cadres,DE,AL3,voiture,commerce_services,fr,4.91
F,6715,67,H,45-54,cadres,DE,AL3,voiture,construction,etr,4.46
F,6715,67,H,45-54,employes,CH,SUD,voiture,commerce_services,etr,4.15
F,6715,67,H,45-54,employes,DE,AL3,voiture,commerce_services,fr,4.55
F,6715,67,H,45-54,employes,DE,AL3,voiture,industrie,fr,4.75
F,6715,67,H,45-54,ouvriers,DE,AL3,deux_roues,construction,fr,3.33
F,6715,67,H,45-54,ouvriers,DE,AL3,voiture,commerce_services,etr,3.92
F,6715,67,H,45-54,ouvriers,DE,AL3,voiture,commerce_services,fr,11.92
F,6715,67,H,45-54,ouvriers,DE,AL3,voiture,industrie,fr,15.79
F,6715,67,H,45-54,prof_inter,CH,SU7,tc,public_sante,fr,1.27
F,6715,67,H,45-54,prof_inter,DE,AL3,voiture,commerce_services,fr,1.27
F,6715,67,H,45-54,prof_inter,DE,AL3,voiture,industrie,fr,10.55
F,6715,67,H,55+,artisans,DE,AL3,voiture,construction,etr,4.45
F,6715,67,H,55+,cadres,DE,AL3,tc,public_sante,fr,4.37
F,6715,67,H,55+,cadres,DE,AL3,voiture,commerce_services,fr,5.1
F,6715,67,H,55+,employes,DE,AL3,voiture,commerce_services,fr,11.96
F,6715,67,H,55+,ouvriers,DE,AL3,tc,commerce_services,etr,4.56
F,6715,67,H,55+,ouvriers,DE,AL3,tc,industrie,fr,3.31
F,6715,67,H,55+,ouvriers,DE,AL3,voiture,commerce_services,fr,16.85
F,6715,67,H,55+,ouvriers,DE,AL3,voiture,industrie,fr,3.72
F,6715,67,H,55+,prof_inter,CH,SU7,voiture,commerce_services,fr,5.05
F,6715,67,H,55+,prof_inter,DE,AL3,voiture,industrie,fr,4.75
F,6715,67,H,55+,prof_inter,DE,AL3,voiture,public_sante,etr,4.98
F,6716,67,F,15-29,cadres,DE,AL3,voiture,commerce_services,fr,3.3
F,6716,67,F,15-29,employes,DE,AL3,voiture,commerce_services,fr,20.65
F,6716,67,F,15-29,employes,DE,AL3,voiture,public_sante,etr,5.04
F,6716,67,F,15-29,ouvriers,DE,AL3,voiture,commerce_services,fr,5.15
F,6716,67,F,15-29,ouvriers,DE,AL3,voiture,industrie,etr,5.09
F,6716,67,F,15-29,prof_inter,DE,AL3,voiture,commerce_services,fr,5.67
F,6716,67,F,15-29,prof_inter,DE,AL3,voiture,public_sante,fr,3.18
F,6716,67,F,30-44,artisans,DE,AL3,voiture,commerce_services,fr,5.1
F,6716,67,F,30-44,artisans,DE,AL3,voiture,public_sante,fr,5.06
F,6716,67,F,30-44,cadres,DE,AL3,voiture,commerce_services,fr,5.01
F,6716,67,F,30-44,cadres,DE,AL3,voiture,public_sante,fr,5.0
F,6716,67,F,30-44,employes,CH,SUC,voiture,commerce_services,fr,5.14
F,6716,67,F,30-44,employes,DE,AL3,tc,agriculture,etr,3.13
F,6716,67,F,30-44,employes,DE,AL3,voiture,commerce_services,etr,9.99
F,6716,67,F,30-44,employes,DE,AL3,voiture,commerce_services,fr,21.61
F,6716,67,F,30-44,employes,DE,AL3,voiture,industrie,fr,5.09
F,6716,67,F,30-44,ouvriers,DE,AL3,voiture,commerce_services,etr,4.66
F,6716,67,F,30-44,ouvriers,DE,AL3,voiture,commerce_services,fr,31.59
F,6716,67,F,30-44,ouvriers,DE,AL3,voiture,industrie,fr,15.7
F,6716,67,F,30-44,prof_inter,CH,SU5,voiture,public_sante,fr,5.0
F,6716,67,F,30-44,prof_inter,CH,SU6,tc,commerce_services,fr,5.01
F,6716,67,F,30-44,prof_inter,CH,SU6,tc,public_sante,fr,3.83
F,6716,67,F,30-44,prof_inter,DE,AL3,voiture,commerce_services,etr,5.04
F,6716,67,F,30-44,prof_inter,DE,AL3,voiture,commerce_services,fr,10.65
F,6716,67,F,30-44,prof_inter,DE,AL3,voiture,public_sante,etr,10.0
F,6716,67,F,30-44,prof_inter,DE,AL3,voiture,public_sante,fr,5.12
F,6716,67,F,45-54,artisans,CH,SU6,voiture,commerce_services,etr,4.83
F,6716,67,F,45-54,cadres,CH,SU8,voiture,industrie,fr,4.94
F,6716,67,F,45-54,employes,DE,AL3,voiture,commerce_services,etr,4.94
F,6716,67,F,45-54,employes,DE,AL3,voiture,commerce_services,fr,32.88
F,6716,67,F,45-54,employes,DE,AL3,voiture,industrie,etr,5.67
F,6716,67,F,45-54,employes,DE,AL3,voiture,industrie,fr,9.25
F,6716,67,F,45-54,employes,DE,AL3,voiture,public_sante,etr,5.06
F,6716,67,F,45-54,employes,DE,AL3,voiture,public_sante,fr,4.96
F,6716,67,F,45-54,ouvriers,DE,AL3,voiture,commerce_services,etr,3.46
F,6716,67,F,45-54,ouvriers,DE,AL3,voiture,commerce_services,fr,13.73
F,6716,67,F,45-54,ouvriers,DE,AL3,voiture,construction,etr,3.84
F,6716,67,F,45-54,ouvriers,DE,AL3,voiture,industrie,fr,14.84
F,6716,67,F,45-54,prof_inter,CH,SU1,voiture,commerce_services,fr,3.7
F,6716,67,F,45-54,prof_inter,DE,AL3,voiture,commerce_services,etr,3.24
F,6716,67,F,45-54,prof_inter,DE,AL3,voiture,commerce_services,fr,15.08
F,6716,67,F,45-54,prof_inter,DE,AL3,voiture,industrie,fr,10.03
F,6716,67,F,45-54,prof_inter,DE,AL3,voiture,public_sante,fr,1.3
F,6716,67,F,55+,artisans,DE,AL3,voiture,commerce_services,etr,4.79
F,6716,67,F,55+,cadres,CH,SUD,tc,commerce_services,fr,3.48
F,6716,67,F,55+,cadres,DE,AL3,voiture,public_sante,fr,3.53
F,6716,67,F,55+,employes,CH,SU1,voiture,commerce_services,fr,3.7
F,6716,67,F,55+,employes,DE,AL3,tc,commerce_services,fr,8.33
F,6716,67,F,55+,employes,DE,AL3,voiture,commerce_services,etr,10.13
F,6716,67,F,55+,employes,DE,AL3,voiture,commerce_services,fr,13.24
F,6716,67,F,55+,employes,DE,AL3,voiture,construction,etr,5.18
F,6716,67,F,55+,employes,DE,AL3,voiture,industrie,fr,4.79
F,6716,67,F,55+,employes,DE,AL3,voiture,public_sante,fr,15.13
F,6716,67,F,55+,ouvriers,DE,AL3,voiture,commerce_services,fr,18.76
F,6716,67,F,55+,ouvriers,DE,AL3,voiture,industrie,fr,5.09
F,6716,67,F,55+,ouvriers,DE,AL3,voiture,public_sante,fr,3.55
F,6716,67,F,55+,prof_inter,DE,AL3,voiture,commerce_services,etr,5.35
F,6716,67,F,55+,prof_inter,DE,AL3,voiture,commerce_services,fr,5.05
F,6716,67,F,55+,prof_inter,DE,AL3,voiture,industrie,fr,5.04
F,6716,67,F,55+,prof_inter,DE,AL3,voiture,public_sante,etr,15.76
F,6716,67,F,55+,prof_inter,DE,AL3,voiture,public_sante,fr,5.04
F,6716,67,H,15-29,artisans,DE,AL3,voiture,commerce_services,fr,4.93
F,6716,67,H,15-29,cadres,CH,SU6,tc,industrie,fr,3.3
F,6716,67,H,15-29,cadres,CH,SU6,voiture,commerce_services,fr,3.24
F,6716,67,H,15-29,cadres,DE,AL3,voiture,commerce_services,fr,5.09
F,6716,67,H,15-29,employes,DE,AL3,tc,commerce_services,fr,4.95
F,6716,67,H,15-29,employes,DE,AL3,voiture,commerce_services,etr,5.0
F,6716,67,H,15-29,employes,DE,AL3,voiture,commerce_services,fr,6.24
F,6716,67,H,15-29,employes,autre,BE3,voiture,construction,etr,3.58
F,6716,67,H,15-29,ouvriers,CH,SU6,deux_roues,industrie,fr,3.58
F,6716,67,H,15-29,ouvriers,CH,SU6,tc,construction,fr,3.3
F,6716,67,H,15-29,ouvriers,CH,SU6,voiture,commerce_services,fr,3.3
F,6716,67,H,15-29,ouvriers,CH,SU6,voiture,construction,etr,4.96
F,6716,67,H,15-29,ouvriers,CH,SU9,voiture,commerce_services,fr,4.96
F,6716,67,H,15-29,ouvriers,DE,AL3,voiture,commerce_services,etr,5.67
F,6716,67,H,15-29,ouvriers,DE,AL3,voiture,commerce_services,fr,9.82
F,6716,67,H,15-29,ouvriers,DE,AL3,voiture,construction,etr,4.96
F,6716,67,H,15-29,ouvriers,DE,AL3,voiture,industrie,fr,10.25
F,6716,67,H,15-29,prof_inter,DE,AL3,voiture,commerce_services,etr,5.04
F,6716,67,H,15-29,prof_inter,DE,AL3,voiture,commerce_services,fr,16.04
F,6716,67,H,15-29,prof_inter,DE,AL3,voiture,industrie,etr,10.68
F,6716,67,H,15-29,prof_inter,DE,AL3,voiture,industrie,fr,5.04
F,6716,67,H,15-29,prof_inter,autre,LU3,tc,commerce_services,fr,4.82
F,6716,67,H,30-44,artisans,DE,AL3,voiture,construction,fr,4.92
F,6716,67,H,30-44,cadres,CH,SU6,voiture,commerce_services,fr,3.47
F,6716,67,H,30-44,cadres,CH,SU7,voiture,commerce_services,fr,4.86
F,6716,67,H,30-44,cadres,CH,SU8,voiture,industrie,fr,5.06
F,6716,67,H,30-44,cadres,CH,SU9,voiture,commerce_services,fr,5.1
F,6716,67,H,30-44,cadres,DE,AL3,voiture,commerce_services,etr,8.24
F,6716,67,H,30-44,cadres,DE,AL3,voiture,commerce_services,fr,1.3
F,6716,67,H,30-44,cadres,DE,AL3,voiture,industrie,fr,3.58
F,6716,67,H,30-44,cadres,DE,AL3,voiture,public_sante,fr,3.55
F,6716,67,H,30-44,cadres,autre,ZZZ,tc,commerce_services,etr,3.53
F,6716,67,H,30-44,employes,DE,AL3,voiture,commerce_services,fr,8.5
F,6716,67,H,30-44,employes,DE,AL3,voiture,industrie,fr,3.13
F,6716,67,H,30-44,ouvriers,CH,SU2,voiture,commerce_services,fr,3.64
F,6716,67,H,30-44,ouvriers,CH,SU6,tc,commerce_services,fr,3.53
F,6716,67,H,30-44,ouvriers,CH,SU6,voiture,construction,fr,3.58
F,6716,67,H,30-44,ouvriers,DE,AL3,deux_roues,construction,fr,4.86
F,6716,67,H,30-44,ouvriers,DE,AL3,voiture,commerce_services,fr,30.74
F,6716,67,H,30-44,ouvriers,DE,AL3,voiture,construction,fr,9.95
F,6716,67,H,30-44,ouvriers,DE,AL3,voiture,industrie,fr,47.67
F,6716,67,H,30-44,prof_inter,CH,SU6,tc,commerce_services,fr,4.83
F,6716,67,H,30-44,prof_inter,CH,SU6,voiture,industrie,fr,4.99
F,6716,67,H,30-44,prof_inter,CH,SU9,velo,public_sante,fr,5.07
F,6716,67,H,30-44,prof_inter,DE,AL3,voiture,commerce_services,fr,20.03
F,6716,67,H,30-44,prof_inter,DE,AL3,voiture,industrie,etr,19.68
F,6716,67,H,30-44,prof_inter,DE,AL3,voiture,industrie,fr,5.7
F,6716,67,H,30-44,prof_inter,DE,AL3,voiture,public_sante,fr,3.53
F,6716,67,H,45-54,artisans,DE,AL3,voiture,commerce_services,fr,4.94
F,6716,67,H,45-54,artisans,DE,AL3,voiture,industrie,fr,4.93
F,6716,67,H,45-54,cadres,CH,SU1,voiture,industrie,fr,10.22
F,6716,67,H,45-54,cadres,CH,SUD,voiture,commerce_services,fr,3.42
F,6716,67,H,45-54,cadres,DE,AL3,tc,commerce_services,fr,5.01
F,6716,67,H,45-54,cadres,DE,AL3,voiture,commerce_services,etr,5.03
F,6716,67,H,45-54,cadres,DE,AL3,voiture,industrie,etr,5.13
F,6716,67,H,45-54,cadres,DE,AL3,voiture,industrie,fr,14.16
F,6716,67,H,45-54,cadres,DE,AL3,voiture,public_sante,etr,5.18
F,6716,67,H,45-54,cadres,DE,AL3,voiture,public_sante,fr,4.79
F,6716,67,H,45-54,employes,DE,AL3,voiture,commerce_services,fr,5.01
F,6716,67,H,45-54,ouvriers,CH,SU3,voiture,industrie,fr,5.18
F,6716,67,H,45-54,ouvriers,CH,SU6,voiture,commerce_services,fr,5.14
F,6716,67,H,45-54,ouvriers,CH,SUB,voiture,industrie,fr,4.93
F,6716,67,H,45-54,ouvriers,DE,AL1,voiture,commerce_services,fr,4.98
F,6716,67,H,45-54,ouvriers,DE,AL2,voiture,commerce_services,fr,5.04
F,6716,67,H,45-54,ouvriers,DE,AL2,voiture,industrie,fr,5.04
F,6716,67,H,45-54,ouvriers,DE,AL3,voiture,commerce_services,etr,8.33
F,6716,67,H,45-54,ouvriers,DE,AL3,voiture,commerce_services,fr,36.49
F,6716,67,H,45-54,ouvriers,DE,AL3,voiture,construction,etr,3.3
F,6716,67,H,45-54,ouvriers,DE,AL3,voiture,construction,fr,18.21
F,6716,67,H,45-54,ouvriers,DE,AL3,voiture,industrie,etr,13.43
F,6716,67,H,45-54,ouvriers,DE,AL3,voiture,industrie,fr,36.1
F,6716,67,H,45-54,ouvriers,DE,AL3,voiture,public_sante,fr,4.9
F,6716,67,H,45-54,ouvriers,autre,MO0,marche,commerce_services,fr,3.7
F,6716,67,H,45-54,prof_inter,CH,SU1,voiture,construction,fr,3.47
F,6716,67,H,45-54,prof_inter,DE,AL3,voiture,commerce_services,etr,10.09
F,6716,67,H,45-54,prof_inter,DE,AL3,voiture,commerce_services,fr,10.29
F,6716,67,H,45-54,prof_inter,DE,AL3,voiture,industrie,fr,5.04
F,6716,67,H,45-54,prof_inter,DE,AL6,voiture,commerce_services,etr,5.25
F,6716,67,H,45-54,prof_inter,autre,LU3,voiture,construction,fr,5.01
F,6716,67,H,55+,artisans,CH,SU6,voiture,commerce_services,etr,4.83
F,6716,67,H,55+,artisans,autre,ZZZ,voiture,commerce_services,fr,3.53
F,6716,67,H,55+,cadres,CH,SU4,voiture,commerce_services,etr,5.04
F,6716,67,H,55+,cadres,CH,SU6,voiture,industrie,fr,5.04
F,6716,67,H,55+,cadres,CH,SU7,velo,commerce_services,fr,5.58
F,6716,67,H,55+,cadres,DE,AL3,voiture,commerce_services,fr,5.35
F,6716,67,H,55+,cadres,DE,AL3,voiture,industrie,fr,5.08
F,6716,67,H,55+,employes,DE,AL3,voiture,commerce_services,fr,3.24
F,6716,67,H,55+,ouvriers,CH,SU1,voiture,commerce_services,fr,5.01
F,6716,67,H,55+,ouvriers,CH,SU6,marche,industrie,fr,5.0
F,6716,67,H,55+,ouvriers,CH,SU6,voiture,commerce_services,fr,5.02
F,6716,67,H,55+,ouvriers,CH,SU8,voiture,industrie,fr,10.17
F,6716,67,H,55+,ouvriers,DE,AL3,aucun,commerce_services,etr,5.15
F,6716,67,H,55+,ouvriers,DE,AL3,voiture,commerce_services,etr,5.04
F,6716,67,H,55+,ouvriers,DE,AL3,voiture,commerce_services,fr,35.81
F,6716,67,H,55+,ouvriers,DE,AL3,voiture,construction,etr,5.18
F,6716,67,H,55+,ouvriers,DE,AL3,voiture,construction,fr,25.24
F,6716,67,H,55+,ouvriers,DE,AL3,voiture,industrie,etr,5.67
F,6716,67,H,55+,ouvriers,DE,AL3,voiture,industrie,fr,53.0
F,6716,67,H,55+,ouvriers,autre,ZZZ,tc,public_sante,fr,3.47
F,6716,67,H,55+,prof_inter,CH,SU4,voiture,construction,fr,4.98
F,6716,67,H,55+,prof_inter,CH,SU5,voiture,construction,fr,4.93
F,6716,67,H,55+,prof_inter,CH,SU6,voiture,commerce_services,fr,4.71
F,6716,67,H,55+,prof_inter,CH,SU7,tc,commerce_services,fr,3.29
F,6716,67,H,55+,prof_inter,DE,AL3,voiture,commerce_services,etr,4.98
F,6716,67,H,55+,prof_inter,DE,AL3,voiture,commerce_services,fr,16.68
F,6716,67,H,55+,prof_inter,DE,AL3,voiture,construction,fr,8.45
F,6716,67,H,55+,prof_inter,DE,AL3,voiture,industrie,etr,5.04
F,6716,67,H,55+,prof_inter,DE,AL3,voiture,industrie,fr,14.66
F,6716,67,H,55+,prof_inter,autre,LU3,voiture,construction,fr,5.07
F,6716,67,H,55+,prof_inter,autre,ZZZ,voiture,commerce_services,fr,4.96
F,6717-6718-6719-6720-6721-6722,67,F,15-29,cadres,CH,SU6,tc,industrie,fr,4.8
F,6717-6718-6719-6720-6721-6722,67,F,15-29,cadres,CH,SU6,voiture,industrie,fr,4.36
F,6717-6718-6719-6720-6721-6722,67,F,15-29,cadres,CH,SU7,tc,commerce_services,fr,4.31
F,6717-6718-6719-6720-6721-6722,67,F,15-29,cadres,CH,SU9,voiture,commerce_services,fr,4.22
F,6717-6718-6719-6720-6721-6722,67,F,15-29,cadres,DE,AL3,tc,commerce_services,fr,3.81
F,6717-6718-6719-6720-6721-6722,67,F,15-29,cadres,DE,AL3,tc,construction,fr,1.19
F,6717-6718-6719-6720-6721-6722,67,F,15-29,cadres,DE,AL3,tc,industrie,etr,5.26
F,6717-6718-6719-6720-6721-6722,67,F,15-29,cadres,DE,AL3,tc,public_sante,etr,4.13
F,6717-6718-6719-6720-6721-6722,67,F,15-29,cadres,DE,AL3,tc,public_sante,fr,6.3
F,6717-6718-6719-6720-6721-6722,67,F,15-29,cadres,DE,AL3,velo,commerce_services,fr,4.23
F,6717-6718-6719-6720-6721-6722,67,F,15-29,cadres,DE,AL3,velo,public_sante,fr,1.25
F,6717-6718-6719-6720-6721-6722,67,F,15-29,cadres,DE,AL3,voiture,commerce_services,etr,10.19
F,6717-6718-6719-6720-6721-6722,67,F,15-29,cadres,DE,AL3,voiture,commerce_services,fr,11.28
F,6717-6718-6719-6720-6721-6722,67,F,15-29,cadres,DE,AL3,voiture,industrie,fr,6.72
F,6717-6718-6719-6720-6721-6722,67,F,15-29,cadres,DE,AL3,voiture,public_sante,fr,5.22
F,6717-6718-6719-6720-6721-6722,67,F,15-29,cadres,autre,ZZZ,marche,commerce_services,fr,4.26
F,6717-6718-6719-6720-6721-6722,67,F,15-29,employes,CH,SUC,tc,commerce_services,fr,1.33
F,6717-6718-6719-6720-6721-6722,67,F,15-29,employes,DE,AL3,tc,commerce_services,fr,9.26
F,6717-6718-6719-6720-6721-6722,67,F,15-29,employes,DE,AL3,tc,industrie,fr,2.59
F,6717-6718-6719-6720-6721-6722,67,F,15-29,employes,DE,AL3,tc,public_sante,etr,4.2
F,6717-6718-6719-6720-6721-6722,67,F,15-29,employes,DE,AL3,tc,public_sante,fr,4.02
F,6717-6718-6719-6720-6721-6722,67,F,15-29,employes,DE,AL3,velo,commerce_services,fr,3.44
F,6717-6718-6719-6720-6721-6722,67,F,15-29,employes,DE,AL3,voiture,commerce_services,etr,6.44
F,6717-6718-6719-6720-6721-6722,67,F,15-29,employes,DE,AL3,voiture,commerce_services,fr,23.28
F,6717-6718-6719-6720-6721-6722,67,F,15-29,employes,DE,AL3,voiture,industrie,etr,1.25
F,6717-6718-6719-6720-6721-6722,67,F,15-29,employes,DE,AL3,voiture,public_sante,etr,1.41
F,6717-6718-6719-6720-6721-6722,67,F,15-29,employes,autre,LU3,marche,commerce_services,fr,4.31
F,6717-6718-6719-6720-6721-6722,67,F,15-29,employes,autre,LU3,tc,commerce_services,fr,4.2
F,6717-6718-6719-6720-6721-6722,67,F,15-29,ouvriers,CH,SU4,marche,agriculture,fr,3.98
F,6717-6718-6719-6720-6721-6722,67,F,15-29,ouvriers,CH,SU6,voiture,industrie,fr,1.33
F,6717-6718-6719-6720-6721-6722,67,F,15-29,ouvriers,DE,AL3,tc,commerce_services,fr,1.33
F,6717-6718-6719-6720-6721-6722,67,F,15-29,ouvriers,DE,AL3,voiture,commerce_services,etr,1.33
F,6717-6718-6719-6720-6721-6722,67,F,15-29,ouvriers,DE,AL3,voiture,commerce_services,fr,18.25
F,6717-6718-6719-6720-6721-6722,67,F,15-29,ouvriers,DE,AL3,voiture,industrie,etr,1.33
F,6717-6718-6719-6720-6721-6722,67,F,15-29,prof_inter,CH,SU6,tc,commerce_services,fr,4.26
F,6717-6718-6719-6720-6721-6722,67,F,15-29,prof_inter,CH,SU6,velo,public_sante,etr,4.05
F,6717-6718-6719-6720-6721-6722,67,F,15-29,prof_inter,CH,SU9,voiture,construction,fr,1.19
F,6717-6718-6719-6720-6721-6722,67,F,15-29,prof_inter,DE,AL3,tc,commerce_services,etr,11.32
F,6717-6718-6719-6720-6721-6722,67,F,15-29,prof_inter,DE,AL3,tc,public_sante,etr,5.52
F,6717-6718-6719-6720-6721-6722,67,F,15-29,prof_inter,DE,AL3,tc,public_sante,fr,6.04
F,6717-6718-6719-6720-6721-6722,67,F,15-29,prof_inter,DE,AL3,voiture,commerce_services,etr,3.88
F,6717-6718-6719-6720-6721-6722,67,F,15-29,prof_inter,DE,AL3,voiture,commerce_services,fr,18.4
F,6717-6718-6719-6720-6721-6722,67,F,15-29,prof_inter,DE,AL3,voiture,public_sante,etr,16.13
F,6717-6718-6719-6720-6721-6722,67,F,15-29,prof_inter,DE,AL3,voiture,public_sante,fr,11.74
F,6717-6718-6719-6720-6721-6722,67,F,15-29,prof_inter,autre,LU3,tc,commerce_services,fr,4.08
F,6717-6718-6719-6720-6721-6722,67,F,15-29,prof_inter,autre,ZZZ,aucun,commerce_services,etr,1.36
F,6717-6718-6719-6720-6721-6722,67,F,30-44,artisans,DE,AL3,tc,public_sante,fr,1.26
F,6717-6718-6719-6720-6721-6722,67,F,30-44,artisans,DE,AL3,voiture,commerce_services,etr,1.36
F,6717-6718-6719-6720-6721-6722,67,F,30-44,artisans,DE,AL3,voiture,commerce_services,fr,1.4
F,6717-6718-6719-6720-6721-6722,67,F,30-44,cadres,CH,SU1,tc,commerce_services,fr,4.07
F,6717-6718-6719-6720-6721-6722,67,F,30-44,cadres,CH,SU1,velo,commerce_services,fr,1.33
F,6717-6718-6719-6720-6721-6722,67,F,30-44,cadres,CH,SU1,voiture,public_sante,etr,1.31
F,6717-6718-6719-6720-6721-6722,67,F,30-44,cadres,CH,SU6,tc,commerce_services,fr,4.92
F,6717-6718-6719-6720-6721-6722,67,F,30-44,cadres,CH,SU6,tc,industrie,fr,5.45
F,6717-6718-6719-6720-6721-6722,67,F,30-44,cadres,CH,SU7,tc,industrie,fr,3.59
F,6717-6718-6719-6720-6721-6722,67,F,30-44,cadres,CH,SUB,marche,public_sante,fr,4.52
F,6717-6718-6719-6720-6721-6722,67,F,30-44,cadres,DE,AL2,voiture,public_sante,etr,1.25
F,6717-6718-6719-6720-6721-6722,67,F,30-44,cadres,DE,AL3,marche,public_sante,fr,4.57
F,6717-6718-6719-6720-6721-6722,67,F,30-44,cadres,DE,AL3,tc,commerce_services,etr,7.85
F,6717-6718-6719-6720-6721-6722,67,F,30-44,cadres,DE,AL3,tc,construction,fr,4.87
F,6717-6718-6719-6720-6721-6722,67,F,30-44,cadres,DE,AL3,tc,public_sante,etr,5.97
F,6717-6718-6719-6720-6721-6722,67,F,30-44,cadres,DE,AL3,tc,public_sante,fr,4.17
F,6717-6718-6719-6720-6721-6722,67,F,30-44,cadres,DE,AL3,velo,commerce_services,etr,4.32
F,6717-6718-6719-6720-6721-6722,67,F,30-44,cadres,DE,AL3,velo,construction,fr,3.9
F,6717-6718-6719-6720-6721-6722,67,F,30-44,cadres,DE,AL3,velo,public_sante,etr,12.42
F,6717-6718-6719-6720-6721-6722,67,F,30-44,cadres,DE,AL3,voiture,commerce_services,etr,18.64
F,6717-6718-6719-6720-6721-6722,67,F,30-44,cadres,DE,AL3,voiture,commerce_services,fr,19.18
F,6717-6718-6719-6720-6721-6722,67,F,30-44,cadres,DE,AL3,voiture,industrie,etr,9.11
F,6717-6718-6719-6720-6721-6722,67,F,30-44,cadres,DE,AL3,voiture,industrie,fr,5.9
F,6717-6718-6719-6720-6721-6722,67,F,30-44,cadres,DE,AL3,voiture,public_sante,etr,22.53
F,6717-6718-6719-6720-6721-6722,67,F,30-44,cadres,DE,AL3,voiture,public_sante,fr,19.64
F,6717-6718-6719-6720-6721-6722,67,F,30-44,cadres,autre,LU3,tc,commerce_services,fr,3.72
F,6717-6718-6719-6720-6721-6722,67,F,30-44,cadres,autre,LU3,voiture,commerce_services,fr,4.71
F,6717-6718-6719-6720-6721-6722,67,F,30-44,cadres,autre,ZZZ,marche,commerce_services,etr,1.33
F,6717-6718-6719-6720-6721-6722,67,F,30-44,cadres,autre,ZZZ,tc,public_sante,etr,4.07
F,6717-6718-6719-6720-6721-6722,67,F,30-44,employes,CH,SU1,voiture,commerce_services,fr,1.16
F,6717-6718-6719-6720-6721-6722,67,F,30-44,employes,DE,AL3,aucun,commerce_services,fr,5.04
F,6717-6718-6719-6720-6721-6722,67,F,30-44,employes,DE,AL3,marche,commerce_services,fr,7.43
F,6717-6718-6719-6720-6721-6722,67,F,30-44,employes,DE,AL3,marche,public_sante,etr,1.15
F,6717-6718-6719-6720-6721-6722,67,F,30-44,employes,DE,AL3,tc,commerce_services,etr,5.98
F,6717-6718-6719-6720-6721-6722,67,F,30-44,employes,DE,AL3,tc,commerce_services,fr,5.31
F,6717-6718-6719-6720-6721-6722,67,F,30-44,employes,DE,AL3,tc,public_sante,etr,1.25
F,6717-6718-6719-6720-6721-6722,67,F,30-44,employes,DE,AL3,tc,public_sante,fr,4.08
F,6717-6718-6719-6720-6721-6722,67,F,30-44,employes,DE,AL3,velo,commerce_services,etr,1.33
F,6717-6718-6719-6720-6721-6722,67,F,30-44,employes,DE,AL3,voiture,commerce_services,fr,22.13
F,6717-6718-6719-6720-6721-6722,67,F,30-44,employes,DE,AL3,voiture,industrie,etr,4.08
F,6717-6718-6719-6720-6721-6722,67,F,30-44,employes,DE,AL3,voiture,industrie,fr,1.14
F,6717-6718-6719-6720-6721-6722,67,F,30-44,employes,DE,AL3,voiture,public_sante,fr,13.47
F,6717-6718-6719-6720-6721-6722,67,F,30-44,employes,autre,ZZZ,aucun,commerce_services,etr,1.33
F,6717-6718-6719-6720-6721-6722,67,F,30-44,ouvriers,DE,AL2,voiture,commerce_services,etr,1.25
F,6717-6718-6719-6720-6721-6722,67,F,30-44,ouvriers,DE,AL2,voiture,industrie,fr,4.6
F,6717-6718-6719-6720-6721-6722,67,F,30-44,ouvriers,DE,AL3,voiture,commerce_services,fr,9.75
F,6717-6718-6719-6720-6721-6722,67,F,30-44,prof_inter,CH,SU4,voiture,public_sante,fr,4.09
F,6717-6718-6719-6720-6721-6722,67,F,30-44,prof_inter,DE,AL1,tc,commerce_services,etr,4.5
F,6717-6718-6719-6720-6721-6722,67,F,30-44,prof_inter,DE,AL3,tc,commerce_services,etr,5.15
F,6717-6718-6719-6720-6721-6722,67,F,30-44,prof_inter,DE,AL3,tc,industrie,etr,8.44
F,6717-6718-6719-6720-6721-6722,67,F,30-44,prof_inter,DE,AL3,tc,public_sante,etr,4.13
F,6717-6718-6719-6720-6721-6722,67,F,30-44,prof_inter,DE,AL3,velo,commerce_services,etr,5.45
F,6717-6718-6719-6720-6721-6722,67,F,30-44,prof_inter,DE,AL3,velo,commerce_services,fr,1.3
F,6717-6718-6719-6720-6721-6722,67,F,30-44,prof_inter,DE,AL3,velo,construction,etr,4.38
F,6717-6718-6719-6720-6721-6722,67,F,30-44,prof_inter,DE,AL3,velo,public_sante,etr,1.33
F,6717-6718-6719-6720-6721-6722,67,F,30-44,prof_inter,DE,AL3,velo,public_sante,fr,8.99
F,6717-6718-6719-6720-6721-6722,67,F,30-44,prof_inter,DE,AL3,voiture,commerce_services,etr,9.03
F,6717-6718-6719-6720-6721-6722,67,F,30-44,prof_inter,DE,AL3,voiture,commerce_services,fr,8.55
F,6717-6718-6719-6720-6721-6722,67,F,30-44,prof_inter,DE,AL3,voiture,construction,fr,4.13
F,6717-6718-6719-6720-6721-6722,67,F,30-44,prof_inter,DE,AL3,voiture,industrie,etr,13.99
F,6717-6718-6719-6720-6721-6722,67,F,30-44,prof_inter,DE,AL3,voiture,industrie,fr,12.03
F,6717-6718-6719-6720-6721-6722,67,F,30-44,prof_inter,DE,AL3,voiture,public_sante,etr,5.43
F,6717-6718-6719-6720-6721-6722,67,F,30-44,prof_inter,DE,AL3,voiture,public_sante,fr,6.06
F,6717-6718-6719-6720-6721-6722,67,F,30-44,prof_inter,autre,ZZZ,aucun,commerce_services,etr,4.35
F,6717-6718-6719-6720-6721-6722,67,F,30-44,prof_inter,autre,ZZZ,aucun,commerce_services,fr,4.96
F,6717-6718-6719-6720-6721-6722,67,F,45-54,artisans,DE,AL3,tc,commerce_services,fr,1.02
F,6717-6718-6719-6720-6721-6722,67,F,45-54,artisans,DE,AL3,voiture,industrie,etr,2.61
F,6717-6718-6719-6720-6721-6722,67,F,45-54,cadres,CH,SUC,tc,commerce_services,fr,1.33
F,6717-6718-6719-6720-6721-6722,67,F,45-54,cadres,DE,AL3,velo,commerce_services,fr,3.86
F,6717-6718-6719-6720-6721-6722,67,F,45-54,cadres,DE,AL3,velo,public_sante,etr,4.77
F,6717-6718-6719-6720-6721-6722,67,F,45-54,cadres,DE,AL3,voiture,commerce_services,etr,8.46
F,6717-6718-6719-6720-6721-6722,67,F,45-54,cadres,DE,AL3,voiture,commerce_services,fr,13.75
F,6717-6718-6719-6720-6721-6722,67,F,45-54,cadres,DE,AL3,voiture,industrie,fr,4.51
F,6717-6718-6719-6720-6721-6722,67,F,45-54,cadres,DE,AL3,voiture,public_sante,etr,9.54
F,6717-6718-6719-6720-6721-6722,67,F,45-54,cadres,DE,AL3,voiture,public_sante,fr,14.37
F,6717-6718-6719-6720-6721-6722,67,F,45-54,cadres,autre,BE5,tc,public_sante,fr,5.36
F,6717-6718-6719-6720-6721-6722,67,F,45-54,cadres,autre,ZZZ,aucun,public_sante,etr,4.51
F,6717-6718-6719-6720-6721-6722,67,F,45-54,cadres,autre,ZZZ,tc,commerce_services,etr,4.47
F,6717-6718-6719-6720-6721-6722,67,F,45-54,employes,DE,AL3,tc,industrie,etr,4.18
F,6717-6718-6719-6720-6721-6722,67,F,45-54,employes,DE,AL3,voiture,commerce_services,etr,5.78
F,6717-6718-6719-6720-6721-6722,67,F,45-54,employes,DE,AL3,voiture,commerce_services,fr,25.58
F,6717-6718-6719-6720-6721-6722,67,F,45-54,employes,DE,AL3,voiture,industrie,etr,4.67
F,6717-6718-6719-6720-6721-6722,67,F,45-54,employes,DE,AL3,voiture,public_sante,etr,4.44
F,6717-6718-6719-6720-6721-6722,67,F,45-54,ouvriers,DE,AL3,voiture,commerce_services,etr,2.39
F,6717-6718-6719-6720-6721-6722,67,F,45-54,ouvriers,DE,AL3,voiture,commerce_services,fr,14.41
F,6717-6718-6719-6720-6721-6722,67,F,45-54,ouvriers,DE,AL3,voiture,industrie,fr,4.19
F,6717-6718-6719-6720-6721-6722,67,F,45-54,prof_inter,DE,AL2,voiture,industrie,fr,0.98
F,6717-6718-6719-6720-6721-6722,67,F,45-54,prof_inter,DE,AL2,voiture,public_sante,fr,4.77
F,6717-6718-6719-6720-6721-6722,67,F,45-54,prof_inter,DE,AL3,tc,commerce_services,etr,4.13
F,6717-6718-6719-6720-6721-6722,67,F,45-54,prof_inter,DE,AL3,tc,public_sante,fr,4.66
F,6717-6718-6719-6720-6721-6722,67,F,45-54,prof_inter,DE,AL3,velo,commerce_services,fr,4.7
F,6717-6718-6719-6720-6721-6722,67,F,45-54,prof_inter,DE,AL3,velo,public_sante,etr,4.34
F,6717-6718-6719-6720-6721-6722,67,F,45-54,prof_inter,DE,AL3,velo,public_sante,fr,7.99
F,6717-6718-6719-6720-6721-6722,67,F,45-54,prof_inter,DE,AL3,voiture,commerce_services,etr,4.77
F,6717-6718-6719-6720-6721-6722,67,F,45-54,prof_inter,DE,AL3,voiture,commerce_services,fr,10.24
F,6717-6718-6719-6720-6721-6722,67,F,45-54,prof_inter,DE,AL3,voiture,industrie,fr,4.35
F,6717-6718-6719-6720-6721-6722,67,F,45-54,prof_inter,DE,AL3,voiture,public_sante,etr,8.92
F,6717-6718-6719-6720-6721-6722,67,F,45-54,prof_inter,DE,AL3,voiture,public_sante,fr,8.21
F,6717-6718-6719-6720-6721-6722,67,F,45-54,prof_inter,autre,ZZZ,aucun,public_sante,etr,4.13
F,6717-6718-6719-6720-6721-6722,67,F,55+,cadres,DE,AL3,voiture,commerce_services,etr,1.15
F,6717-6718-6719-6720-6721-6722,67,F,55+,cadres,DE,AL3,voiture,commerce_services,fr,16.23
F,6717-6718-6719-6720-6721-6722,67,F,55+,cadres,DE,AL3,voiture,industrie,fr,6.63
F,6717-6718-6719-6720-6721-6722,67,F,55+,cadres,DE,AL3,voiture,public_sante,etr,4.41
F,6717-6718-6719-6720-6721-6722,67,F,55+,cadres,DE,AL3,voiture,public_sante,fr,5.32
F,6717-6718-6719-6720-6721-6722,67,F,55+,employes,DE,AL2,voiture,industrie,fr,4.35
F,6717-6718-6719-6720-6721-6722,67,F,55+,employes,DE,AL3,deux_roues,public_sante,etr,2.66
F,6717-6718-6719-6720-6721-6722,67,F,55+,employes,DE,AL3,tc,industrie,fr,4.01
F,6717-6718-6719-6720-6721-6722,67,F,55+,employes,DE,AL3,tc,public_sante,etr,4.32
F,6717-6718-6719-6720-6721-6722,67,F,55+,employes,DE,AL3,tc,public_sante,fr,4.54
F,6717-6718-6719-6720-6721-6722,67,F,55+,employes,DE,AL3,voiture,commerce_services,etr,1.21
F,6717-6718-6719-6720-6721-6722,67,F,55+,employes,DE,AL3,voiture,commerce_services,fr,8.14
F,6717-6718-6719-6720-6721-6722,67,F,55+,employes,DE,AL3,voiture,public_sante,etr,1.14
F,6717-6718-6719-6720-6721-6722,67,F,55+,employes,DE,AL3,voiture,public_sante,fr,13.74
F,6717-6718-6719-6720-6721-6722,67,F,55+,ouvriers,DE,AL3,tc,commerce_services,etr,4.63
F,6717-6718-6719-6720-6721-6722,67,F,55+,ouvriers,DE,AL3,voiture,commerce_services,etr,4.24
F,6717-6718-6719-6720-6721-6722,67,F,55+,ouvriers,DE,AL3,voiture,commerce_services,fr,12.33
F,6717-6718-6719-6720-6721-6722,67,F,55+,ouvriers,DE,AL3,voiture,industrie,fr,22.89
F,6717-6718-6719-6720-6721-6722,67,F,55+,prof_inter,CH,SUC,velo,commerce_services,etr,1.33
F,6717-6718-6719-6720-6721-6722,67,F,55+,prof_inter,DE,AL3,velo,commerce_services,fr,4.65
F,6717-6718-6719-6720-6721-6722,67,F,55+,prof_inter,DE,AL3,velo,public_sante,etr,4.73
F,6717-6718-6719-6720-6721-6722,67,F,55+,prof_inter,DE,AL3,voiture,commerce_services,etr,7.58
F,6717-6718-6719-6720-6721-6722,67,F,55+,prof_inter,DE,AL3,voiture,commerce_services,fr,15.21
F,6717-6718-6719-6720-6721-6722,67,F,55+,prof_inter,DE,AL3,voiture,industrie,fr,4.81
F,6717-6718-6719-6720-6721-6722,67,F,55+,prof_inter,DE,AL3,voiture,public_sante,fr,8.39
F,6717-6718-6719-6720-6721-6722,67,H,15-29,artisans,DE,AL3,voiture,commerce_services,fr,3.89
F,6717-6718-6719-6720-6721-6722,67,H,15-29,artisans,DE,AL3,voiture,construction,fr,4.51
F,6717-6718-6719-6720-6721-6722,67,H,15-29,cadres,CH,SU7,voiture,commerce_services,fr,1.16
F,6717-6718-6719-6720-6721-6722,67,H,15-29,cadres,DE,AL1,tc,public_sante,etr,1.24
F,6717-6718-6719-6720-6721-6722,67,H,15-29,cadres,DE,AL3,tc,commerce_services,etr,3.42
F,6717-6718-6719-6720-6721-6722,67,H,15-29,cadres,DE,AL3,tc,commerce_services,fr,13.5
F,6717-6718-6719-6720-6721-6722,67,H,15-29,cadres,DE,AL3,tc,industrie,fr,5.35
F,6717-6718-6719-6720-6721-6722,67,H,15-29,cadres,DE,AL3,tc,public_sante,etr,3.82
F,6717-6718-6719-6720-6721-6722,67,H,15-29,cadres,DE,AL3,velo,commerce_services,fr,23.61
F,6717-6718-6719-6720-6721-6722,67,H,15-29,cadres,DE,AL3,velo,public_sante,fr,5.53
F,6717-6718-6719-6720-6721-6722,67,H,15-29,cadres,DE,AL3,voiture,construction,etr,1.33
F,6717-6718-6719-6720-6721-6722,67,H,15-29,cadres,DE,AL3,voiture,construction,fr,1.33
F,6717-6718-6719-6720-6721-6722,67,H,15-29,cadres,DE,AL3,voiture,industrie,fr,1.33
F,6717-6718-6719-6720-6721-6722,67,H,15-29,cadres,DE,ALR,velo,public_sante,fr,4.54
F,6717-6718-6719-6720-6721-6722,67,H,15-29,cadres,autre,ZZZ,tc,commerce_services,fr,9.14
F,6717-6718-6719-6720-6721-6722,67,H,15-29,cadres,autre,ZZZ,velo,commerce_services,fr,1.25
F,6717-6718-6719-6720-6721-6722,67,H,15-29,cadres,autre,ZZZ,velo,public_sante,fr,3.72
F,6717-6718-6719-6720-6721-6722,67,H,15-29,employes,CH,SU6,voiture,commerce_services,fr,1.25
F,6717-6718-6719-6720-6721-6722,67,H,15-29,employes,DE,AL3,tc,commerce_services,fr,4.08
F,6717-6718-6719-6720-6721-6722,67,H,15-29,employes,DE,AL3,tc,public_sante,fr,1.26
F,6717-6718-6719-6720-6721-6722,67,H,15-29,employes,DE,AL3,voiture,commerce_services,etr,4.43
F,6717-6718-6719-6720-6721-6722,67,H,15-29,employes,DE,AL3,voiture,commerce_services,fr,22.97
F,6717-6718-6719-6720-6721-6722,67,H,15-29,employes,autre,BE5,velo,industrie,fr,4.16
F,6717-6718-6719-6720-6721-6722,67,H,15-29,employes,autre,LU3,tc,commerce_services,etr,4.02
F,6717-6718-6719-6720-6721-6722,67,H,15-29,employes,autre,ZZZ,tc,commerce_services,fr,1.24
F,6717-6718-6719-6720-6721-6722,67,H,15-29,ouvriers,CH,SU1,voiture,construction,fr,1.25
F,6717-6718-6719-6720-6721-6722,67,H,15-29,ouvriers,CH,SU6,deux_roues,industrie,fr,1.33
F,6717-6718-6719-6720-6721-6722,67,H,15-29,ouvriers,CH,SU6,tc,industrie,fr,6.76
F,6717-6718-6719-6720-6721-6722,67,H,15-29,ouvriers,CH,SU6,voiture,commerce_services,fr,4.05
F,6717-6718-6719-6720-6721-6722,67,H,15-29,ouvriers,CH,SU6,voiture,industrie,fr,13.16
F,6717-6718-6719-6720-6721-6722,67,H,15-29,ouvriers,DE,AL3,tc,commerce_services,etr,4.65
F,6717-6718-6719-6720-6721-6722,67,H,15-29,ouvriers,DE,AL3,tc,commerce_services,fr,5.02
F,6717-6718-6719-6720-6721-6722,67,H,15-29,ouvriers,DE,AL3,velo,commerce_services,etr,1.32
F,6717-6718-6719-6720-6721-6722,67,H,15-29,ouvriers,DE,AL3,velo,commerce_services,fr,4.43
F,6717-6718-6719-6720-6721-6722,67,H,15-29,ouvriers,DE,AL3,voiture,commerce_services,etr,3.85
F,6717-6718-6719-6720-6721-6722,67,H,15-29,ouvriers,DE,AL3,voiture,commerce_services,fr,50.57
F,6717-6718-6719-6720-6721-6722,67,H,15-29,ouvriers,DE,AL3,voiture,industrie,fr,20.8
F,6717-6718-6719-6720-6721-6722,67,H,15-29,ouvriers,DE,AL3,voiture,public_sante,fr,4.59
F,6717-6718-6719-6720-6721-6722,67,H,15-29,ouvriers,autre,LU3,voiture,commerce_services,fr,3.43
F,6717-6718-6719-6720-6721-6722,67,H,15-29,prof_inter,CH,SU6,tc,industrie,fr,4.33
F,6717-6718-6719-6720-6721-6722,67,H,15-29,prof_inter,CH,SU9,voiture,commerce_services,fr,4.36
F,6717-6718-6719-6720-6721-6722,67,H,15-29,prof_inter,CH,SUC,voiture,industrie,fr,4.36
F,6717-6718-6719-6720-6721-6722,67,H,15-29,prof_inter,CH,SUD,voiture,public_sante,fr,1.29
F,6717-6718-6719-6720-6721-6722,67,H,15-29,prof_inter,DE,AL3,marche,commerce_services,fr,3.59
F,6717-6718-6719-6720-6721-6722,67,H,15-29,prof_inter,DE,AL3,tc,commerce_services,fr,11.77
F,6717-6718-6719-6720-6721-6722,67,H,15-29,prof_inter,DE,AL3,tc,public_sante,etr,4.7
F,6717-6718-6719-6720-6721-6722,67,H,15-29,prof_inter,DE,AL3,velo,commerce_services,fr,10.75
F,6717-6718-6719-6720-6721-6722,67,H,15-29,prof_inter,DE,AL3,velo,industrie,fr,5.53
F,6717-6718-6719-6720-6721-6722,67,H,15-29,prof_inter,DE,AL3,velo,public_sante,etr,4.33
F,6717-6718-6719-6720-6721-6722,67,H,15-29,prof_inter,DE,AL3,velo,public_sante,fr,1.16
F,6717-6718-6719-6720-6721-6722,67,H,15-29,prof_inter,DE,AL3,voiture,commerce_services,etr,5.86
F,6717-6718-6719-6720-6721-6722,67,H,15-29,prof_inter,DE,AL3,voiture,commerce_services,fr,8.3
F,6717-6718-6719-6720-6721-6722,67,H,15-29,prof_inter,DE,AL3,voiture,construction,fr,5.66
F,6717-6718-6719-6720-6721-6722,67,H,15-29,prof_inter,DE,AL3,voiture,industrie,fr,4.25
F,6717-6718-6719-6720-6721-6722,67,H,15-29,prof_inter,DE,AL3,voiture,public_sante,fr,6.96
F,6717-6718-6719-6720-6721-6722,67,H,15-29,prof_inter,autre,LU3,voiture,commerce_services,fr,3.98
F,6717-6718-6719-6720-6721-6722,67,H,15-29,prof_inter,autre,ZZZ,tc,commerce_services,etr,4.31
F,6717-6718-6719-6720-6721-6722,67,H,15-29,prof_inter,autre,ZZZ,tc,public_sante,etr,1.26
F,6717-6718-6719-6720-6721-6722,67,H,30-44,artisans,DE,AL3,voiture,commerce_services,etr,3.65
F,6717-6718-6719-6720-6721-6722,67,H,30-44,artisans,DE,AL3,voiture,commerce_services,fr,4.63
F,6717-6718-6719-6720-6721-6722,67,H,30-44,artisans,DE,AL3,voiture,construction,etr,5.26
F,6717-6718-6719-6720-6721-6722,67,H,30-44,artisans,autre,ZZZ,marche,commerce_services,etr,4.08
F,6717-6718-6719-6720-6721-6722,67,H,30-44,cadres,CH,SU1,tc,public_sante,fr,4.92
F,6717-6718-6719-6720-6721-6722,67,H,30-44,cadres,CH,SU2,tc,commerce_services,etr,1.31
F,6717-6718-6719-6720-6721-6722,67,H,30-44,cadres,CH,SU6,tc,commerce_services,etr,4.68
F,6717-6718-6719-6720-6721-6722,67,H,30-44,cadres,CH,SU6,tc,commerce_services,fr,4.8
F,6717-6718-6719-6720-6721-6722,67,H,30-44,cadres,CH,SU6,tc,industrie,etr,3.89
F,6717-6718-6719-6720-6721-6722,67,H,30-44,cadres,CH,SU6,voiture,commerce_services,fr,1.25
F,6717-6718-6719-6720-6721-6722,67,H,30-44,cadres,CH,SU7,tc,commerce_services,fr,2.5
F,6717-6718-6719-6720-6721-6722,67,H,30-44,cadres,CH,SU8,tc,industrie,fr,4.46
F,6717-6718-6719-6720-6721-6722,67,H,30-44,cadres,CH,SUC,voiture,industrie,fr,1.34
F,6717-6718-6719-6720-6721-6722,67,H,30-44,cadres,CH,SUD,voiture,public_sante,fr,4.38
F,6717-6718-6719-6720-6721-6722,67,H,30-44,cadres,DE,AL2,voiture,industrie,etr,0.98
F,6717-6718-6719-6720-6721-6722,67,H,30-44,cadres,DE,AL2,voiture,industrie,fr,4.28
F,6717-6718-6719-6720-6721-6722,67,H,30-44,cadres,DE,AL2,voiture,public_sante,fr,1.3
F,6717-6718-6719-6720-6721-6722,67,H,30-44,cadres,DE,AL3,marche,commerce_services,fr,4.78
F,6717-6718-6719-6720-6721-6722,67,H,30-44,cadres,DE,AL3,tc,commerce_services,etr,5.24
F,6717-6718-6719-6720-6721-6722,67,H,30-44,cadres,DE,AL3,tc,commerce_services,fr,11.41
F,6717-6718-6719-6720-6721-6722,67,H,30-44,cadres,DE,AL3,tc,public_sante,etr,8.31
F,6717-6718-6719-6720-6721-6722,67,H,30-44,cadres,DE,AL3,tc,public_sante,fr,12.99
F,6717-6718-6719-6720-6721-6722,67,H,30-44,cadres,DE,AL3,velo,commerce_services,etr,1.24
F,6717-6718-6719-6720-6721-6722,67,H,30-44,cadres,DE,AL3,velo,commerce_services,fr,10.33
F,6717-6718-6719-6720-6721-6722,67,H,30-44,cadres,DE,AL3,velo,industrie,etr,4.64
F,6717-6718-6719-6720-6721-6722,67,H,30-44,cadres,DE,AL3,velo,industrie,fr,5.87
F,6717-6718-6719-6720-6721-6722,67,H,30-44,cadres,DE,AL3,velo,public_sante,etr,4.18
F,6717-6718-6719-6720-6721-6722,67,H,30-44,cadres,DE,AL3,velo,public_sante,fr,3.48
F,6717-6718-6719-6720-6721-6722,67,H,30-44,cadres,DE,AL3,voiture,agriculture,fr,3.89
F,6717-6718-6719-6720-6721-6722,67,H,30-44,cadres,DE,AL3,voiture,commerce_services,etr,13.31
F,6717-6718-6719-6720-6721-6722,67,H,30-44,cadres,DE,AL3,voiture,commerce_services,fr,53.79
F,6717-6718-6719-6720-6721-6722,67,H,30-44,cadres,DE,AL3,voiture,construction,etr,9.22
F,6717-6718-6719-6720-6721-6722,67,H,30-44,cadres,DE,AL3,voiture,construction,fr,1.33
F,6717-6718-6719-6720-6721-6722,67,H,30-44,cadres,DE,AL3,voiture,industrie,etr,12.56
F,6717-6718-6719-6720-6721-6722,67,H,30-44,cadres,DE,AL3,voiture,industrie,fr,48.14
F,6717-6718-6719-6720-6721-6722,67,H,30-44,cadres,DE,AL3,voiture,public_sante,etr,9.03
F,6717-6718-6719-6720-6721-6722,67,H,30-44,cadres,DE,AL3,voiture,public_sante,fr,20.74
F,6717-6718-6719-6720-6721-6722,67,H,30-44,cadres,autre,LU3,tc,public_sante,fr,4.13
F,6717-6718-6719-6720-6721-6722,67,H,30-44,cadres,autre,LU3,voiture,commerce_services,fr,8.99
F,6717-6718-6719-6720-6721-6722,67,H,30-44,cadres,autre,LU3,voiture,industrie,fr,4.16
F,6717-6718-6719-6720-6721-6722,67,H,30-44,cadres,autre,ZZZ,aucun,commerce_services,etr,4.17
F,6717-6718-6719-6720-6721-6722,67,H,30-44,cadres,autre,ZZZ,tc,commerce_services,etr,1.33
F,6717-6718-6719-6720-6721-6722,67,H,30-44,cadres,autre,ZZZ,tc,public_sante,etr,4.12
F,6717-6718-6719-6720-6721-6722,67,H,30-44,employes,CH,SU6,tc,public_sante,fr,1.33
F,6717-6718-6719-6720-6721-6722,67,H,30-44,employes,DE,AL3,marche,commerce_services,etr,1.33
F,6717-6718-6719-6720-6721-6722,67,H,30-44,employes,DE,AL3,tc,commerce_services,etr,4.41
F,6717-6718-6719-6720-6721-6722,67,H,30-44,employes,DE,AL3,tc,commerce_services,fr,4.7
F,6717-6718-6719-6720-6721-6722,67,H,30-44,employes,DE,AL3,velo,commerce_services,fr,4.22
F,6717-6718-6719-6720-6721-6722,67,H,30-44,employes,DE,AL3,velo,public_sante,fr,4.27
F,6717-6718-6719-6720-6721-6722,67,H,30-44,employes,DE,AL3,voiture,commerce_services,etr,2.59
F,6717-6718-6719-6720-6721-6722,67,H,30-44,employes,DE,AL3,voiture,commerce_services,fr,3.93
F,6717-6718-6719-6720-6721-6722,67,H,30-44,employes,autre,ZZZ,velo,commerce_services,etr,5.33
F,6717-6718-6719-6720-6721-6722,67,H,30-44,ouvriers,CH,SU1,voiture,construction,fr,1.41
F,6717-6718-6719-6720-6721-6722,67,H,30-44,ouvriers,DE,AL3,tc,commerce_services,fr,8.33
F,6717-6718-6719-6720-6721-6722,67,H,30-44,ouvriers,DE,AL3,tc,industrie,fr,1.25
F,6717-6718-6719-6720-6721-6722,67,H,30-44,ouvriers,DE,AL3,voiture,commerce_services,etr,6.67
F,6717-6718-6719-6720-6721-6722,67,H,30-44,ouvriers,DE,AL3,voiture,commerce_services,fr,19.13
F,6717-6718-6719-6720-6721-6722,67,H,30-44,ouvriers,DE,AL3,voiture,construction,fr,25.6
F,6717-6718-6719-6720-6721-6722,67,H,30-44,ouvriers,DE,AL3,voiture,industrie,etr,4.1
F,6717-6718-6719-6720-6721-6722,67,H,30-44,ouvriers,DE,AL3,voiture,industrie,fr,23.25
F,6717-6718-6719-6720-6721-6722,67,H,30-44,ouvriers,autre,ZZZ,velo,construction,etr,4.24
F,6717-6718-6719-6720-6721-6722,67,H,30-44,prof_inter,CH,SU6,voiture,industrie,fr,1.33
F,6717-6718-6719-6720-6721-6722,67,H,30-44,prof_inter,CH,SU6,voiture,public_sante,fr,1.52
F,6717-6718-6719-6720-6721-6722,67,H,30-44,prof_inter,DE,AL3,tc,commerce_services,etr,4.18
F,6717-6718-6719-6720-6721-6722,67,H,30-44,prof_inter,DE,AL3,tc,commerce_services,fr,14.49
F,6717-6718-6719-6720-6721-6722,67,H,30-44,prof_inter,DE,AL3,tc,public_sante,etr,11.96
F,6717-6718-6719-6720-6721-6722,67,H,30-44,prof_inter,DE,AL3,velo,commerce_services,etr,8.4
F,6717-6718-6719-6720-6721-6722,67,H,30-44,prof_inter,DE,AL3,velo,construction,fr,4.38
F,6717-6718-6719-6720-6721-6722,67,H,30-44,prof_inter,DE,AL3,velo,industrie,etr,4.65
F,6717-6718-6719-6720-6721-6722,67,H,30-44,prof_inter,DE,AL3,velo,public_sante,etr,9.27
F,6717-6718-6719-6720-6721-6722,67,H,30-44,prof_inter,DE,AL3,velo,public_sante,fr,1.33
F,6717-6718-6719-6720-6721-6722,67,H,30-44,prof_inter,DE,AL3,voiture,commerce_services,etr,5.46
F,6717-6718-6719-6720-6721-6722,67,H,30-44,prof_inter,DE,AL3,voiture,commerce_services,fr,19.2
F,6717-6718-6719-6720-6721-6722,67,H,30-44,prof_inter,DE,AL3,voiture,construction,fr,4.93
F,6717-6718-6719-6720-6721-6722,67,H,30-44,prof_inter,DE,AL3,voiture,industrie,etr,2.66
F,6717-6718-6719-6720-6721-6722,67,H,30-44,prof_inter,DE,AL3,voiture,industrie,fr,12.65
F,6717-6718-6719-6720-6721-6722,67,H,30-44,prof_inter,DE,AL3,voiture,public_sante,etr,6.72
F,6717-6718-6719-6720-6721-6722,67,H,30-44,prof_inter,autre,LU3,voiture,commerce_services,etr,3.89
F,6717-6718-6719-6720-6721-6722,67,H,30-44,prof_inter,autre,LU3,voiture,commerce_services,fr,4.8
F,6717-6718-6719-6720-6721-6722,67,H,45-54,agriculteurs,DE,AL3,voiture,industrie,etr,4.17
F,6717-6718-6719-6720-6721-6722,67,H,45-54,artisans,CH,SU6,tc,commerce_services,fr,4.38
F,6717-6718-6719-6720-6721-6722,67,H,45-54,artisans,DE,AL3,velo,commerce_services,fr,4.12
F,6717-6718-6719-6720-6721-6722,67,H,45-54,artisans,DE,AL3,voiture,commerce_services,etr,4.71
F,6717-6718-6719-6720-6721-6722,67,H,45-54,artisans,autre,ZZZ,tc,commerce_services,fr,4.73
F,6717-6718-6719-6720-6721-6722,67,H,45-54,cadres,CH,SU1,tc,commerce_services,etr,1.24
F,6717-6718-6719-6720-6721-6722,67,H,45-54,cadres,CH,SU1,tc,public_sante,fr,4.0
F,6717-6718-6719-6720-6721-6722,67,H,45-54,cadres,CH,SU3,voiture,industrie,fr,4.65
F,6717-6718-6719-6720-6721-6722,67,H,45-54,cadres,CH,SU6,tc,commerce_services,etr,8.69
F,6717-6718-6719-6720-6721-6722,67,H,45-54,cadres,CH,SU6,tc,commerce_services,fr,1.33
F,6717-6718-6719-6720-6721-6722,67,H,45-54,cadres,CH,SU6,tc,industrie,fr,4.66
F,6717-6718-6719-6720-6721-6722,67,H,45-54,cadres,CH,SU7,marche,commerce_services,etr,3.59
F,6717-6718-6719-6720-6721-6722,67,H,45-54,cadres,CH,SUN,tc,commerce_services,fr,3.65
F,6717-6718-6719-6720-6721-6722,67,H,45-54,cadres,DE,AL1,voiture,commerce_services,etr,1.21
F,6717-6718-6719-6720-6721-6722,67,H,45-54,cadres,DE,AL2,voiture,public_sante,etr,1.05
F,6717-6718-6719-6720-6721-6722,67,H,45-54,cadres,DE,AL3,tc,commerce_services,etr,1.27
F,6717-6718-6719-6720-6721-6722,67,H,45-54,cadres,DE,AL3,tc,commerce_services,fr,5.01
F,6717-6718-6719-6720-6721-6722,67,H,45-54,cadres,DE,AL3,tc,public_sante,etr,4.83
F,6717-6718-6719-6720-6721-6722,67,H,45-54,cadres,DE,AL3,tc,public_sante,fr,4.65
F,6717-6718-6719-6720-6721-6722,67,H,45-54,cadres,DE,AL3,velo,commerce_services,etr,4.7
F,6717-6718-6719-6720-6721-6722,67,H,45-54,cadres,DE,AL3,velo,public_sante,etr,4.7
F,6717-6718-6719-6720-6721-6722,67,H,45-54,cadres,DE,AL3,voiture,commerce_services,etr,12.61
F,6717-6718-6719-6720-6721-6722,67,H,45-54,cadres,DE,AL3,voiture,commerce_services,fr,44.14
F,6717-6718-6719-6720-6721-6722,67,H,45-54,cadres,DE,AL3,voiture,industrie,etr,10.54
F,6717-6718-6719-6720-6721-6722,67,H,45-54,cadres,DE,AL3,voiture,industrie,fr,30.03
F,6717-6718-6719-6720-6721-6722,67,H,45-54,cadres,DE,AL3,voiture,public_sante,etr,14.22
F,6717-6718-6719-6720-6721-6722,67,H,45-54,cadres,DE,AL3,voiture,public_sante,fr,4.96
F,6717-6718-6719-6720-6721-6722,67,H,45-54,cadres,autre,BE5,tc,commerce_services,fr,3.86
F,6717-6718-6719-6720-6721-6722,67,H,45-54,cadres,autre,LU3,voiture,industrie,fr,1.23
F,6717-6718-6719-6720-6721-6722,67,H,45-54,cadres,autre,ZZZ,marche,commerce_services,etr,4.1
F,6717-6718-6719-6720-6721-6722,67,H,45-54,cadres,autre,ZZZ,tc,commerce_services,etr,6.57
F,6717-6718-6719-6720-6721-6722,67,H,45-54,cadres,autre,ZZZ,tc,public_sante,fr,4.31
F,6717-6718-6719-6720-6721-6722,67,H,45-54,cadres,autre,ZZZ,voiture,commerce_services,etr,12.5
F,6717-6718-6719-6720-6721-6722,67,H,45-54,employes,CH,SUD,voiture,industrie,fr,3.82
F,6717-6718-6719-6720-6721-6722,67,H,45-54,employes,DE,AL2,voiture,commerce_services,fr,1.21
F,6717-6718-6719-6720-6721-6722,67,H,45-54,employes,DE,AL3,tc,public_sante,etr,1.25
F,6717-6718-6719-6720-6721-6722,67,H,45-54,employes,DE,AL3,voiture,commerce_services,fr,4.96
F,6717-6718-6719-6720-6721-6722,67,H,45-54,employes,autre,ZZZ,voiture,commerce_services,etr,4.86
F,6717-6718-6719-6720-6721-6722,67,H,45-54,ouvriers,DE,AL1,tc,commerce_services,fr,4.74
F,6717-6718-6719-6720-6721-6722,67,H,45-54,ouvriers,DE,AL3,tc,commerce_services,etr,4.8
F,6717-6718-6719-6720-6721-6722,67,H,45-54,ouvriers,DE,AL3,tc,commerce_services,fr,10.61
F,6717-6718-6719-6720-6721-6722,67,H,45-54,ouvriers,DE,AL3,velo,commerce_services,fr,7.71
F,6717-6718-6719-6720-6721-6722,67,H,45-54,ouvriers,DE,AL3,voiture,commerce_services,etr,10.85
F,6717-6718-6719-6720-6721-6722,67,H,45-54,ouvriers,DE,AL3,voiture,commerce_services,fr,35.73
F,6717-6718-6719-6720-6721-6722,67,H,45-54,ouvriers,DE,AL3,voiture,construction,fr,6.35
F,6717-6718-6719-6720-6721-6722,67,H,45-54,ouvriers,DE,AL3,voiture,industrie,fr,31.9
F,6717-6718-6719-6720-6721-6722,67,H,45-54,prof_inter,CH,SU6,tc,commerce_services,fr,4.02
F,6717-6718-6719-6720-6721-6722,67,H,45-54,prof_inter,DE,AL3,voiture,commerce_services,etr,4.04
F,6717-6718-6719-6720-6721-6722,67,H,45-54,prof_inter,DE,AL3,voiture,commerce_services,fr,21.15
F,6717-6718-6719-6720-6721-6722,67,H,45-54,prof_inter,DE,AL3,voiture,industrie,etr,5.67
F,6717-6718-6719-6720-6721-6722,67,H,45-54,prof_inter,DE,AL3,voiture,industrie,fr,4.22
F,6717-6718-6719-6720-6721-6722,67,H,45-54,prof_inter,DE,AL3,voiture,public_sante,etr,4.2
F,6717-6718-6719-6720-6721-6722,67,H,45-54,prof_inter,autre,ZZZ,tc,industrie,fr,4.13
F,6717-6718-6719-6720-6721-6722,67,H,55+,artisans,DE,AL3,voiture,commerce_services,fr,8.67
F,6717-6718-6719-6720-6721-6722,67,H,55+,artisans,DE,AL3,voiture,industrie,fr,9.22
F,6717-6718-6719-6720-6721-6722,67,H,55+,cadres,CH,SU8,tc,industrie,fr,4.8
F,6717-6718-6719-6720-6721-6722,67,H,55+,cadres,CH,SUC,tc,commerce_services,fr,3.95
F,6717-6718-6719-6720-6721-6722,67,H,55+,cadres,CH,SUD,voiture,commerce_services,fr,8.55
F,6717-6718-6719-6720-6721-6722,67,H,55+,cadres,DE,AL2,voiture,public_sante,etr,4.49
F,6717-6718-6719-6720-6721-6722,67,H,55+,cadres,DE,AL3,tc,commerce_services,fr,5.58
F,6717-6718-6719-6720-6721-6722,67,H,55+,cadres,DE,AL3,velo,commerce_services,etr,12.69
F,6717-6718-6719-6720-6721-6722,67,H,55+,cadres,DE,AL3,velo,commerce_services,fr,4.36
F,6717-6718-6719-6720-6721-6722,67,H,55+,cadres,DE,AL3,velo,industrie,fr,3.59
F,6717-6718-6719-6720-6721-6722,67,H,55+,cadres,DE,AL3,voiture,commerce_services,etr,4.13
F,6717-6718-6719-6720-6721-6722,67,H,55+,cadres,DE,AL3,voiture,commerce_services,fr,12.3
F,6717-6718-6719-6720-6721-6722,67,H,55+,cadres,DE,AL3,voiture,construction,etr,4.18
F,6717-6718-6719-6720-6721-6722,67,H,55+,cadres,DE,AL3,voiture,industrie,etr,4.5
F,6717-6718-6719-6720-6721-6722,67,H,55+,cadres,DE,AL3,voiture,industrie,fr,16.26
F,6717-6718-6719-6720-6721-6722,67,H,55+,cadres,DE,AL3,voiture,public_sante,etr,9.35
F,6717-6718-6719-6720-6721-6722,67,H,55+,cadres,DE,AL3,voiture,public_sante,fr,4.66
F,6717-6718-6719-6720-6721-6722,67,H,55+,cadres,autre,LU3,tc,commerce_services,fr,8.31
F,6717-6718-6719-6720-6721-6722,67,H,55+,cadres,autre,LU3,voiture,commerce_services,fr,4.57
F,6717-6718-6719-6720-6721-6722,67,H,55+,cadres,autre,ZZZ,aucun,commerce_services,etr,1.33
F,6717-6718-6719-6720-6721-6722,67,H,55+,employes,CH,SU9,voiture,commerce_services,fr,1.49
F,6717-6718-6719-6720-6721-6722,67,H,55+,employes,DE,AL3,voiture,commerce_services,etr,12.87
F,6717-6718-6719-6720-6721-6722,67,H,55+,employes,DE,AL5,voiture,commerce_services,fr,4.2
F,6717-6718-6719-6720-6721-6722,67,H,55+,ouvriers,DE,AL2,voiture,industrie,fr,1.26
F,6717-6718-6719-6720-6721-6722,67,H,55+,ouvriers,DE,AL3,velo,commerce_services,fr,4.31
F,6717-6718-6719-6720-6721-6722,67,H,55+,ouvriers,DE,AL3,voiture,commerce_services,etr,10.58
F,6717-6718-6719-6720-6721-6722,67,H,55+,ouvriers,DE,AL3,voiture,commerce_services,fr,58.6
F,6717-6718-6719-6720-6721-6722,67,H,55+,ouvriers,DE,AL3,voiture,construction,fr,11.53
F,6717-6718-6719-6720-6721-6722,67,H,55+,ouvriers,DE,AL3,voiture,industrie,etr,2.71
F,6717-6718-6719-6720-6721-6722,67,H,55+,ouvriers,DE,AL3,voiture,industrie,fr,60.37
F,6717-6718-6719-6720-6721-6722,67,H,55+,prof_inter,CH,SU6,deux_roues,public_sante,fr,1.33
F,6717-6718-6719-6720-6721-6722,67,H,55+,prof_inter,CH,SU6,voiture,commerce_services,fr,1.22
F,6717-6718-6719-6720-6721-6722,67,H,55+,prof_inter,DE,AL3,tc,commerce_services,fr,8.36
F,6717-6718-6719-6720-6721-6722,67,H,55+,prof_inter,DE,AL3,velo,industrie,etr,1.25
F,6717-6718-6719-6720-6721-6722,67,H,55+,prof_inter,DE,AL3,voiture,commerce_services,etr,17.88
F,6717-6718-6719-6720-6721-6722,67,H,55+,prof_inter,DE,AL3,voiture,commerce_services,fr,4.8
F,6717-6718-6719-6720-6721-6722,67,H,55+,prof_inter,DE,AL3,voiture,construction,fr,4.38
F,6717-6718-6719-6720-6721-6722,67,H,55+,prof_inter,DE,AL3,voiture,industrie,fr,10.62
F,6717-6718-6719-6720-6721-6722,67,H,55+,prof_inter,DE,AL3,voiture,public_sante,fr,13.61
F,6717-6718-6719-6720-6721-6722,67,H,55+,prof_inter,DE,ALU,voiture,commerce_services,fr,2.66
F,6717-6718-6719-6720-6721-6722,67,H,55+,prof_inter,autre,ZZZ,tc,industrie,fr,1.22
F,6717-6718-6719-6720-6721-6722,67,H,55+,prof_inter,autre,ZZZ,voiture,commerce_services,etr,4.63
F,6717-6718-6719-6720-6721-6722,67,H,55+,prof_inter,autre,ZZZ,voiture,public_sante,fr,8.72
F,6723,67,F,15-29,artisans,DE,AL2,voiture,commerce_services,etr,4.97
F,6723,67,F,15-29,artisans,DE,AL3,voiture,commerce_services,fr,5.11
F,6723,67,F,15-29,artisans,DE,AL3,voiture,industrie,etr,5.55
F,6723,67,F,15-29,cadres,DE,AL3,voiture,commerce_services,fr,10.02
F,6723,67,F,15-29,cadres,DE,AL3,voiture,industrie,fr,4.98
F,6723,67,F,15-29,cadres,DE,AL3,voiture,public_sante,fr,4.97
F,6723,67,F,15-29,cadres,autre,ZZZ,voiture,commerce_services,fr,5.06
F,6723,67,F,15-29,employes,DE,AL2,tc,public_sante,etr,4.97
F,6723,67,F,15-29,employes,DE,AL2,voiture,commerce_services,etr,9.91
F,6723,67,F,15-29,employes,DE,AL2,voiture,public_sante,etr,4.9
F,6723,67,F,15-29,employes,DE,AL3,deux_roues,commerce_services,fr,5.07
F,6723,67,F,15-29,employes,DE,AL3,voiture,commerce_services,etr,10.1
F,6723,67,F,15-29,employes,DE,AL3,voiture,commerce_services,fr,25.11
F,6723,67,F,15-29,employes,DE,AL3,voiture,industrie,fr,5.1
F,6723,67,F,15-29,employes,DE,AL3,voiture,public_sante,fr,14.77
F,6723,67,F,15-29,employes,autre,BE2,tc,commerce_services,fr,4.96
F,6723,67,F,15-29,ouvriers,DE,AL1,voiture,industrie,etr,4.97
F,6723,67,F,15-29,ouvriers,DE,AL1,voiture,industrie,fr,4.72
F,6723,67,F,15-29,ouvriers,DE,AL2,voiture,construction,fr,10.14
F,6723,67,F,15-29,ouvriers,DE,AL2,voiture,industrie,fr,4.9
F,6723,67,F,15-29,ouvriers,DE,AL3,voiture,commerce_services,etr,5.24
F,6723,67,F,15-29,ouvriers,DE,AL3,voiture,commerce_services,fr,44.97
F,6723,67,F,15-29,ouvriers,DE,AL3,voiture,industrie,etr,4.98
F,6723,67,F,15-29,prof_inter,DE,AL2,voiture,commerce_services,fr,9.93
F,6723,67,F,15-29,prof_inter,DE,AL2,voiture,public_sante,etr,5.08
F,6723,67,F,15-29,prof_inter,DE,AL2,voiture,public_sante,fr,20.18
F,6723,67,F,15-29,prof_inter,DE,AL3,voiture,commerce_services,fr,15.13
F,6723,67,F,15-29,prof_inter,DE,AL3,voiture,industrie,fr,5.17
F,6723,67,F,15-29,prof_inter,DE,AL3,voiture,public_sante,etr,9.94
F,6723,67,F,15-29,prof_inter,DE,AL3,voiture,public_sante,fr,74.62
F,6723,67,F,30-44,artisans,DE,AL2,voiture,public_sante,etr,4.97
F,6723,67,F,30-44,cadres,DE,AL2,tc,public_sante,etr,5.01
F,6723,67,F,30-44,cadres,DE,AL2,voiture,commerce_services,fr,4.91
F,6723,67,F,30-44,cadres,DE,AL2,voiture,industrie,etr,5.07
F,6723,67,F,30-44,cadres,DE,AL2,voiture,public_sante,etr,5.15
F,6723,67,F,30-44,cadres,DE,AL2,voiture,public_sante,fr,5.31
F,6723,67,F,30-44,cadres,DE,AL3,tc,commerce_services,etr,4.85
F,6723,67,F,30-44,cadres,DE,AL3,tc,commerce_services,fr,9.94
F,6723,67,F,30-44,cadres,DE,AL3,voiture,commerce_services,etr,20.07
F,6723,67,F,30-44,cadres,DE,AL3,voiture,commerce_services,fr,9.7
F,6723,67,F,30-44,cadres,DE,AL3,voiture,industrie,etr,20.76
F,6723,67,F,30-44,cadres,DE,AL3,voiture,industrie,fr,15.2
F,6723,67,F,30-44,cadres,DE,AL3,voiture,public_sante,etr,10.06
F,6723,67,F,30-44,cadres,DE,AL3,voiture,public_sante,fr,5.66
F,6723,67,F,30-44,cadres,autre,LU3,tc,commerce_services,etr,4.97
F,6723,67,F,30-44,employes,DE,AL1,voiture,commerce_services,fr,5.62
F,6723,67,F,30-44,employes,DE,AL2,voiture,commerce_services,etr,9.94
F,6723,67,F,30-44,employes,DE,AL2,voiture,commerce_services,fr,19.81
F,6723,67,F,30-44,employes,DE,AL2,voiture,industrie,etr,14.95
F,6723,67,F,30-44,employes,DE,AL2,voiture,industrie,fr,4.93
F,6723,67,F,30-44,employes,DE,AL2,voiture,public_sante,fr,4.89
F,6723,67,F,30-44,employes,DE,AL3,marche,commerce_services,etr,5.06
F,6723,67,F,30-44,employes,DE,AL3,voiture,commerce_services,etr,55.36
F,6723,67,F,30-44,employes,DE,AL3,voiture,commerce_services,fr,100.12
F,6723,67,F,30-44,employes,DE,AL3,voiture,industrie,etr,29.61
F,6723,67,F,30-44,employes,DE,AL3,voiture,industrie,fr,45.65
F,6723,67,F,30-44,employes,DE,AL3,voiture,public_sante,etr,9.85
F,6723,67,F,30-44,employes,DE,AL3,voiture,public_sante,fr,14.91
F,6723,67,F,30-44,ouvriers,DE,AL1,voiture,industrie,fr,4.94
F,6723,67,F,30-44,ouvriers,DE,AL2,voiture,industrie,etr,4.89
F,6723,67,F,30-44,ouvriers,DE,AL2,voiture,industrie,fr,34.67
F,6723,67,F,30-44,ouvriers,DE,AL3,deux_roues,commerce_services,etr,4.85
F,6723,67,F,30-44,ouvriers,DE,AL3,voiture,commerce_services,etr,20.28
F,6723,67,F,30-44,ouvriers,DE,AL3,voiture,commerce_services,fr,29.88
F,6723,67,F,30-44,ouvriers,DE,AL3,voiture,construction,fr,10.22
F,6723,67,F,30-44,ouvriers,DE,AL3,voiture,industrie,etr,20.69
F,6723,67,F,30-44,ouvriers,DE,AL3,voiture,industrie,fr,19.99
F,6723,67,F,30-44,ouvriers,DE,ALX,voiture,commerce_services,fr,5.17
F,6723,67,F,30-44,prof_inter,CH,SU9,voiture,public_sante,fr,5.08
F,6723,67,F,30-44,prof_inter,DE,AL2,voiture,commerce_services,etr,4.97
F,6723,67,F,30-44,prof_inter,DE,AL2,voiture,commerce_services,fr,30.73
F,6723,67,F,30-44,prof_inter,DE,AL2,voiture,industrie,fr,19.68
F,6723,67,F,30-44,prof_inter,DE,AL2,voiture,public_sante,etr,20.85
F,6723,67,F,30-44,prof_inter,DE,AL2,voiture,public_sante,fr,20.26
F,6723,67,F,30-44,prof_inter,DE,AL3,tc,industrie,etr,4.9
F,6723,67,F,30-44,prof_inter,DE,AL3,voiture,commerce_services,etr,14.96
F,6723,67,F,30-44,prof_inter,DE,AL3,voiture,commerce_services,fr,24.95
F,6723,67,F,30-44,prof_inter,DE,AL3,voiture,industrie,etr,14.44
F,6723,67,F,30-44,prof_inter,DE,AL3,voiture,industrie,fr,10.59
F,6723,67,F,30-44,prof_inter,DE,AL3,voiture,public_sante,etr,35.06
F,6723,67,F,30-44,prof_inter,DE,AL3,voiture,public_sante,fr,40.22
F,6723,67,F,45-54,artisans,DE,AL2,voiture,commerce_services,etr,4.73
F,6723,67,F,45-54,artisans,DE,AL3,voiture,industrie,fr,4.89
F,6723,67,F,45-54,cadres,DE,AL2,voiture,commerce_services,etr,4.98
F,6723,67,F,45-54,cadres,DE,AL2,voiture,commerce_services,fr,4.98
F,6723,67,F,45-54,cadres,DE,AL3,marche,public_sante,fr,5.01
F,6723,67,F,45-54,cadres,DE,AL3,voiture,commerce_services,etr,30.29
F,6723,67,F,45-54,cadres,DE,AL3,voiture,commerce_services,fr,5.06
F,6723,67,F,45-54,cadres,DE,AL3,voiture,construction,etr,5.05
F,6723,67,F,45-54,cadres,DE,AL3,voiture,construction,fr,4.94
F,6723,67,F,45-54,cadres,DE,AL3,voiture,industrie,etr,9.87
F,6723,67,F,45-54,cadres,DE,AL3,voiture,industrie,fr,19.77
F,6723,67,F,45-54,cadres,DE,AL3,voiture,public_sante,etr,20.23
F,6723,67,F,45-54,cadres,DE,AL3,voiture,public_sante,fr,4.94
F,6723,67,F,45-54,employes,CH,SU6,marche,industrie,fr,5.19
F,6723,67,F,45-54,employes,DE,AL1,voiture,commerce_services,etr,5.07
F,6723,67,F,45-54,employes,DE,AL1,voiture,commerce_services,fr,5.11
F,6723,67,F,45-54,employes,DE,AL2,voiture,commerce_services,fr,40.3
F,6723,67,F,45-54,employes,DE,AL2,voiture,industrie,fr,14.09
F,6723,67,F,45-54,employes,DE,AL2,voiture,public_sante,etr,20.36
F,6723,67,F,45-54,employes,DE,AL2,voiture,public_sante,fr,10.08
F,6723,67,F,45-54,employes,DE,AL3,marche,commerce_services,fr,4.97
F,6723,67,F,45-54,employes,DE,AL3,tc,public_sante,etr,4.97
F,6723,67,F,45-54,employes,DE,AL3,tc,public_sante,fr,4.9
F,6723,67,F,45-54,employes,DE,AL3,voiture,agriculture,fr,5.11
F,6723,67,F,45-54,employes,DE,AL3,voiture,commerce_services,etr,40.33
F,6723,67,F,45-54,employes,DE,AL3,voiture,commerce_services,fr,79.28
F,6723,67,F,45-54,employes,DE,AL3,voiture,construction,etr,10.12
F,6723,67,F,45-54,employes,DE,AL3,voiture,construction,fr,5.0
F,6723,67,F,45-54,employes,DE,AL3,voiture,industrie,etr,4.9
F,6723,67,F,45-54,employes,DE,AL3,voiture,industrie,fr,60.01
F,6723,67,F,45-54,employes,DE,AL3,voiture,public_sante,etr,15.24
F,6723,67,F,45-54,employes,DE,AL3,voiture,public_sante,fr,34.89
F,6723,67,F,45-54,employes,DE,ALX,voiture,commerce_services,etr,5.17
F,6723,67,F,45-54,ouvriers,DE,AL1,deux_roues,commerce_services,fr,5.08
F,6723,67,F,45-54,ouvriers,DE,AL1,voiture,industrie,fr,10.06
F,6723,67,F,45-54,ouvriers,DE,AL2,voiture,commerce_services,fr,14.7
F,6723,67,F,45-54,ouvriers,DE,AL2,voiture,industrie,etr,5.18
F,6723,67,F,45-54,ouvriers,DE,AL2,voiture,industrie,fr,30.1
F,6723,67,F,45-54,ouvriers,DE,AL3,tc,commerce_services,fr,5.24
F,6723,67,F,45-54,ouvriers,DE,AL3,velo,commerce_services,fr,5.15
F,6723,67,F,45-54,ouvriers,DE,AL3,voiture,commerce_services,etr,19.71
F,6723,67,F,45-54,ouvriers,DE,AL3,voiture,commerce_services,fr,44.41
F,6723,67,F,45-54,ouvriers,DE,AL3,voiture,construction,fr,5.01
F,6723,67,F,45-54,ouvriers,DE,AL3,voiture,industrie,etr,10.03
F,6723,67,F,45-54,ouvriers,DE,AL3,voiture,industrie,fr,90.62
F,6723,67,F,45-54,ouvriers,DE,AL3,voiture,public_sante,fr,4.96
F,6723,67,F,45-54,prof_inter,DE,AL1,voiture,commerce_services,fr,5.01
F,6723,67,F,45-54,prof_inter,DE,AL2,voiture,commerce_services,etr,5.05
F,6723,67,F,45-54,prof_inter,DE,AL2,voiture,commerce_services,fr,4.91
F,6723,67,F,45-54,prof_inter,DE,AL2,voiture,industrie,fr,9.79
F,6723,67,F,45-54,prof_inter,DE,AL2,voiture,public_sante,etr,15.09
F,6723,67,F,45-54,prof_inter,DE,AL2,voiture,public_sante,fr,15.89
F,6723,67,F,45-54,prof_inter,DE,AL3,voiture,commerce_services,etr,29.86
F,6723,67,F,45-54,prof_inter,DE,AL3,voiture,commerce_services,fr,34.72
F,6723,67,F,45-54,prof_inter,DE,AL3,voiture,industrie,etr,14.99
F,6723,67,F,45-54,prof_inter,DE,AL3,voiture,industrie,fr,14.86
F,6723,67,F,45-54,prof_inter,DE,AL3,voiture,public_sante,etr,30.44
F,6723,67,F,45-54,prof_inter,DE,AL3,voiture,public_sante,fr,70.41
F,6723,67,F,45-54,prof_inter,DE,ALL,voiture,public_sante,etr,5.18
F,6723,67,F,55+,artisans,DE,AL3,voiture,commerce_services,etr,4.83
F,6723,67,F,55+,artisans,DE,AL3,voiture,commerce_services,fr,4.94
F,6723,67,F,55+,artisans,DE,AL3,voiture,industrie,etr,4.97
F,6723,67,F,55+,artisans,DE,AL3,voiture,industrie,fr,4.96
F,6723,67,F,55+,cadres,DE,AL2,voiture,commerce_services,etr,14.86
F,6723,67,F,55+,cadres,DE,AL2,voiture,industrie,fr,4.93
F,6723,67,F,55+,cadres,DE,AL2,voiture,public_sante,etr,5.45
F,6723,67,F,55+,cadres,DE,AL3,tc,public_sante,fr,5.05
F,6723,67,F,55+,cadres,DE,AL3,voiture,industrie,etr,4.9
F,6723,67,F,55+,cadres,DE,AL3,voiture,industrie,fr,4.96
F,6723,67,F,55+,cadres,DE,AL3,voiture,public_sante,etr,20.01
F,6723,67,F,55+,employes,DE,AL1,voiture,commerce_services,fr,5.17
F,6723,67,F,55+,employes,DE,AL2,marche,public_sante,etr,4.97
F,6723,67,F,55+,employes,DE,AL2,voiture,commerce_services,etr,15.09
F,6723,67,F,55+,employes,DE,AL2,voiture,commerce_services,fr,10.09
F,6723,67,F,55+,employes,DE,AL2,voiture,industrie,etr,4.9
F,6723,67,F,55+,employes,DE,AL2,voiture,industrie,fr,10.09
F,6723,67,F,55+,employes,DE,AL2,voiture,public_sante,etr,4.97
F,6723,67,F,55+,employes,DE,AL3,voiture,commerce_services,etr,65.0
F,6723,67,F,55+,employes,DE,AL3,voiture,commerce_services,fr,115.09
F,6723,67,F,55+,employes,DE,AL3,voiture,construction,etr,5.01
F,6723,67,F,55+,employes,DE,AL3,voiture,industrie,etr,9.83
F,6723,67,F,55+,employes,DE,AL3,voiture,industrie,fr,44.98
F,6723,67,F,55+,employes,DE,AL3,voiture,public_sante,etr,25.47
F,6723,67,F,55+,employes,DE,AL3,voiture,public_sante,fr,30.23
F,6723,67,F,55+,ouvriers,DE,AL1,voiture,industrie,fr,4.9
F,6723,67,F,55+,ouvriers,DE,AL2,voiture,commerce_services,fr,25.11
F,6723,67,F,55+,ouvriers,DE,AL2,voiture,industrie,etr,10.03
F,6723,67,F,55+,ouvriers,DE,AL2,voiture,industrie,fr,15.26
F,6723,67,F,55+,ouvriers,DE,AL2,voiture,public_sante,fr,4.9
F,6723,67,F,55+,ouvriers,DE,AL3,voiture,commerce_services,etr,9.48
F,6723,67,F,55+,ouvriers,DE,AL3,voiture,commerce_services,fr,65.02
F,6723,67,F,55+,ouvriers,DE,AL3,voiture,construction,etr,5.01
F,6723,67,F,55+,ouvriers,DE,AL3,voiture,industrie,etr,44.6
F,6723,67,F,55+,ouvriers,DE,AL3,voiture,industrie,fr,115.41
F,6723,67,F,55+,prof_inter,DE,AL1,voiture,industrie,fr,4.97
F,6723,67,F,55+,prof_inter,DE,AL2,voiture,agriculture,fr,4.86
F,6723,67,F,55+,prof_inter,DE,AL2,voiture,commerce_services,fr,9.87
F,6723,67,F,55+,prof_inter,DE,AL2,voiture,industrie,etr,5.39
F,6723,67,F,55+,prof_inter,DE,AL2,voiture,public_sante,etr,9.86
F,6723,67,F,55+,prof_inter,DE,AL2,voiture,public_sante,fr,10.08
F,6723,67,F,55+,prof_inter,DE,AL3,voiture,commerce_services,etr,45.29
F,6723,67,F,55+,prof_inter,DE,AL3,voiture,commerce_services,fr,34.76
F,6723,67,F,55+,prof_inter,DE,AL3,voiture,industrie,etr,5.05
F,6723,67,F,55+,prof_inter,DE,AL3,voiture,industrie,fr,19.87
F,6723,67,F,55+,prof_inter,DE,AL3,voiture,public_sante,etr,35.56
F,6723,67,F,55+,prof_inter,DE,AL3,voiture,public_sante,fr,29.77
F,6723,67,H,15-29,artisans,DE,AL3,voiture,construction,etr,4.97
F,6723,67,H,15-29,cadres,DE,AL2,voiture,commerce_services,fr,5.31
F,6723,67,H,15-29,cadres,DE,AL3,voiture,commerce_services,etr,4.74
F,6723,67,H,15-29,cadres,DE,AL3,voiture,commerce_services,fr,4.9
F,6723,67,H,15-29,cadres,DE,AL3,voiture,construction,fr,5.07
F,6723,67,H,15-29,cadres,DE,AL3,voiture,public_sante,fr,5.19
F,6723,67,H,15-29,employes,DE,AL3,voiture,commerce_services,etr,5.27
F,6723,67,H,15-29,employes,DE,AL3,voiture,commerce_services,fr,34.95
F,6723,67,H,15-29,employes,DE,AL3,voiture,industrie,fr,4.92
F,6723,67,H,15-29,employes,DE,AL3,voiture,public_sante,fr,10.2
F,6723,67,H,15-29,ouvriers,DE,AL1,voiture,industrie,etr,4.97
F,6723,67,H,15-29,ouvriers,DE,AL1,voiture,industrie,fr,10.25
F,6723,67,H,15-29,ouvriers,DE,AL2,deux_roues,commerce_services,etr,5.06
F,6723,67,H,15-29,ouvriers,DE,AL2,voiture,commerce_services,etr,4.9
F,6723,67,H,15-29,ouvriers,DE,AL2,voiture,commerce_services,fr,14.84
F,6723,67,H,15-29,ouvriers,DE,AL2,voiture,construction,fr,10.08
F,6723,67,H,15-29,ouvriers,DE,AL2,voiture,industrie,etr,9.57
F,6723,67,H,15-29,ouvriers,DE,AL2,voiture,industrie,fr,66.26
F,6723,67,H,15-29,ouvriers,DE,AL3,voiture,commerce_services,etr,14.91
F,6723,67,H,15-29,ouvriers,DE,AL3,voiture,commerce_services,fr,65.09
F,6723,67,H,15-29,ouvriers,DE,AL3,voiture,construction,etr,4.83
F,6723,67,H,15-29,ouvriers,DE,AL3,voiture,construction,fr,65.24
F,6723,67,H,15-29,ouvriers,DE,AL3,voiture,industrie,etr,20.12
F,6723,67,H,15-29,ouvriers,DE,AL3,voiture,industrie,fr,69.25
F,6723,67,H,15-29,prof_inter,CH,SU1,voiture,commerce_services,fr,4.96
F,6723,67,H,15-29,prof_inter,DE,AL2,voiture,commerce_services,fr,4.81
F,6723,67,H,15-29,prof_inter,DE,AL2,voiture,construction,fr,4.94
F,6723,67,H,15-29,prof_inter,DE,AL2,voiture,industrie,fr,5.09
F,6723,67,H,15-29,prof_inter,DE,AL2,voiture,public_sante,etr,5.08
F,6723,67,H,15-29,prof_inter,DE,AL3,voiture,commerce_services,etr,5.24
F,6723,67,H,15-29,prof_inter,DE,AL3,voiture,commerce_services,fr,29.96
F,6723,67,H,15-29,prof_inter,DE,AL3,voiture,construction,etr,5.0
F,6723,67,H,15-29,prof_inter,DE,AL3,voiture,industrie,etr,4.9
F,6723,67,H,15-29,prof_inter,DE,AL3,voiture,industrie,fr,29.36
F,6723,67,H,15-29,prof_inter,DE,AL3,voiture,public_sante,etr,14.84
F,6723,67,H,30-44,artisans,DE,AL2,voiture,construction,fr,5.07
F,6723,67,H,30-44,artisans,DE,AL2,voiture,industrie,fr,9.98
F,6723,67,H,30-44,artisans,DE,AL3,voiture,commerce_services,etr,5.62
F,6723,67,H,30-44,artisans,DE,AL3,voiture,commerce_services,fr,14.71
F,6723,67,H,30-44,artisans,DE,AL3,voiture,public_sante,etr,10.24
F,6723,67,H,30-44,cadres,CH,SU1,voiture,commerce_services,fr,4.85
F,6723,67,H,30-44,cadres,DE,AL2,tc,industrie,fr,4.97
F,6723,67,H,30-44,cadres,DE,AL2,voiture,commerce_services,etr,4.97
F,6723,67,H,30-44,cadres,DE,AL2,voiture,commerce_services,fr,9.61
F,6723,67,H,30-44,cadres,DE,AL2,voiture,industrie,etr,9.94
F,6723,67,H,30-44,cadres,DE,AL2,voiture,industrie,fr,30.08
F,6723,67,H,30-44,cadres,DE,AL3,voiture,commerce_services,etr,25.15
F,6723,67,H,30-44,cadres,DE,AL3,voiture,commerce_services,fr,31.31
F,6723,67,H,30-44,cadres,DE,AL3,voiture,construction,etr,5.71
F,6723,67,H,30-44,cadres,DE,AL3,voiture,industrie,etr,34.67
F,6723,67,H,30-44,cadres,DE,AL3,voiture,industrie,fr,80.15
F,6723,67,H,30-44,cadres,DE,AL3,voiture,public_sante,etr,15.12
F,6723,67,H,30-44,cadres,DE,AL3,voiture,public_sante,fr,4.83
F,6723,67,H,30-44,employes,DE,AL2,voiture,commerce_services,etr,10.03
F,6723,67,H,30-44,employes,DE,AL2,voiture,commerce_services,fr,4.92
F,6723,67,H,30-44,employes,DE,AL2,voiture,industrie,fr,10.07
F,6723,67,H,30-44,employes,DE,AL2,voiture,public_sante,etr,5.08
F,6723,67,H,30-44,employes,DE,AL3,voiture,commerce_services,etr,10.15
F,6723,67,H,30-44,employes,DE,AL3,voiture,commerce_services,fr,24.87
F,6723,67,H,30-44,employes,DE,AL3,voiture,industrie,etr,9.86
F,6723,67,H,30-44,employes,DE,AL3,voiture,industrie,fr,15.22
F,6723,67,H,30-44,employes,DE,AL3,voiture,public_sante,etr,5.24
F,6723,67,H,30-44,employes,DE,AL3,voiture,public_sante,fr,4.9
F,6723,67,H,30-44,ouvriers,DE,AL2,tc,industrie,etr,5.08
F,6723,67,H,30-44,ouvriers,DE,AL2,voiture,commerce_services,etr,5.06
F,6723,67,H,30-44,ouvriers,DE,AL2,voiture,commerce_services,fr,59.85
F,6723,67,H,30-44,ouvriers,DE,AL2,voiture,construction,fr,4.93
F,6723,67,H,30-44,ouvriers,DE,AL2,voiture,industrie,etr,19.68
F,6723,67,H,30-44,ouvriers,DE,AL2,voiture,industrie,fr,79.62
F,6723,67,H,30-44,ouvriers,DE,AL3,tc,commerce_services,fr,5.12
F,6723,67,H,30-44,ouvriers,DE,AL3,voiture,commerce_services,etr,40.4
F,6723,67,H,30-44,ouvriers,DE,AL3,voiture,commerce_services,fr,79.76
F,6723,67,H,30-44,ouvriers,DE,AL3,voiture,construction,etr,15.07
F,6723,67,H,30-44,ouvriers,DE,AL3,voiture,construction,fr,50.62
F,6723,67,H,30-44,ouvriers,DE,AL3,voiture,industrie,etr,91.4
F,6723,67,H,30-44,ouvriers,DE,AL3,voiture,industrie,fr,231.93
F,6723,67,H,30-44,ouvriers,DE,AL3,voiture,public_sante,fr,4.99
F,6723,67,H,30-44,ouvriers,autre,BE1,voiture,commerce_services,etr,5.17
F,6723,67,H,30-44,prof_inter,CH,SU9,voiture,commerce_services,fr,5.08
F,6723,67,H,30-44,prof_inter,DE,AL2,voiture,commerce_services,fr,14.35
F,6723,67,H,30-44,prof_inter,DE,AL2,voiture,industrie,etr,5.07
F,6723,67,H,30-44,prof_inter,DE,AL2,voiture,industrie,fr,14.95
F,6723,67,H,30-44,prof_inter,DE,AL3,tc,construction,etr,4.9
F,6723,67,H,30-44,prof_inter,DE,AL3,voiture,commerce_services,etr,40.11
F,6723,67,H,30-44,prof_inter,DE,AL3,voiture,commerce_services,fr,25.12
F,6723,67,H,30-44,prof_inter,DE,AL3,voiture,construction,etr,10.05
F,6723,67,H,30-44,prof_inter,DE,AL3,voiture,construction,fr,9.97
F,6723,67,H,30-44,prof_inter,DE,AL3,voiture,industrie,etr,9.82
F,6723,67,H,30-44,prof_inter,DE,AL3,voiture,industrie,fr,93.78
F,6723,67,H,30-44,prof_inter,DE,AL3,voiture,public_sante,etr,5.01
F,6723,67,H,45-54,agriculteurs,DE,AL3,voiture,industrie,fr,5.03
F,6723,67,H,45-54,artisans,DE,AL2,voiture,commerce_services,etr,4.97
F,6723,67,H,45-54,artisans,DE,AL2,voiture,commerce_services,fr,9.97
F,6723,67,H,45-54,artisans,DE,AL3,voiture,commerce_services,etr,9.77
F,6723,67,H,45-54,artisans,DE,AL3,voiture,commerce_services,fr,4.85
F,6723,67,H,45-54,artisans,DE,AL3,voiture,industrie,etr,4.85
F,6723,67,H,45-54,artisans,DE,AL3,voiture,public_sante,etr,4.9
F,6723,67,H,45-54,cadres,DE,AL1,voiture,commerce_services,fr,4.95
F,6723,67,H,45-54,cadres,DE,AL1,voiture,public_sante,etr,4.97
F,6723,67,H,45-54,cadres,DE,AL2,tc,commerce_services,fr,4.97
F,6723,67,H,45-54,cadres,DE,AL2,tc,industrie,etr,4.97
F,6723,67,H,45-54,cadres,DE,AL2,tc,industrie,fr,4.97
F,6723,67,H,45-54,cadres,DE,AL2,voiture,commerce_services,etr,4.97
F,6723,67,H,45-54,cadres,DE,AL2,voiture,industrie,etr,5.11
F,6723,67,H,45-54,cadres,DE,AL2,voiture,industrie,fr,34.83
F,6723,67,H,45-54,cadres,DE,AL3,tc,commerce_services,etr,4.97
F,6723,67,H,45-54,cadres,DE,AL3,voiture,commerce_services,etr,24.89
F,6723,67,H,45-54,cadres,DE,AL3,voiture,commerce_services,fr,44.81
F,6723,67,H,45-54,cadres,DE,AL3,voiture,construction,etr,4.89
F,6723,67,H,45-54,cadres,DE,AL3,voiture,construction,fr,5.05
F,6723,67,H,45-54,cadres,DE,AL3,voiture,industrie,etr,19.71
F,6723,67,H,45-54,cadres,DE,AL3,voiture,industrie,fr,71.24
F,6723,67,H,45-54,cadres,DE,AL3,voiture,public_sante,etr,5.12
F,6723,67,H,45-54,cadres,DE,ALW,voiture,commerce_services,etr,5.07
F,6723,67,H,45-54,cadres,autre,ZZZ,velo,public_sante,fr,4.82
F,6723,67,H,45-54,employes,DE,AL2,voiture,commerce_services,etr,4.91
F,6723,67,H,45-54,employes,DE,AL2,voiture,industrie,fr,5.0
F,6723,67,H,45-54,employes,DE,AL2,voiture,public_sante,fr,5.16
F,6723,67,H,45-54,employes,DE,AL3,voiture,commerce_services,etr,14.95
F,6723,67,H,45-54,employes,DE,AL3,voiture,commerce_services,fr,40.51
F,6723,67,H,45-54,employes,DE,AL3,voiture,industrie,etr,10.07
F,6723,67,H,45-54,employes,DE,AL3,voiture,industrie,fr,15.3
F,6723,67,H,45-54,employes,DE,AL3,voiture,public_sante,etr,4.91
F,6723,67,H,45-54,ouvriers,CH,SUD,voiture,construction,fr,5.09
F,6723,67,H,45-54,ouvriers,DE,AL1,voiture,construction,fr,10.31
F,6723,67,H,45-54,ouvriers,DE,AL1,voiture,industrie,fr,4.81
F,6723,67,H,45-54,ouvriers,DE,AL2,tc,industrie,fr,4.91
F,6723,67,H,45-54,ouvriers,DE,AL2,voiture,agriculture,etr,5.16
F,6723,67,H,45-54,ouvriers,DE,AL2,voiture,commerce_services,etr,9.89
F,6723,67,H,45-54,ouvriers,DE,AL2,voiture,commerce_services,fr,25.55
F,6723,67,H,45-54,ouvriers,DE,AL2,voiture,industrie,etr,10.08
F,6723,67,H,45-54,ouvriers,DE,AL2,voiture,industrie,fr,120.48
F,6723,67,H,45-54,ouvriers,DE,AL2,voiture,public_sante,fr,4.94
F,6723,67,H,45-54,ouvriers,DE,AL3,deux_roues,commerce_services,fr,5.04
F,6723,67,H,45-54,ouvriers,DE,AL3,tc,commerce_services,etr,5.17
F,6723,67,H,45-54,ouvriers,DE,AL3,velo,commerce_services,etr,4.95
F,6723,67,H,45-54,ouvriers,DE,AL3,voiture,agriculture,etr,4.95
F,6723,67,H,45-54,ouvriers,DE,AL3,voiture,commerce_services,etr,49.92
F,6723,67,H,45-54,ouvriers,DE,AL3,voiture,commerce_services,fr,115.38
F,6723,67,H,45-54,ouvriers,DE,AL3,voiture,construction,etr,5.05
F,6723,67,H,45-54,ouvriers,DE,AL3,voiture,construction,fr,65.54
F,6723,67,H,45-54,ouvriers,DE,AL3,voiture,industrie,etr,60.85
F,6723,67,H,45-54,ouvriers,DE,AL3,voiture,industrie,fr,280.71
F,6723,67,H,45-54,ouvriers,DE,AL3,voiture,public_sante,etr,15.07
F,6723,67,H,45-54,ouvriers,DE,AL3,voiture,public_sante,fr,4.9
F,6723,67,H,45-54,prof_inter,DE,AL2,voiture,commerce_services,etr,5.17
F,6723,67,H,45-54,prof_inter,DE,AL2,voiture,commerce_services,fr,19.77
F,6723,67,H,45-54,prof_inter,DE,AL2,voiture,industrie,etr,10.01
F,6723,67,H,45-54,prof_inter,DE,AL2,voiture,industrie,fr,25.15
F,6723,67,H,45-54,prof_inter,DE,AL2,voiture,public_sante,etr,5.35
F,6723,67,H,45-54,prof_inter,DE,AL3,voiture,commerce_services,etr,35.17
F,6723,67,H,45-54,prof_inter,DE,AL3,voiture,commerce_services,fr,50.08
F,6723,67,H,45-54,prof_inter,DE,AL3,voiture,construction,etr,10.2
F,6723,67,H,45-54,prof_inter,DE,AL3,voiture,industrie,etr,29.93
F,6723,67,H,45-54,prof_inter,DE,AL3,voiture,industrie,fr,99.76
F,6723,67,H,45-54,prof_inter,DE,AL3,voiture,public_sante,etr,4.92
F,6723,67,H,45-54,prof_inter,DE,AL3,voiture,public_sante,fr,10.03
F,6723,67,H,55+,artisans,DE,AL1,voiture,commerce_services,etr,5.08
F,6723,67,H,55+,artisans,DE,AL2,voiture,agriculture,etr,4.96
F,6723,67,H,55+,artisans,DE,AL2,voiture,commerce_services,etr,5.18
F,6723,67,H,55+,artisans,DE,AL2,voiture,construction,etr,5.08
F,6723,67,H,55+,artisans,DE,AL2,voiture,industrie,fr,4.9
F,6723,67,H,55+,artisans,DE,AL2,voiture,public_sante,etr,5.11
F,6723,67,H,55+,artisans,DE,AL3,aucun,commerce_services,etr,5.08
F,6723,67,H,55+,artisans,DE,AL3,voiture,commerce_services,etr,10.09
F,6723,67,H,55+,artisans,DE,AL3,voiture,commerce_services,fr,5.0
F,6723,67,H,55+,artisans,DE,AL3,voiture,industrie,etr,4.96
F,6723,67,H,55+,cadres,DE,AL1,voiture,industrie,fr,4.97
F,6723,67,H,55+,cadres,DE,AL2,voiture,commerce_services,etr,14.61
F,6723,67,H,55+,cadres,DE,AL2,voiture,construction,fr,5.08
F,6723,67,H,55+,cadres,DE,AL2,voiture,industrie,etr,14.72
F,6723,67,H,55+,cadres,DE,AL2,voiture,public_sante,etr,4.97
F,6723,67,H,55+,cadres,DE,AL2,voiture,public_sante,fr,4.97
F,6723,67,H,55+,cadres,DE,AL3,voiture,commerce_services,etr,45.04
F,6723,67,H,55+,cadres,DE,AL3,voiture,commerce_services,fr,35.4
F,6723,67,H,55+,cadres,DE,AL3,voiture,construction,etr,5.15
F,6723,67,H,55+,cadres,DE,AL3,voiture,industrie,etr,19.96
F,6723,67,H,55+,cadres,DE,AL3,voiture,industrie,fr,65.1
F,6723,67,H,55+,cadres,DE,AL3,voiture,public_sante,etr,10.11
F,6723,67,H,55+,cadres,DE,ALA,voiture,industrie,fr,5.08
F,6723,67,H,55+,employes,DE,AL2,voiture,commerce_services,fr,9.89
F,6723,67,H,55+,employes,DE,AL2,voiture,industrie,etr,5.08
F,6723,67,H,55+,employes,DE,AL2,voiture,industrie,fr,5.06
F,6723,67,H,55+,employes,DE,AL3,voiture,commerce_services,etr,10.56
F,6723,67,H,55+,employes,DE,AL3,voiture,commerce_services,fr,15.01
F,6723,67,H,55+,employes,DE,AL3,voiture,industrie,etr,15.21
F,6723,67,H,55+,employes,DE,AL3,voiture,industrie,fr,9.98
F,6723,67,H,55+,employes,DE,AL3,voiture,public_sante,etr,5.18
F,6723,67,H,55+,employes,DE,AL3,voiture,public_sante,fr,4.9
F,6723,67,H,55+,ouvriers,DE,AL2,voiture,agriculture,fr,4.9
F,6723,67,H,55+,ouvriers,DE,AL2,voiture,commerce_services,etr,15.18
F,6723,67,H,55+,ouvriers,DE,AL2,voiture,commerce_services,fr,40.17
F,6723,67,H,55+,ouvriers,DE,AL2,voiture,construction,fr,15.38
F,6723,67,H,55+,ouvriers,DE,AL2,voiture,industrie,etr,9.87
F,6723,67,H,55+,ouvriers,DE,AL2,voiture,industrie,fr,146.95
F,6723,67,H,55+,ouvriers,DE,AL2,voiture,public_sante,fr,5.3
F,6723,67,H,55+,ouvriers,DE,AL3,velo,construction,fr,5.01
F,6723,67,H,55+,ouvriers,DE,AL3,velo,industrie,fr,5.05
F,6723,67,H,55+,ouvriers,DE,AL3,voiture,commerce_services,etr,60.25
F,6723,67,H,55+,ouvriers,DE,AL3,voiture,commerce_services,fr,120.84
F,6723,67,H,55+,ouvriers,DE,AL3,voiture,construction,etr,25.13
F,6723,67,H,55+,ouvriers,DE,AL3,voiture,construction,fr,54.86
F,6723,67,H,55+,ouvriers,DE,AL3,voiture,industrie,etr,50.16
F,6723,67,H,55+,ouvriers,DE,AL3,voiture,industrie,fr,310.59
F,6723,67,H,55+,ouvriers,DE,AL3,voiture,public_sante,etr,4.9
F,6723,67,H,55+,prof_inter,DE,AL1,voiture,commerce_services,fr,5.05
F,6723,67,H,55+,prof_inter,DE,AL2,voiture,commerce_services,etr,15.05
F,6723,67,H,55+,prof_inter,DE,AL2,voiture,commerce_services,fr,14.82
F,6723,67,H,55+,prof_inter,DE,AL2,voiture,construction,fr,9.94
F,6723,67,H,55+,prof_inter,DE,AL2,voiture,industrie,fr,14.99
F,6723,67,H,55+,prof_inter,DE,AL2,voiture,public_sante,fr,4.9
F,6723,67,H,55+,prof_inter,DE,AL3,tc,commerce_services,etr,4.97
F,6723,67,H,55+,prof_inter,DE,AL3,tc,commerce_services,fr,4.97
F,6723,67,H,55+,prof_inter,DE,AL3,velo,commerce_services,etr,4.9
F,6723,67,H,55+,prof_inter,DE,AL3,voiture,commerce_services,etr,59.5
F,6723,67,H,55+,prof_inter,DE,AL3,voiture,commerce_services,fr,49.78
F,6723,67,H,55+,prof_inter,DE,AL3,voiture,construction,etr,10.08
F,6723,67,H,55+,prof_inter,DE,AL3,voiture,industrie,etr,10.1
F,6723,67,H,55+,prof_inter,DE,AL3,voiture,industrie,fr,79.57
F,6723,67,H,55+,prof_inter,DE,AL3,voiture,public_sante,etr,5.01
F,6723,67,H,55+,prof_inter,DE,AL3,voiture,public_sante,fr,5.35
F,6801,68,F,15-29,cadres,CH,SU6,voiture,commerce_services,fr,14.83
F,6801,68,F,15-29,cadres,CH,SU7,voiture,commerce_services,fr,9.13
F,6801,68,F,15-29,cadres,CH,SU7,voiture,public_sante,etr,5.16
F,6801,68,F,15-29,cadres,CH,SUD,voiture,industrie,fr,14.41
F,6801,68,F,15-29,employes,CH,SU5,voiture,commerce_services,etr,4.98
F,6801,68,F,15-29,employes,CH,SU6,voiture,commerce_services,fr,19.96
F,6801,68,F,15-29,employes,CH,SU6,voiture,industrie,fr,5.16
F,6801,68,F,15-29,employes,CH,SU6,voiture,public_sante,fr,5.0
F,6801,68,F,15-29,employes,CH,SU7,voiture,commerce_services,etr,5.03
F,6801,68,F,15-29,employes,CH,SU7,voiture,commerce_services,fr,20.31
F,6801,68,F,15-29,employes,CH,SU7,voiture,public_sante,etr,5.0
F,6801,68,F,15-29,employes,CH,SU7,voiture,public_sante,fr,5.04
F,6801,68,F,15-29,employes,CH,SU8,voiture,commerce_services,fr,4.77
F,6801,68,F,15-29,employes,CH,SUD,voiture,industrie,fr,9.8
F,6801,68,F,15-29,employes,CH,SUD,voiture,public_sante,fr,10.03
F,6801,68,F,15-29,employes,DE,AL3,voiture,commerce_services,fr,4.76
F,6801,68,F,15-29,ouvriers,CH,SU6,voiture,commerce_services,fr,5.38
F,6801,68,F,15-29,ouvriers,CH,SU6,voiture,industrie,fr,5.28
F,6801,68,F,15-29,ouvriers,CH,SU7,voiture,industrie,etr,4.85
F,6801,68,F,15-29,ouvriers,CH,SU7,voiture,industrie,fr,4.78
F,6801,68,F,15-29,ouvriers,CH,SU9,voiture,public_sante,fr,4.99
F,6801,68,F,15-29,ouvriers,CH,SUD,voiture,industrie,fr,14.62
F,6801,68,F,15-29,prof_inter,CH,SU1,voiture,commerce_services,fr,5.21
F,6801,68,F,15-29,prof_inter,CH,SU6,voiture,commerce_services,fr,10.25
F,6801,68,F,15-29,prof_inter,CH,SU7,voiture,commerce_services,etr,4.74
F,6801,68,F,15-29,prof_inter,CH,SU7,voiture,commerce_services,fr,20.36
F,6801,68,F,15-29,prof_inter,CH,SU7,voiture,industrie,fr,4.57
F,6801,68,F,15-29,prof_inter,CH,SU7,voiture,public_sante,fr,5.2
F,6801,68,F,15-29,prof_inter,CH,SUD,voiture,commerce_services,fr,4.67
F,6801,68,F,15-29,prof_inter,CH,SUD,voiture,public_sante,fr,9.64
F,6801,68,F,30-44,agriculteurs,CH,SU6,voiture,agriculture,fr,5.05
F,6801,68,F,30-44,artisans,CH,SU6,voiture,commerce_services,fr,5.07
F,6801,68,F,30-44,artisans,CH,SU7,voiture,commerce_services,fr,4.98
F,6801,68,F,30-44,artisans,CH,SU7,voiture,industrie,etr,5.08
F,6801,68,F,30-44,cadres,CH,SU5,voiture,industrie,fr,4.9
F,6801,68,F,30-44,cadres,CH,SU6,voiture,commerce_services,fr,25.26
F,6801,68,F,30-44,cadres,CH,SU6,voiture,industrie,fr,40.06
F,6801,68,F,30-44,cadres,CH,SU6,voiture,public_sante,etr,5.17
F,6801,68,F,30-44,cadres,CH,SU7,voiture,commerce_services,fr,9.68
F,6801,68,F,30-44,cadres,CH,SU7,voiture,industrie,fr,5.03
F,6801,68,F,30-44,cadres,CH,SUD,tc,industrie,fr,4.86
F,6801,68,F,30-44,cadres,CH,SUD,voiture,commerce_services,fr,4.88
F,6801,68,F,30-44,cadres,CH,SUD,voiture,industrie,etr,4.93
F,6801,68,F,30-44,cadres,CH,SUD,voiture,public_sante,fr,9.89
F,6801,68,F,30-44,employes,CH,SU1,voiture,construction,etr,5.28
F,6801,68,F,30-44,employes,CH,SU2,voiture,commerce_services,fr,10.12
F,6801,68,F,30-44,employes,CH,SU5,tc,commerce_services,fr,5.05
F,6801,68,F,30-44,employes,CH,SU5,voiture,commerce_services,etr,5.01
F,6801,68,F,30-44,employes,CH,SU5,voiture,construction,fr,4.9
F,6801,68,F,30-44,employes,CH,SU5,voiture,industrie,fr,4.82
F,6801,68,F,30-44,employes,CH,SU6,voiture,commerce_services,fr,44.97
F,6801,68,F,30-44,employes,CH,SU6,voiture,industrie,etr,5.02
F,6801,68,F,30-44,employes,CH,SU6,voiture,industrie,fr,24.78
F,6801,68,F,30-44,employes,CH,SU6,voiture,public_sante,fr,9.84
F,6801,68,F,30-44,employes,CH,SU7,voiture,commerce_services,etr,4.68
F,6801,68,F,30-44,employes,CH,SU7,voiture,commerce_services,fr,59.07
F,6801,68,F,30-44,employes,CH,SU7,voiture,industrie,fr,14.88
F,6801,68,F,30-44,employes,CH,SU7,voiture,public_sante,fr,19.36
F,6801,68,F,30-44,employes,CH,SU8,voiture,commerce_services,fr,14.87
F,6801,68,F,30-44,employes,CH,SU9,voiture,public_sante,fr,5.11
F,6801,68,F,30-44,employes,CH,SUC,voiture,commerce_services,fr,4.97
F,6801,68,F,30-44,employes,CH,SUD,voiture,commerce_services,fr,19.5
F,6801,68,F,30-44,employes,CH,SUD,voiture,construction,fr,5.11
F,6801,68,F,30-44,employes,CH,SUD,voiture,public_sante,fr,19.63
F,6801,68,F,30-44,employes,autre,LU3,voiture,commerce_services,fr,5.01
F,6801,68,F,30-44,ouvriers,CH,SU6,voiture,commerce_services,etr,10.35
F,6801,68,F,30-44,ouvriers,CH,SU6,voiture,commerce_services,fr,18.95
F,6801,68,F,30-44,ouvriers,CH,SU6,voiture,industrie,fr,5.02
F,6801,68,F,30-44,ouvriers,CH,SU7,voiture,commerce_services,etr,4.68
F,6801,68,F,30-44,ouvriers,CH,SU7,voiture,commerce_services,fr,4.9
F,6801,68,F,30-44,ouvriers,CH,SU7,voiture,industrie,fr,9.32
F,6801,68,F,30-44,ouvriers,CH,SU8,tc,commerce_services,etr,4.92
F,6801,68,F,30-44,ouvriers,CH,SU8,voiture,commerce_services,etr,4.92
F,6801,68,F,30-44,ouvriers,CH,SU8,voiture,industrie,fr,4.89
F,6801,68,F,30-44,ouvriers,CH,SU9,voiture,construction,etr,5.07
F,6801,68,F,30-44,ouvriers,CH,SUD,voiture,commerce_services,etr,5.08
F,6801,68,F,30-44,ouvriers,CH,SUD,voiture,commerce_services,fr,14.88
F,6801,68,F,30-44,ouvriers,CH,SUD,voiture,industrie,fr,24.98
F,6801,68,F,30-44,prof_inter,CH,SU2,voiture,public_sante,fr,9.79
F,6801,68,F,30-44,prof_inter,CH,SU5,tc,public_sante,fr,4.9
F,6801,68,F,30-44,prof_inter,CH,SU6,voiture,commerce_services,etr,5.14
F,6801,68,F,30-44,prof_inter,CH,SU6,voiture,commerce_services,fr,39.09
F,6801,68,F,30-44,prof_inter,CH,SU6,voiture,industrie,fr,39.43
F,6801,68,F,30-44,prof_inter,CH,SU6,voiture,public_sante,etr,5.02
F,6801,68,F,30-44,prof_inter,CH,SU6,voiture,public_sante,fr,34.3
F,6801,68,F,30-44,prof_inter,CH,SU7,voiture,commerce_services,fr,29.81
F,6801,68,F,30-44,prof_inter,CH,SU7,voiture,construction,fr,5.09
F,6801,68,F,30-44,prof_inter,CH,SU7,voiture,industrie,etr,5.0
F,6801,68,F,30-44,prof_inter,CH,SU7,voiture,industrie,fr,24.7
F,6801,68,F,30-44,prof_inter,CH,SU7,voiture,public_sante,fr,14.84
F,6801,68,F,30-44,prof_inter,CH,SU8,tc,industrie,etr,4.89
F,6801,68,F,30-44,prof_inter,CH,SU8,voiture,commerce_services,fr,10.15
F,6801,68,F,30-44,prof_inter,CH,SU8,voiture,public_sante,etr,5.07
F,6801,68,F,30-44,prof_inter,CH,SU9,tc,public_sante,fr,5.0
F,6801,68,F,30-44,prof_inter,CH,SU9,voiture,public_sante,fr,5.02
F,6801,68,F,30-44,prof_inter,CH,SUD,voiture,commerce_services,fr,15.31
F,6801,68,F,30-44,prof_inter,CH,SUD,voiture,public_sante,fr,44.82
F,6801,68,F,45-54,artisans,CH,SU6,voiture,commerce_services,fr,4.97
F,6801,68,F,45-54,cadres,CH,SU1,voiture,commerce_services,fr,5.15
F,6801,68,F,45-54,cadres,CH,SU6,tc,industrie,fr,4.92
F,6801,68,F,45-54,cadres,CH,SU6,voiture,commerce_services,fr,19.62
F,6801,68,F,45-54,cadres,CH,SU6,voiture,industrie,fr,9.86
F,6801,68,F,45-54,cadres,CH,SU6,voiture,public_sante,etr,5.11
F,6801,68,F,45-54,cadres,CH,SU7,voiture,commerce_services,fr,18.25
F,6801,68,F,45-54,cadres,CH,SU7,voiture,industrie,fr,5.23
F,6801,68,F,45-54,cadres,CH,SUD,voiture,public_sante,fr,4.98
F,6801,68,F,45-54,cadres,DE,AL3,voiture,commerce_services,fr,4.83
F,6801,68,F,45-54,cadres,DE,AL6,voiture,industrie,fr,4.67
F,6801,68,F,45-54,employes,CH,SU2,voiture,commerce_services,fr,10.19
F,6801,68,F,45-54,employes,CH,SU2,voiture,industrie,fr,4.34
F,6801,68,F,45-54,employes,CH,SU6,voiture,commerce_services,etr,4.61
F,6801,68,F,45-54,employes,CH,SU6,voiture,commerce_services,fr,68.5
F,6801,68,F,45-54,employes,CH,SU6,voiture,industrie,etr,4.76
F,6801,68,F,45-54,employes,CH,SU6,voiture,industrie,fr,14.94
F,6801,68,F,45-54,employes,CH,SU6,voiture,public_sante,etr,9.72
F,6801,68,F,45-54,employes,CH,SU6,voiture,public_sante,fr,35.42
F,6801,68,F,45-54,employes,CH,SU7,voiture,commerce_services,fr,35.17
F,6801,68,F,45-54,employes,CH,SU7,voiture,industrie,fr,19.35
F,6801,68,F,45-54,employes,CH,SU7,voiture,public_sante,fr,10.46
F,6801,68,F,45-54,employes,CH,SU8,voiture,commerce_services,fr,10.03
F,6801,68,F,45-54,employes,CH,SU8,voiture,industrie,etr,4.96
F,6801,68,F,45-54,employes,CH,SU8,voiture,public_sante,fr,4.99
F,6801,68,F,45-54,employes,CH,SU9,voiture,commerce_services,fr,5.01
F,6801,68,F,45-54,employes,CH,SU9,voiture,public_sante,fr,4.61
F,6801,68,F,45-54,employes,CH,SUD,voiture,commerce_services,fr,10.4
F,6801,68,F,45-54,employes,CH,SUD,voiture,industrie,fr,4.95
F,6801,68,F,45-54,employes,DE,AL3,voiture,commerce_services,etr,5.2
F,6801,68,F,45-54,employes,DE,AL3,voiture,commerce_services,fr,4.95
F,6801,68,F,45-54,ouvriers,CH,SU6,voiture,agriculture,fr,4.94
F,6801,68,F,45-54,ouvriers,CH,SU6,voiture,commerce_services,etr,5.0
F,6801,68,F,45-54,ouvriers,CH,SU6,voiture,commerce_services,fr,9.79
F,6801,68,F,45-54,ouvriers,CH,SU7,voiture,commerce_services,fr,14.56
F,6801,68,F,45-54,ouvriers,CH,SU7,voiture,industrie,fr,25.5
F,6801,68,F,45-54,ouvriers,CH,SU8,voiture,commerce_services,fr,9.83
F,6801,68,F,45-54,ouvriers,CH,SU8,voiture,industrie,fr,4.95
F,6801,68,F,45-54,ouvriers,CH,SUD,voiture,industrie,fr,14.81
F,6801,68,F,45-54,ouvriers,DE,AL3,voiture,commerce_services,fr,4.93
F,6801,68,F,45-54,prof_inter,CH,SU6,voiture,commerce_services,etr,4.99
F,6801,68,F,45-54,prof_inter,CH,SU6,voiture,commerce_services,fr,20.08
F,6801,68,F,45-54,prof_inter,CH,SU6,voiture,industrie,fr,25.41
F,6801,68,F,45-54,prof_inter,CH,SU6,voiture,public_sante,etr,10.14
F,6801,68,F,45-54,prof_inter,CH,SU6,voiture,public_sante,fr,24.98
F,6801,68,F,45-54,prof_inter,CH,SU7,voiture,commerce_services,fr,14.61
F,6801,68,F,45-54,prof_inter,CH,SU7,voiture,industrie,fr,9.86
F,6801,68,F,45-54,prof_inter,CH,SU7,voiture,public_sante,etr,9.79
F,6801,68,F,45-54,prof_inter,CH,SU7,voiture,public_sante,fr,19.67
F,6801,68,F,45-54,prof_inter,CH,SU8,voiture,commerce_services,fr,5.06
F,6801,68,F,45-54,prof_inter,CH,SU8,voiture,industrie,fr,5.01
F,6801,68,F,45-54,prof_inter,CH,SU9,voiture,public_sante,fr,5.11
F,6801,68,F,45-54,prof_inter,CH,SUA,tc,commerce_services,fr,5.04
F,6801,68,F,45-54,prof_inter,CH,SUD,voiture,construction,fr,4.98
F,6801,68,F,45-54,prof_inter,CH,SUD,voiture,public_sante,fr,14.72
F,6801,68,F,45-54,prof_inter,DE,AL2,voiture,industrie,fr,4.7
F,6801,68,F,45-54,prof_inter,DE,AL3,voiture,commerce_services,fr,4.68
F,6801,68,F,55+,cadres,CH,SU5,voiture,public_sante,etr,5.3
F,6801,68,F,55+,cadres,CH,SU6,voiture,commerce_services,fr,10.0
F,6801,68,F,55+,cadres,CH,SU6,voiture,industrie,fr,14.49
F,6801,68,F,55+,employes,CH,SU5,voiture,public_sante,fr,4.98
F,6801,68,F,55+,employes,CH,SU6,tc,commerce_services,fr,4.9
F,6801,68,F,55+,employes,CH,SU6,voiture,commerce_services,etr,9.8
F,6801,68,F,55+,employes,CH,SU6,voiture,commerce_services,fr,50.03
F,6801,68,F,55+,employes,CH,SU6,voiture,construction,fr,4.92
F,6801,68,F,55+,employes,CH,SU6,voiture,industrie,etr,9.79
F,6801,68,F,55+,employes,CH,SU6,voiture,industrie,fr,14.61
F,6801,68,F,55+,employes,CH,SU6,voiture,public_sante,etr,4.96
F,6801,68,F,55+,employes,CH,SU6,voiture,public_sante,fr,63.57
F,6801,68,F,55+,employes,CH,SU7,voiture,commerce_services,etr,9.53
F,6801,68,F,55+,employes,CH,SU7,voiture,commerce_services,fr,69.6
F,6801,68,F,55+,employes,CH,SU7,voiture,industrie,etr,9.81
F,6801,68,F,55+,employes,CH,SU7,voiture,industrie,fr,4.78
F,6801,68,F,55+,employes,CH,SU7,voiture,public_sante,etr,5.24
F,6801,68,F,55+,employes,CH,SU7,voiture,public_sante,fr,24.67
F,6801,68,F,55+,employes,CH,SU8,voiture,commerce_services,fr,10.11
F,6801,68,F,55+,employes,CH,SU9,voiture,public_sante,fr,4.91
F,6801,68,F,55+,employes,CH,SUD,voiture,commerce_services,fr,4.67
F,6801,68,F,55+,employes,CH,SUD,voiture,public_sante,etr,4.67
F,6801,68,F,55+,employes,CH,SUD,voiture,public_sante,fr,9.97
F,6801,68,F,55+,employes,DE,ALA,voiture,commerce_services,fr,4.74
F,6801,68,F,55+,employes,DE,ALP,voiture,commerce_services,fr,5.11
F,6801,68,F,55+,ouvriers,CH,SU2,voiture,industrie,etr,9.62
F,6801,68,F,55+,ouvriers,CH,SU5,voiture,commerce_services,fr,4.75
F,6801,68,F,55+,ouvriers,CH,SU6,voiture,commerce_services,etr,4.61
F,6801,68,F,55+,ouvriers,CH,SU6,voiture,industrie,etr,4.98
F,6801,68,F,55+,ouvriers,CH,SU6,voiture,industrie,fr,25.44
F,6801,68,F,55+,ouvriers,CH,SU7,voiture,commerce_services,fr,25.86
F,6801,68,F,55+,ouvriers,CH,SU7,voiture,industrie,fr,28.44
F,6801,68,F,55+,ouvriers,CH,SU8,voiture,commerce_services,fr,5.13
F,6801,68,F,55+,ouvriers,CH,SU8,voiture,industrie,fr,9.69
F,6801,68,F,55+,ouvriers,CH,SUD,voiture,industrie,fr,4.69
F,6801,68,F,55+,prof_inter,CH,SU1,voiture,public_sante,etr,4.21
F,6801,68,F,55+,prof_inter,CH,SU2,voiture,industrie,fr,4.9
F,6801,68,F,55+,prof_inter,CH,SU6,voiture,commerce_services,etr,5.39
F,6801,68,F,55+,prof_inter,CH,SU6,voiture,commerce_services,fr,4.73
F,6801,68,F,55+,prof_inter,CH,SU6,voiture,industrie,etr,5.3
F,6801,68,F,55+,prof_inter,CH,SU6,voiture,industrie,fr,15.13
F,6801,68,F,55+,prof_inter,CH,SU6,voiture,public_sante,etr,14.14
F,6801,68,F,55+,prof_inter,CH,SU6,voiture,public_sante,fr,39.53
F,6801,68,F,55+,prof_inter,CH,SU7,voiture,commerce_services,fr,25.12
F,6801,68,F,55+,prof_inter,CH,SU7,voiture,industrie,fr,5.0
F,6801,68,F,55+,prof_inter,CH,SU7,voiture,public_sante,fr,4.97
F,6801,68,F,55+,prof_inter,CH,SU8,voiture,public_sante,etr,4.61
F,6801,68,F,55+,prof_inter,CH,SU9,tc,public_sante,etr,4.81
F,6801,68,F,55+,prof_inter,CH,SUD,voiture,public_sante,fr,9.91
F,6801,68,H,15-29,artisans,CH,SU7,voiture,construction,fr,5.51
F,6801,68,H,15-29,cadres,CH,SU6,voiture,commerce_services,fr,14.66
F,6801,68,H,15-29,cadres,CH,SU6,voiture,construction,fr,4.69
F,6801,68,H,15-29,cadres,CH,SU6,voiture,industrie,fr,9.51
F,6801,68,H,15-29,cadres,CH,SU7,voiture,commerce_services,fr,14.55
F,6801,68,H,15-29,cadres,CH,SU7,voiture,industrie,fr,5.07
F,6801,68,H,15-29,cadres,CH,SUB,tc,commerce_services,fr,3.49
F,6801,68,H,15-29,cadres,CH,SUD,voiture,commerce_services,fr,9.67
F,6801,68,H,15-29,employes,CH,SU6,voiture,commerce_services,fr,10.02
F,6801,68,H,15-29,employes,CH,SU6,voiture,construction,fr,5.3
F,6801,68,H,15-29,employes,CH,SU6,voiture,industrie,fr,14.84
F,6801,68,H,15-29,employes,CH,SU7,voiture,commerce_services,fr,14.58
F,6801,68,H,15-29,employes,CH,SU9,voiture,commerce_services,fr,4.78
F,6801,68,H,15-29,employes,CH,SUD,voiture,construction,etr,4.88
F,6801,68,H,15-29,ouvriers,CH,SU1,voiture,commerce_services,fr,5.04
F,6801,68,H,15-29,ouvriers,CH,SU2,voiture,commerce_services,fr,5.01
F,6801,68,H,15-29,ouvriers,CH,SU2,voiture,construction,fr,5.08
F,6801,68,H,15-29,ouvriers,CH,SU3,voiture,industrie,fr,5.28
F,6801,68,H,15-29,ouvriers,CH,SU5,voiture,commerce_services,fr,4.77
F,6801,68,H,15-29,ouvriers,CH,SU5,voiture,industrie,fr,9.65
F,6801,68,H,15-29,ouvriers,CH,SU6,velo,commerce_services,fr,4.96
F,6801,68,H,15-29,ouvriers,CH,SU6,voiture,agriculture,etr,4.98
F,6801,68,H,15-29,ouvriers,CH,SU6,voiture,agriculture,fr,4.87
F,6801,68,H,15-29,ouvriers,CH,SU6,voiture,commerce_services,fr,45.31
F,6801,68,H,15-29,ouvriers,CH,SU6,voiture,construction,fr,30.66
F,6801,68,H,15-29,ouvriers,CH,SU6,voiture,industrie,fr,15.45
F,6801,68,H,15-29,ouvriers,CH,SU7,voiture,commerce_services,fr,44.84
F,6801,68,H,15-29,ouvriers,CH,SU7,voiture,construction,fr,25.43
F,6801,68,H,15-29,ouvriers,CH,SU7,voiture,industrie,fr,44.15
F,6801,68,H,15-29,ouvriers,CH,SU8,voiture,commerce_services,fr,10.13
F,6801,68,H,15-29,ouvriers,CH,SUD,voiture,agriculture,fr,9.92
F,6801,68,H,15-29,ouvriers,CH,SUD,voiture,commerce_services,fr,43.06
F,6801,68,H,15-29,ouvriers,CH,SUD,voiture,construction,fr,5.08
F,6801,68,H,15-29,ouvriers,CH,SUD,voiture,industrie,fr,29.02
F,6801,68,H,15-29,ouvriers,CH,SUD,voiture,public_sante,fr,4.92
F,6801,68,H,15-29,prof_inter,CH,SU1,voiture,commerce_services,fr,4.96
F,6801,68,H,15-29,prof_inter,CH,SU2,voiture,public_sante,fr,5.2
F,6801,68,H,15-29,prof_inter,CH,SU5,voiture,commerce_services,fr,5.09
F,6801,68,H,15-29,prof_inter,CH,SU6,voiture,commerce_services,fr,4.69
F,6801,68,H,15-29,prof_inter,CH,SU6,voiture,construction,fr,5.08
F,6801,68,H,15-29,prof_inter,CH,SU6,voiture,industrie,etr,4.85
F,6801,68,H,15-29,prof_inter,CH,SU6,voiture,industrie,fr,4.75
F,6801,68,H,15-29,prof_inter,CH,SU6,voiture,public_sante,fr,4.75
F,6801,68,H,15-29,prof_inter,CH,SU7,voiture,commerce_services,fr,5.24
F,6801,68,H,15-29,prof_inter,CH,SU7,voiture,industrie,fr,4.97
F,6801,68,H,15-29,prof_inter,CH,SUD,voiture,agriculture,fr,4.87
F,6801,68,H,15-29,prof_inter,CH,SUD,voiture,industrie,fr,4.69
F,6801,68,H,15-29,prof_inter,CH,SUD,voiture,public_sante,fr,9.6
F,6801,68,H,15-29,prof_inter,DE,AL3,voiture,industrie,fr,4.99
F,6801,68,H,30-44,artisans,CH,SU6,voiture,commerce_services,etr,5.01
F,6801,68,H,30-44,artisans,CH,SU7,voiture,commerce_services,fr,5.18
F,6801,68,H,30-44,artisans,CH,SUD,voiture,commerce_services,fr,4.75
F,6801,68,H,30-44,artisans,DE,AL3,voiture,industrie,etr,5.14
F,6801,68,H,30-44,cadres,CH,SU1,voiture,commerce_services,fr,10.36
F,6801,68,H,30-44,cadres,CH,SU2,voiture,industrie,fr,4.77
F,6801,68,H,30-44,cadres,CH,SU6,tc,commerce_services,fr,9.77
F,6801,68,H,30-44,cadres,CH,SU6,tc,industrie,fr,4.98
F,6801,68,H,30-44,cadres,CH,SU6,voiture,commerce_services,etr,15.0
F,6801,68,H,30-44,cadres,CH,SU6,voiture,commerce_services,fr,39.36
F,6801,68,H,30-44,cadres,CH,SU6,voiture,construction,fr,10.15
F,6801,68,H,30-44,cadres,CH,SU6,voiture,industrie,fr,20.17
F,6801,68,H,30-44,cadres,CH,SU7,voiture,commerce_services,etr,10.05
F,6801,68,H,30-44,cadres,CH,SU7,voiture,commerce_services,fr,35.11
F,6801,68,H,30-44,cadres,CH,SU7,voiture,industrie,etr,9.13
F,6801,68,H,30-44,cadres,CH,SU7,voiture,industrie,fr,14.97
F,6801,68,H,30-44,cadres,CH,SU7,voiture,public_sante,fr,9.91
F,6801,68,H,30-44,cadres,CH,SU8,voiture,commerce_services,fr,5.09
F,6801,68,H,30-44,cadres,CH,SU8,voiture,industrie,fr,9.84
F,6801,68,H,30-44,cadres,CH,SUD,voiture,commerce_services,fr,29.01
F,6801,68,H,30-44,cadres,CH,SUD,voiture,industrie,fr,20.32
F,6801,68,H,30-44,cadres,DE,AL3,voiture,industrie,fr,5.02
F,6801,68,H,30-44,employes,CH,SU6,voiture,commerce_services,etr,5.0
F,6801,68,H,30-44,employes,CH,SU6,voiture,commerce_services,fr,49.07
F,6801,68,H,30-44,employes,CH,SU6,voiture,construction,fr,4.4
F,6801,68,H,30-44,employes,CH,SU7,voiture,commerce_services,fr,5.25
F,6801,68,H,30-44,employes,CH,SU7,voiture,industrie,etr,4.63
F,6801,68,H,30-44,employes,CH,SUD,voiture,commerce_services,fr,10.01
F,6801,68,H,30-44,ouvriers,CH,SU1,voiture,industrie,fr,4.95
F,6801,68,H,30-44,ouvriers,CH,SU2,voiture,commerce_services,fr,14.55
F,6801,68,H,30-44,ouvriers,CH,SU2,voiture,industrie,fr,4.68
F,6801,68,H,30-44,ouvriers,CH,SU5,voiture,commerce_services,fr,20.02
F,6801,68,H,30-44,ouvriers,CH,SU5,voiture,construction,fr,5.05
F,6801,68,H,30-44,ouvriers,CH,SU5,voiture,industrie,fr,4.88
F,6801,68,H,30-44,ouvriers,CH,SU6,deux_roues,construction,fr,4.95
F,6801,68,H,30-44,ouvriers,CH,SU6,voiture,commerce_services,etr,5.14
F,6801,68,H,30-44,ouvriers,CH,SU6,voiture,commerce_services,fr,108.52
F,6801,68,H,30-44,ouvriers,CH,SU6,voiture,construction,etr,4.97
F,6801,68,H,30-44,ouvriers,CH,SU6,voiture,construction,fr,44.19
F,6801,68,H,30-44,ouvriers,CH,SU6,voiture,industrie,fr,88.15
F,6801,68,H,30-44,ouvriers,CH,SU6,voiture,public_sante,fr,4.7
F,6801,68,H,30-44,ouvriers,CH,SU7,voiture,agriculture,fr,5.04
F,6801,68,H,30-44,ouvriers,CH,SU7,voiture,commerce_services,fr,105.67
F,6801,68,H,30-44,ouvriers,CH,SU7,voiture,construction,etr,4.68
F,6801,68,H,30-44,ouvriers,CH,SU7,voiture,construction,fr,44.24
F,6801,68,H,30-44,ouvriers,CH,SU7,voiture,industrie,fr,83.53
F,6801,68,H,30-44,ouvriers,CH,SU8,voiture,commerce_services,fr,24.87
F,6801,68,H,30-44,ouvriers,CH,SU8,voiture,industrie,fr,15.16
F,6801,68,H,30-44,ouvriers,CH,SU9,voiture,agriculture,fr,4.74
F,6801,68,H,30-44,ouvriers,CH,SUC,voiture,commerce_services,fr,4.93
F,6801,68,H,30-44,ouvriers,CH,SUD,voiture,commerce_services,fr,39.75
F,6801,68,H,30-44,ouvriers,CH,SUD,voiture,construction,fr,20.52
F,6801,68,H,30-44,ouvriers,CH,SUD,voiture,industrie,etr,9.86
F,6801,68,H,30-44,ouvriers,CH,SUD,voiture,industrie,fr,70.14
F,6801,68,H,30-44,ouvriers,DE,AL3,deux_roues,industrie,etr,5.38
F,6801,68,H,30-44,ouvriers,DE,AL3,voiture,construction,fr,4.68
F,6801,68,H,30-44,ouvriers,DE,AL3,voiture,industrie,fr,9.79
F,6801,68,H,30-44,prof_inter,CH,SU2,voiture,industrie,fr,5.18
F,6801,68,H,30-44,prof_inter,CH,SU3,voiture,commerce_services,fr,4.82
F,6801,68,H,30-44,prof_inter,CH,SU5,voiture,construction,fr,5.16
F,6801,68,H,30-44,prof_inter,CH,SU6,voiture,commerce_services,fr,29.18
F,6801,68,H,30-44,prof_inter,CH,SU6,voiture,construction,fr,25.5
F,6801,68,H,30-44,prof_inter,CH,SU6,voiture,industrie,etr,5.07
F,6801,68,H,30-44,prof_inter,CH,SU6,voiture,industrie,fr,52.23
F,6801,68,H,30-44,prof_inter,CH,SU6,voiture,public_sante,etr,4.67
F,6801,68,H,30-44,prof_inter,CH,SU6,voiture,public_sante,fr,4.89
F,6801,68,H,30-44,prof_inter,CH,SU7,voiture,commerce_services,fr,14.76
F,6801,68,H,30-44,prof_inter,CH,SU7,voiture,construction,fr,9.91
F,6801,68,H,30-44,prof_inter,CH,SU7,voiture,industrie,fr,52.89
F,6801,68,H,30-44,prof_inter,CH,SU8,voiture,commerce_services,fr,29.83
F,6801,68,H,30-44,prof_inter,CH,SU8,voiture,industrie,fr,5.33
F,6801,68,H,30-44,prof_inter,CH,SUB,voiture,commerce_services,fr,5.01
F,6801,68,H,30-44,prof_inter,CH,SUD,voiture,commerce_services,fr,20.0
F,6801,68,H,30-44,prof_inter,CH,SUD,voiture,construction,fr,4.92
F,6801,68,H,30-44,prof_inter,CH,SUD,voiture,industrie,fr,39.32
F,6801,68,H,30-44,prof_inter,CH,SUD,voiture,public_sante,fr,4.96
F,6801,68,H,30-44,prof_inter,DE,AL3,voiture,industrie,fr,5.11
F,6801,68,H,45-54,artisans,CH,SU7,voiture,commerce_services,fr,10.52
F,6801,68,H,45-54,artisans,CH,SUD,voiture,commerce_services,fr,5.05
F,6801,68,H,45-54,cadres,CH,SU1,voiture,commerce_services,fr,4.9
F,6801,68,H,45-54,cadres,CH,SU1,voiture,industrie,etr,4.95
F,6801,68,H,45-54,cadres,CH,SU2,voiture,commerce_services,fr,5.16
F,6801,68,H,45-54,cadres,CH,SU5,voiture,commerce_services,etr,4.76
F,6801,68,H,45-54,cadres,CH,SU6,voiture,commerce_services,fr,38.99
F,6801,68,H,45-54,cadres,CH,SU6,voiture,construction,fr,5.38
F,6801,68,H,45-54,cadres,CH,SU6,voiture,industrie,etr,4.95
F,6801,68,H,45-54,cadres,CH,SU6,voiture,industrie,fr,53.74
F,6801,68,H,45-54,cadres,CH,SU6,voiture,public_sante,fr,4.82
F,6801,68,H,45-54,cadres,CH,SU7,deux_roues,commerce_services,fr,5.11
F,6801,68,H,45-54,cadres,CH,SU7,voiture,commerce_services,fr,24.75
F,6801,68,H,45-54,cadres,CH,SU7,voiture,industrie,fr,14.67
F,6801,68,H,45-54,cadres,CH,SU7,voiture,public_sante,fr,10.55
F,6801,68,H,45-54,cadres,CH,SU8,voiture,commerce_services,fr,4.98
F,6801,68,H,45-54,cadres,CH,SU9,voiture,industrie,fr,5.33
F,6801,68,H,45-54,cadres,CH,SUB,voiture,commerce_services,etr,5.25
F,6801,68,H,45-54,cadres,CH,SUD,voiture,commerce_services,fr,5.09
F,6801,68,H,45-54,cadres,CH,SUD,voiture,industrie,fr,5.23
F,6801,68,H,45-54,employes,CH,SU1,voiture,commerce_services,etr,5.03
F,6801,68,H,45-54,employes,CH,SU2,voiture,commerce_services,fr,5.19
F,6801,68,H,45-54,employes,CH,SU6,voiture,commerce_services,fr,15.32
F,6801,68,H,45-54,employes,CH,SU6,voiture,industrie,fr,4.95
F,6801,68,H,45-54,employes,CH,SU6,voiture,public_sante,etr,4.9
F,6801,68,H,45-54,employes,CH,SU6,voiture,public_sante,fr,5.16
F,6801,68,H,45-54,employes,CH,SU7,voiture,commerce_services,fr,15.36
F,6801,68,H,45-54,employes,CH,SU7,voiture,industrie,fr,10.05
F,6801,68,H,45-54,employes,CH,SUD,voiture,commerce_services,fr,7.25
F,6801,68,H,45-54,ouvriers,CH,SU1,voiture,construction,fr,5.21
F,6801,68,H,45-54,ouvriers,CH,SU2,voiture,commerce_services,fr,5.07
F,6801,68,H,45-54,ouvriers,CH,SU2,voiture,industrie,fr,9.44
F,6801,68,H,45-54,ouvriers,CH,SU4,voiture,commerce_services,fr,4.89
F,6801,68,H,45-54,ouvriers,CH,SU5,voiture,commerce_services,fr,9.9
F,6801,68,H,45-54,ouvriers,CH,SU5,voiture,construction,fr,15.1
F,6801,68,H,45-54,ouvriers,CH,SU5,voiture,industrie,fr,35.01
F,6801,68,H,45-54,ouvriers,CH,SU5,voiture,public_sante,fr,5.11
F,6801,68,H,45-54,ouvriers,CH,SU6,tc,construction,fr,9.74
F,6801,68,H,45-54,ouvriers,CH,SU6,voiture,commerce_services,etr,4.68
F,6801,68,H,45-54,ouvriers,CH,SU6,voiture,commerce_services,fr,82.33
F,6801,68,H,45-54,ouvriers,CH,SU6,voiture,construction,fr,35.09
F,6801,68,H,45-54,ouvriers,CH,SU6,voiture,industrie,fr,65.25
F,6801,68,H,45-54,ouvriers,CH,SU7,voiture,agriculture,fr,5.38
F,6801,68,H,45-54,ouvriers,CH,SU7,voiture,commerce_services,fr,113.0
F,6801,68,H,45-54,ouvriers,CH,SU7,voiture,construction,etr,5.17
F,6801,68,H,45-54,ouvriers,CH,SU7,voiture,construction,fr,24.71
F,6801,68,H,45-54,ouvriers,CH,SU7,voiture,industrie,fr,120.29
F,6801,68,H,45-54,ouvriers,CH,SU8,velo,industrie,fr,4.74
F,6801,68,H,45-54,ouvriers,CH,SU8,voiture,commerce_services,fr,5.31
F,6801,68,H,45-54,ouvriers,CH,SU8,voiture,construction,fr,4.6
F,6801,68,H,45-54,ouvriers,CH,SU8,voiture,industrie,etr,4.68
F,6801,68,H,45-54,ouvriers,CH,SU8,voiture,industrie,fr,23.4
F,6801,68,H,45-54,ouvriers,CH,SUD,voiture,commerce_services,fr,9.82
F,6801,68,H,45-54,ouvriers,CH,SUD,voiture,construction,etr,4.88
F,6801,68,H,45-54,ouvriers,CH,SUD,voiture,construction,fr,4.26
F,6801,68,H,45-54,ouvriers,CH,SUD,voiture,industrie,etr,4.45
F,6801,68,H,45-54,ouvriers,CH,SUD,voiture,industrie,fr,14.62
F,6801,68,H,45-54,ouvriers,DE,AL3,voiture,industrie,fr,4.96
F,6801,68,H,45-54,ouvriers,DE,AL3,voiture,public_sante,fr,5.02
F,6801,68,H,45-54,prof_inter,CH,SU1,voiture,commerce_services,fr,5.09
F,6801,68,H,45-54,prof_inter,CH,SU2,voiture,industrie,fr,4.97
F,6801,68,H,45-54,prof_inter,CH,SU2,voiture,public_sante,etr,5.09
F,6801,68,H,45-54,prof_inter,CH,SU5,tc,industrie,fr,5.04
F,6801,68,H,45-54,prof_inter,CH,SU5,voiture,industrie,fr,5.08
F,6801,68,H,45-54,prof_inter,CH,SU6,tc,public_sante,fr,5.09
F,6801,68,H,45-54,prof_inter,CH,SU6,voiture,agriculture,fr,4.82
F,6801,68,H,45-54,prof_inter,CH,SU6,voiture,commerce_services,etr,4.92
F,6801,68,H,45-54,prof_inter,CH,SU6,voiture,commerce_services,fr,35.39
F,6801,68,H,45-54,prof_inter,CH,SU6,voiture,construction,fr,4.98
F,6801,68,H,45-54,prof_inter,CH,SU6,voiture,industrie,etr,9.59
F,6801,68,H,45-54,prof_inter,CH,SU6,voiture,industrie,fr,34.29
F,6801,68,H,45-54,prof_inter,CH,SU6,voiture,public_sante,fr,9.73
F,6801,68,H,45-54,prof_inter,CH,SU7,tc,commerce_services,fr,5.15
F,6801,68,H,45-54,prof_inter,CH,SU7,voiture,commerce_services,etr,5.2
F,6801,68,H,45-54,prof_inter,CH,SU7,voiture,commerce_services,fr,15.01
F,6801,68,H,45-54,prof_inter,CH,SU7,voiture,industrie,fr,50.29
F,6801,68,H,45-54,prof_inter,CH,SU7,voiture,public_sante,fr,4.96
F,6801,68,H,45-54,prof_inter,CH,SU8,voiture,construction,fr,5.08
F,6801,68,H,45-54,prof_inter,CH,SU8,voiture,industrie,etr,5.21
F,6801,68,H,45-54,prof_inter,CH,SU8,voiture,public_sante,fr,5.02
F,6801,68,H,45-54,prof_inter,CH,SU9,voiture,commerce_services,fr,9.9
F,6801,68,H,45-54,prof_inter,CH,SUD,voiture,industrie,fr,30.32
F,6801,68,H,45-54,prof_inter,CH,SUD,voiture,public_sante,fr,4.82
F,6801,68,H,45-54,prof_inter,DE,AL3,voiture,commerce_services,fr,5.06
F,6801,68,H,45-54,prof_inter,DE,AL3,voiture,industrie,fr,4.82
F,6801,68,H,55+,agriculteurs,CH,SU8,voiture,agriculture,fr,4.68
F,6801,68,H,55+,artisans,CH,SU5,voiture,commerce_services,etr,5.01
F,6801,68,H,55+,artisans,CH,SU6,voiture,industrie,fr,5.33
F,6801,68,H,55+,artisans,CH,SU6,voiture,public_sante,etr,5.14
F,6801,68,H,55+,artisans,CH,SU7,voiture,commerce_services,etr,5.59
F,6801,68,H,55+,artisans,CH,SU7,voiture,commerce_services,fr,10.04
F,6801,68,H,55+,cadres,CH,SU1,tc,commerce_services,fr,5.16
F,6801,68,H,55+,cadres,CH,SU6,voiture,commerce_services,etr,4.6
F,6801,68,H,55+,cadres,CH,SU6,voiture,commerce_services,fr,14.93
F,6801,68,H,55+,cadres,CH,SU6,voiture,construction,fr,5.08
F,6801,68,H,55+,cadres,CH,SU6,voiture,industrie,etr,9.8
F,6801,68,H,55+,cadres,CH,SU6,voiture,industrie,fr,19.67
F,6801,68,H,55+,cadres,CH,SU7,tc,commerce_services,fr,5.0
F,6801,68,H,55+,cadres,CH,SU7,voiture,commerce_services,fr,9.2
F,6801,68,H,55+,cadres,CH,SU7,voiture,industrie,etr,4.92
F,6801,68,H,55+,cadres,CH,SU7,voiture,industrie,fr,20.14
F,6801,68,H,55+,cadres,CH,SU8,voiture,industrie,fr,4.61
F,6801,68,H,55+,cadres,CH,SU9,voiture,commerce_services,fr,5.01
F,6801,68,H,55+,cadres,CH,SUD,voiture,industrie,fr,4.96
F,6801,68,H,55+,cadres,DE,AL3,voiture,commerce_services,etr,5.24
F,6801,68,H,55+,cadres,DE,AL3,voiture,industrie,fr,9.94
F,6801,68,H,55+,cadres,DE,ALA,voiture,commerce_services,fr,4.74
F,6801,68,H,55+,employes,CH,SU1,voiture,commerce_services,fr,10.02
F,6801,68,H,55+,employes,CH,SU5,voiture,industrie,fr,5.12
F,6801,68,H,55+,employes,CH,SU6,voiture,commerce_services,etr,10.05
F,6801,68,H,55+,employes,CH,SU6,voiture,commerce_services,fr,36.92
F,6801,68,H,55+,employes,CH,SU6,voiture,industrie,etr,5.22
F,6801,68,H,55+,employes,CH,SU7,voiture,commerce_services,fr,14.57
F,6801,68,H,55+,employes,CH,SU7,voiture,industrie,fr,4.93
F,6801,68,H,55+,employes,CH,SU7,voiture,public_sante,fr,4.82
F,6801,68,H,55+,employes,CH,SU8,voiture,commerce_services,fr,9.86
F,6801,68,H,55+,ouvriers,CH,SU1,voiture,commerce_services,fr,5.04
F,6801,68,H,55+,ouvriers,CH,SU1,voiture,construction,fr,5.21
F,6801,68,H,55+,ouvriers,CH,SU1,voiture,industrie,fr,15.16
F,6801,68,H,55+,ouvriers,CH,SU4,voiture,commerce_services,fr,5.11
F,6801,68,H,55+,ouvriers,CH,SU5,aucun,commerce_services,etr,5.09
F,6801,68,H,55+,ouvriers,CH,SU5,voiture,commerce_services,fr,9.84
F,6801,68,H,55+,ouvriers,CH,SU5,voiture,construction,fr,9.75
F,6801,68,H,55+,ouvriers,CH,SU5,voiture,industrie,fr,14.59
F,6801,68,H,55+,ouvriers,CH,SU6,voiture,commerce_services,fr,84.85
F,6801,68,H,55+,ouvriers,CH,SU6,voiture,construction,fr,58.81
F,6801,68,H,55+,ouvriers,CH,SU6,voiture,industrie,fr,24.68
F,6801,68,H,55+,ouvriers,CH,SU6,voiture,public_sante,fr,25.37
F,6801,68,H,55+,ouvriers,CH,SU7,voiture,commerce_services,fr,59.98
F,6801,68,H,55+,ouvriers,CH,SU7,voiture,construction,etr,4.78
F,6801,68,H,55+,ouvriers,CH,SU7,voiture,construction,fr,35.53
F,6801,68,H,55+,ouvriers,CH,SU7,voiture,industrie,fr,129.62
F,6801,68,H,55+,ouvriers,CH,SU8,voiture,commerce_services,fr,15.39
F,6801,68,H,55+,ouvriers,CH,SU8,voiture,construction,fr,4.74
F,6801,68,H,55+,ouvriers,CH,SU8,voiture,industrie,fr,16.16
F,6801,68,H,55+,ouvriers,CH,SU9,voiture,commerce_services,fr,4.67
F,6801,68,H,55+,ouvriers,CH,SUD,voiture,agriculture,fr,5.08
F,6801,68,H,55+,ouvriers,CH,SUD,voiture,commerce_services,fr,33.91
F,6801,68,H,55+,ouvriers,CH,SUD,voiture,construction,fr,4.69
F,6801,68,H,55+,ouvriers,CH,SUD,voiture,industrie,fr,19.27
F,6801,68,H,55+,ouvriers,CH,SUL,voiture,industrie,etr,5.13
F,6801,68,H,55+,ouvriers,DE,AL3,voiture,construction,fr,4.97
F,6801,68,H,55+,ouvriers,DE,AL3,voiture,industrie,fr,4.98
F,6801,68,H,55+,prof_inter,CH,SU2,voiture,public_sante,fr,4.81
F,6801,68,H,55+,prof_inter,CH,SU3,voiture,commerce_services,fr,4.9
F,6801,68,H,55+,prof_inter,CH,SU5,voiture,construction,fr,4.61
F,6801,68,H,55+,prof_inter,CH,SU5,voiture,industrie,fr,4.96
F,6801,68,H,55+,prof_inter,CH,SU6,voiture,commerce_services,etr,4.68
F,6801,68,H,55+,prof_inter,CH,SU6,voiture,commerce_services,fr,30.32
F,6801,68,H,55+,prof_inter,CH,SU6,voiture,construction,fr,10.14
F,6801,68,H,55+,prof_inter,CH,SU6,voiture,industrie,fr,39.31
F,6801,68,H,55+,prof_inter,CH,SU6,voiture,public_sante,fr,11.49
F,6801,68,H,55+,prof_inter,CH,SU7,deux_roues,public_sante,etr,5.07
F,6801,68,H,55+,prof_inter,CH,SU7,voiture,commerce_services,etr,4.71
F,6801,68,H,55+,prof_inter,CH,SU7,voiture,commerce_services,fr,24.26
F,6801,68,H,55+,prof_inter,CH,SU7,voiture,construction,fr,19.73
F,6801,68,H,55+,prof_inter,CH,SU7,voiture,industrie,fr,34.83
F,6801,68,H,55+,prof_inter,CH,SU7,voiture,public_sante,fr,4.96
F,6801,68,H,55+,prof_inter,CH,SU8,voiture,industrie,etr,9.93
F,6801,68,H,55+,prof_inter,CH,SU8,voiture,industrie,fr,19.85
F,6801,68,H,55+,prof_inter,CH,SU9,tc,commerce_services,fr,15.15
F,6801,68,H,55+,prof_inter,CH,SU9,voiture,industrie,etr,5.3
F,6801,68,H,55+,prof_inter,CH,SUD,voiture,commerce_services,fr,4.85
F,6801,68,H,55+,prof_inter,CH,SUD,voiture,industrie,fr,5.03
F,6801,68,H,55+,prof_inter,CH,SUD,voiture,public_sante,fr,4.99
F,6801,68,H,55+,prof_inter,DE,AL3,voiture,industrie,fr,19.72
F,6802,68,F,15-29,cadres,CH,SU6,voiture,commerce_services,etr,5.29
F,6802,68,F,15-29,cadres,CH,SU6,voiture,commerce_services,fr,15.2
F,6802,68,F,15-29,cadres,CH,SU6,voiture,industrie,fr,5.11
F,6802,68,F,15-29,cadres,CH,SU6,voiture,public_sante,fr,5.3
F,6802,68,F,15-29,cadres,CH,SU7,voiture,commerce_services,fr,9.58
F,6802,68,F,15-29,cadres,DE,AL3,voiture,public_sante,etr,10.59
F,6802,68,F,15-29,cadres,autre,BE6,voiture,public_sante,fr,5.04
F,6802,68,F,15-29,employes,CH,SU2,voiture,commerce_services,fr,20.31
F,6802,68,F,15-29,employes,CH,SU6,tc,commerce_services,fr,10.83
F,6802,68,F,15-29,employes,CH,SU6,tc,public_sante,etr,5.17
F,6802,68,F,15-29,employes,CH,SU6,tc,public_sante,fr,5.17
F,6802,68,F,15-29,employes,CH,SU6,voiture,commerce_services,etr,5.08
F,6802,68,F,15-29,employes,CH,SU6,voiture,commerce_services,fr,36.36
F,6802,68,F,15-29,employes,CH,SU6,voiture,industrie,fr,5.07
F,6802,68,F,15-29,employes,CH,SU7,tc,commerce_services,fr,5.04
F,6802,68,F,15-29,employes,CH,SU7,voiture,commerce_services,etr,5.17
F,6802,68,F,15-29,employes,CH,SU7,voiture,commerce_services,fr,15.43
F,6802,68,F,15-29,employes,CH,SU7,voiture,industrie,fr,5.18
F,6802,68,F,15-29,employes,CH,SU7,voiture,public_sante,etr,5.14
F,6802,68,F,15-29,employes,CH,SU7,voiture,public_sante,fr,5.19
F,6802,68,F,15-29,employes,CH,SU8,voiture,industrie,fr,5.14
F,6802,68,F,15-29,employes,DE,AL3,voiture,commerce_services,fr,5.14
F,6802,68,F,15-29,ouvriers,CH,SU6,tc,industrie,fr,5.14
F,6802,68,F,15-29,ouvriers,CH,SU6,voiture,industrie,fr,10.03
F,6802,68,F,15-29,ouvriers,CH,SUD,voiture,industrie,fr,5.18
F,6802,68,F,15-29,prof_inter,CH,SU6,tc,commerce_services,fr,5.04
F,6802,68,F,15-29,prof_inter,CH,SU6,tc,public_sante,fr,4.8
F,6802,68,F,15-29,prof_inter,CH,SU6,voiture,commerce_services,etr,10.61
F,6802,68,F,15-29,prof_inter,CH,SU6,voiture,commerce_services,fr,10.17
F,6802,68,F,15-29,prof_inter,CH,SU6,voiture,public_sante,fr,35.55
F,6802,68,F,15-29,prof_inter,CH,SU7,voiture,commerce_services,fr,5.17
F,6802,68,F,15-29,prof_inter,CH,SU7,voiture,industrie,fr,5.19
F,6802,68,F,15-29,prof_inter,DE,AL2,voiture,commerce_services,fr,5.19
F,6802,68,F,30-44,artisans,CH,SU6,voiture,commerce_services,fr,5.04
F,6802,68,F,30-44,artisans,CH,SU6,voiture,industrie,fr,4.63
F,6802,68,F,30-44,cadres,CH,SU1,aucun,commerce_services,fr,5.18
F,6802,68,F,30-44,cadres,CH,SU2,voiture,commerce_services,fr,5.08
F,6802,68,F,30-44,cadres,CH,SU5,voiture,commerce_services,fr,5.2
F,6802,68,F,30-44,cadres,CH,SU5,voiture,industrie,fr,5.07
F,6802,68,F,30-44,cadres,CH,SU6,tc,commerce_services,fr,20.72
F,6802,68,F,30-44,cadres,CH,SU6,tc,construction,fr,5.18
F,6802,68,F,30-44,cadres,CH,SU6,tc,industrie,etr,10.18
F,6802,68,F,30-44,cadres,CH,SU6,tc,industrie,fr,20.48
F,6802,68,F,30-44,cadres,CH,SU6,voiture,commerce_services,etr,5.14
F,6802,68,F,30-44,cadres,CH,SU6,voiture,commerce_services,fr,35.74
F,6802,68,F,30-44,cadres,CH,SU6,voiture,industrie,etr,15.31
F,6802,68,F,30-44,cadres,CH,SU6,voiture,industrie,fr,125.86
F,6802,68,F,30-44,cadres,CH,SU7,voiture,commerce_services,fr,29.48
F,6802,68,F,30-44,cadres,CH,SU7,voiture,industrie,etr,9.87
F,6802,68,F,30-44,cadres,CH,SU7,voiture,industrie,fr,15.28
F,6802,68,F,30-44,cadres,CH,SU8,voiture,commerce_services,fr,5.16
F,6802,68,F,30-44,cadres,CH,SU8,voiture,industrie,fr,20.04
F,6802,68,F,30-44,cadres,DE,AL3,voiture,commerce_services,etr,5.17
F,6802,68,F,30-44,cadres,DE,AL3,voiture,public_sante,fr,10.22
F,6802,68,F,30-44,employes,CH,SU6,tc,commerce_services,fr,24.8
F,6802,68,F,30-44,employes,CH,SU6,tc,industrie,fr,5.14
F,6802,68,F,30-44,employes,CH,SU6,tc,public_sante,etr,5.3
F,6802,68,F,30-44,employes,CH,SU6,voiture,commerce_services,etr,34.47
F,6802,68,F,30-44,employes,CH,SU6,voiture,commerce_services,fr,107.22
F,6802,68,F,30-44,employes,CH,SU6,voiture,construction,fr,5.02
F,6802,68,F,30-44,employes,CH,SU6,voiture,industrie,fr,19.9
F,6802,68,F,30-44,employes,CH,SU6,voiture,public_sante,etr,10.08
F,6802,68,F,30-44,employes,CH,SU6,voiture,public_sante,fr,20.85
F,6802,68,F,30-44,employes,CH,SU7,voiture,commerce_services,etr,10.21
F,6802,68,F,30-44,employes,CH,SU7,voiture,commerce_services,fr,35.51
F,6802,68,F,30-44,employes,CH,SU7,voiture,industrie,etr,4.97
F,6802,68,F,30-44,employes,CH,SU7,voiture,industrie,fr,4.97
F,6802,68,F,30-44,employes,CH,SU7,voiture,public_sante,etr,5.17
F,6802,68,F,30-44,employes,CH,SU7,voiture,public_sante,fr,10.34
F,6802,68,F,30-44,employes,CH,SU8,voiture,commerce_services,fr,4.84
F,6802,68,F,30-44,employes,CH,SU8,voiture,public_sante,etr,5.14
F,6802,68,F,30-44,employes,CH,SU9,voiture,industrie,etr,4.78
F,6802,68,F,30-44,employes,CH,SUD,voiture,commerce_services,fr,14.98
F,6802,68,F,30-44,employes,DE,AL3,voiture,commerce_services,etr,5.17
F,6802,68,F,30-44,employes,DE,AL3,voiture,industrie,fr,5.19
F,6802,68,F,30-44,employes,DE,AL3,voiture,public_sante,etr,10.33
F,6802,68,F,30-44,ouvriers,CH,SU2,voiture,industrie,fr,4.94
F,6802,68,F,30-44,ouvriers,CH,SU6,tc,commerce_services,fr,5.3
F,6802,68,F,30-44,ouvriers,CH,SU6,voiture,commerce_services,etr,5.14
F,6802,68,F,30-44,ouvriers,CH,SU6,voiture,commerce_services,fr,24.92
F,6802,68,F,30-44,ouvriers,CH,SU6,voiture,industrie,fr,9.97
F,6802,68,F,30-44,ouvriers,CH,SU7,voiture,commerce_services,etr,10.32
F,6802,68,F,30-44,ouvriers,CH,SU7,voiture,commerce_services,fr,15.43
F,6802,68,F,30-44,ouvriers,CH,SU7,voiture,industrie,fr,5.14
F,6802,68,F,30-44,ouvriers,CH,SU8,voiture,commerce_services,etr,5.17
F,6802,68,F,30-44,ouvriers,CH,SU8,voiture,industrie,fr,5.43
F,6802,68,F,30-44,ouvriers,DE,AL3,voiture,commerce_services,etr,5.17
F,6802,68,F,30-44,ouvriers,DE,AL3,voiture,commerce_services,fr,5.17
F,6802,68,F,30-44,prof_inter,CH,SU6,tc,commerce_services,fr,10.1
F,6802,68,F,30-44,prof_inter,CH,SU6,velo,industrie,fr,5.3
F,6802,68,F,30-44,prof_inter,CH,SU6,voiture,commerce_services,etr,15.46
F,6802,68,F,30-44,prof_inter,CH,SU6,voiture,commerce_services,fr,60.45
F,6802,68,F,30-44,prof_inter,CH,SU6,voiture,industrie,etr,15.2
F,6802,68,F,30-44,prof_inter,CH,SU6,voiture,industrie,fr,66.95
F,6802,68,F,30-44,prof_inter,CH,SU6,voiture,public_sante,fr,56.15
F,6802,68,F,30-44,prof_inter,CH,SU7,voiture,commerce_services,fr,24.88
F,6802,68,F,30-44,prof_inter,CH,SU7,voiture,industrie,etr,5.14
F,6802,68,F,30-44,prof_inter,CH,SU7,voiture,industrie,fr,10.27
F,6802,68,F,30-44,prof_inter,CH,SU7,voiture,public_sante,fr,15.31
F,6802,68,F,30-44,prof_inter,CH,SU8,voiture,commerce_services,fr,4.96
F,6802,68,F,30-44,prof_inter,CH,SU8,voiture,industrie,fr,5.3
F,6802,68,F,30-44,prof_inter,CH,SU9,voiture,public_sante,fr,5.04
F,6802,68,F,30-44,prof_inter,DE,AL3,voiture,commerce_services,fr,10.31
F,6802,68,F,30-44,prof_inter,DE,AL3,voiture,public_sante,etr,10.36
F,6802,68,F,45-54,artisans,CH,SU6,tc,commerce_services,fr,5.17
F,6802,68,F,45-54,cadres,CH,SU1,voiture,commerce_services,fr,4.83
F,6802,68,F,45-54,cadres,CH,SU6,tc,industrie,fr,9.96
F,6802,68,F,45-54,cadres,CH,SU6,voiture,commerce_services,fr,39.91
F,6802,68,F,45-54,cadres,CH,SU6,voiture,industrie,etr,15.21
F,6802,68,F,45-54,cadres,CH,SU6,voiture,industrie,fr,45.73
F,6802,68,F,45-54,cadres,CH,SU6,voiture,public_sante,fr,4.96
F,6802,68,F,45-54,cadres,CH,SU7,voiture,commerce_services,fr,24.73
F,6802,68,F,45-54,cadres,CH,SU8,voiture,industrie,fr,5.1
F,6802,68,F,45-54,cadres,CH,SU9,voiture,commerce_services,etr,5.07
F,6802,68,F,45-54,cadres,DE,AL3,voiture,commerce_services,fr,5.0
F,6802,68,F,45-54,employes,CH,SU6,tc,commerce_services,fr,30.51
F,6802,68,F,45-54,employes,CH,SU6,voiture,commerce_services,etr,19.98
F,6802,68,F,45-54,employes,CH,SU6,voiture,commerce_services,fr,86.67
F,6802,68,F,45-54,employes,CH,SU6,voiture,industrie,fr,10.49
F,6802,68,F,45-54,employes,CH,SU6,voiture,public_sante,etr,5.19
F,6802,68,F,45-54,employes,CH,SU6,voiture,public_sante,fr,25.63
F,6802,68,F,45-54,employes,CH,SU7,voiture,agriculture,fr,4.85
F,6802,68,F,45-54,employes,CH,SU7,voiture,commerce_services,etr,4.88
F,6802,68,F,45-54,employes,CH,SU7,voiture,commerce_services,fr,62.43
F,6802,68,F,45-54,employes,CH,SU7,voiture,industrie,fr,10.39
F,6802,68,F,45-54,employes,CH,SU7,voiture,public_sante,etr,4.97
F,6802,68,F,45-54,employes,CH,SU7,voiture,public_sante,fr,14.9
F,6802,68,F,45-54,employes,CH,SU8,voiture,industrie,fr,4.96
F,6802,68,F,45-54,employes,DE,AL3,voiture,commerce_services,fr,5.3
F,6802,68,F,45-54,employes,DE,AL3,voiture,industrie,etr,5.04
F,6802,68,F,45-54,ouvriers,CH,SU6,tc,public_sante,fr,5.18
F,6802,68,F,45-54,ouvriers,CH,SU6,voiture,commerce_services,fr,20.09
F,6802,68,F,45-54,ouvriers,CH,SU6,voiture,industrie,etr,10.08
F,6802,68,F,45-54,ouvriers,CH,SU6,voiture,industrie,fr,10.45
F,6802,68,F,45-54,ouvriers,CH,SU6,voiture,public_sante,fr,4.98
F,6802,68,F,45-54,ouvriers,CH,SU8,voiture,industrie,fr,5.1
F,6802,68,F,45-54,ouvriers,CH,SUD,tc,commerce_services,fr,5.2
F,6802,68,F,45-54,ouvriers,DE,AL3,voiture,industrie,etr,5.14
F,6802,68,F,45-54,ouvriers,DE,AL3,voiture,industrie,fr,15.69
F,6802,68,F,45-54,prof_inter,CH,SU1,voiture,commerce_services,fr,5.05
F,6802,68,F,45-54,prof_inter,CH,SU2,voiture,commerce_services,etr,5.06
F,6802,68,F,45-54,prof_inter,CH,SU6,tc,commerce_services,etr,5.3
F,6802,68,F,45-54,prof_inter,CH,SU6,tc,commerce_services,fr,10.21
F,6802,68,F,45-54,prof_inter,CH,SU6,tc,industrie,fr,5.23
F,6802,68,F,45-54,prof_inter,CH,SU6,tc,public_sante,etr,5.19
F,6802,68,F,45-54,prof_inter,CH,SU6,tc,public_sante,fr,10.08
F,6802,68,F,45-54,prof_inter,CH,SU6,velo,industrie,fr,5.0
F,6802,68,F,45-54,prof_inter,CH,SU6,voiture,commerce_services,etr,9.97
F,6802,68,F,45-54,prof_inter,CH,SU6,voiture,commerce_services,fr,46.33
F,6802,68,F,45-54,prof_inter,CH,SU6,voiture,industrie,fr,35.55
F,6802,68,F,45-54,prof_inter,CH,SU6,voiture,public_sante,etr,5.1
F,6802,68,F,45-54,prof_inter,CH,SU6,voiture,public_sante,fr,25.55
F,6802,68,F,45-54,prof_inter,CH,SU7,voiture,commerce_services,fr,36.31
F,6802,68,F,45-54,prof_inter,CH,SU7,voiture,industrie,fr,10.09
F,6802,68,F,45-54,prof_inter,CH,SU7,voiture,public_sante,fr,5.17
F,6802,68,F,45-54,prof_inter,CH,SU8,voiture,commerce_services,fr,4.6
F,6802,68,F,45-54,prof_inter,CH,SU8,voiture,industrie,fr,5.0
F,6802,68,F,45-54,prof_inter,CH,SU9,voiture,public_sante,fr,4.45
F,6802,68,F,45-54,prof_inter,DE,AL3,voiture,public_sante,fr,4.6
F,6802,68,F,55+,artisans,CH,SU7,voiture,commerce_services,fr,5.18
F,6802,68,F,55+,cadres,CH,SU1,tc,public_sante,etr,5.0
F,6802,68,F,55+,cadres,CH,SU6,tc,commerce_services,fr,10.14
F,6802,68,F,55+,cadres,CH,SU6,voiture,industrie,fr,15.3
F,6802,68,F,55+,cadres,CH,SU6,voiture,public_sante,fr,5.43
F,6802,68,F,55+,cadres,CH,SU7,voiture,commerce_services,fr,10.19
F,6802,68,F,55+,employes,CH,SU5,voiture,commerce_services,fr,5.14
F,6802,68,F,55+,employes,CH,SU6,tc,commerce_services,fr,30.8
F,6802,68,F,55+,employes,CH,SU6,tc,public_sante,etr,5.18
F,6802,68,F,55+,employes,CH,SU6,tc,public_sante,fr,5.04
F,6802,68,F,55+,employes,CH,SU6,voiture,commerce_services,etr,5.04
F,6802,68,F,55+,employes,CH,SU6,voiture,commerce_services,fr,81.4
F,6802,68,F,55+,employes,CH,SU6,voiture,industrie,etr,5.19
F,6802,68,F,55+,employes,CH,SU6,voiture,industrie,fr,10.43
F,6802,68,F,55+,employes,CH,SU6,voiture,public_sante,fr,5.04
F,6802,68,F,55+,employes,CH,SU7,voiture,commerce_services,fr,40.56
F,6802,68,F,55+,employes,CH,SU7,voiture,public_sante,fr,10.08
F,6802,68,F,55+,employes,CH,SU8,voiture,commerce_services,fr,5.17
F,6802,68,F,55+,employes,CH,SU9,voiture,public_sante,fr,4.96
F,6802,68,F,55+,employes,DE,AL3,voiture,industrie,etr,5.3
F,6802,68,F,55+,ouvriers,CH,SU2,voiture,commerce_services,fr,5.43
F,6802,68,F,55+,ouvriers,CH,SU5,voiture,industrie,fr,5.06
F,6802,68,F,55+,ouvriers,CH,SU6,voiture,commerce_services,fr,10.11
F,6802,68,F,55+,ouvriers,CH,SU6,voiture,industrie,fr,5.3
F,6802,68,F,55+,ouvriers,CH,SU7,voiture,industrie,etr,5.3
F,6802,68,F,55+,ouvriers,CH,SU7,voiture,industrie,fr,5.17
F,6802,68,F,55+,ouvriers,DE,AL3,voiture,industrie,fr,5.01
F,6802,68,F,55+,prof_inter,CH,SU6,tc,industrie,fr,5.04
F,6802,68,F,55+,prof_inter,CH,SU6,tc,public_sante,fr,10.06
F,6802,68,F,55+,prof_inter,CH,SU6,velo,industrie,fr,5.09
F,6802,68,F,55+,prof_inter,CH,SU6,voiture,commerce_services,etr,10.14
F,6802,68,F,55+,prof_inter,CH,SU6,voiture,commerce_services,fr,51.44
F,6802,68,F,55+,prof_inter,CH,SU6,voiture,industrie,fr,10.12
F,6802,68,F,55+,prof_inter,CH,SU6,voiture,public_sante,etr,5.08
F,6802,68,F,55+,prof_inter,CH,SU6,voiture,public_sante,fr,20.24
F,6802,68,F,55+,prof_inter,CH,SU7,voiture,commerce_services,fr,25.52
F,6802,68,F,55+,prof_inter,CH,SU7,voiture,industrie,fr,4.97
F,6802,68,F,55+,prof_inter,CH,SU7,voiture,public_sante,fr,5.18
F,6802,68,F,55+,prof_inter,CH,SU8,voiture,industrie,fr,10.5
F,6802,68,F,55+,prof_inter,CH,SU8,voiture,public_sante,fr,5.17
F,6802,68,F,55+,prof_inter,CH,SU9,tc,public_sante,fr,5.09
F,6802,68,F,55+,prof_inter,CH,SU9,voiture,public_sante,etr,4.88
F,6802,68,F,55+,prof_inter,CH,SU9,voiture,public_sante,fr,10.0
F,6802,68,H,15-29,artisans,CH,SU6,voiture,commerce_services,etr,5.04
F,6802,68,H,15-29,artisans,CH,SU7,voiture,commerce_services,etr,5.14
F,6802,68,H,15-29,cadres,CH,SU4,marche,commerce_services,fr,5.02
F,6802,68,H,15-29,cadres,CH,SU6,deux_roues,commerce_services,fr,5.07
F,6802,68,H,15-29,cadres,CH,SU6,tc,commerce_services,fr,10.27
F,6802,68,H,15-29,cadres,CH,SU6,voiture,commerce_services,fr,5.05
F,6802,68,H,15-29,cadres,CH,SU7,voiture,commerce_services,fr,10.28
F,6802,68,H,15-29,cadres,CH,SU7,voiture,industrie,fr,5.43
F,6802,68,H,15-29,cadres,CH,SU8,voiture,industrie,etr,5.43
F,6802,68,H,15-29,cadres,CH,SU8,voiture,industrie,fr,5.0
F,6802,68,H,15-29,cadres,DE,ALI,tc,commerce_services,fr,5.14
F,6802,68,H,15-29,employes,CH,SU6,tc,commerce_services,fr,5.18
F,6802,68,H,15-29,employes,CH,SU6,voiture,commerce_services,fr,20.71
F,6802,68,H,15-29,employes,CH,SU6,voiture,public_sante,fr,5.0
F,6802,68,H,15-29,employes,CH,SUD,voiture,public_sante,fr,5.14
F,6802,68,H,15-29,employes,DE,AL3,deux_roues,commerce_services,etr,5.43
F,6802,68,H,15-29,ouvriers,CH,SU5,voiture,industrie,fr,5.14
F,6802,68,H,15-29,ouvriers,CH,SU6,tc,commerce_services,fr,5.19
F,6802,68,H,15-29,ouvriers,CH,SU6,voiture,commerce_services,fr,66.13
F,6802,68,H,15-29,ouvriers,CH,SU6,voiture,construction,fr,20.71
F,6802,68,H,15-29,ouvriers,CH,SU6,voiture,industrie,fr,20.37
F,6802,68,H,15-29,ouvriers,CH,SU6,voiture,public_sante,fr,5.29
F,6802,68,H,15-29,ouvriers,CH,SU7,velo,commerce_services,fr,4.83
F,6802,68,H,15-29,ouvriers,CH,SU7,voiture,commerce_services,fr,41.31
F,6802,68,H,15-29,ouvriers,CH,SU7,voiture,construction,fr,10.15
F,6802,68,H,15-29,ouvriers,CH,SU7,voiture,industrie,fr,15.36
F,6802,68,H,15-29,ouvriers,CH,SU8,voiture,commerce_services,fr,10.3
F,6802,68,H,15-29,ouvriers,CH,SU9,tc,commerce_services,fr,5.04
F,6802,68,H,15-29,ouvriers,CH,SU9,voiture,construction,fr,5.07
F,6802,68,H,15-29,ouvriers,CH,SUD,voiture,commerce_services,fr,4.6
F,6802,68,H,15-29,ouvriers,CH,SUD,voiture,construction,fr,5.3
F,6802,68,H,15-29,ouvriers,DE,AL3,voiture,commerce_services,fr,4.33
F,6802,68,H,15-29,ouvriers,DE,AL3,voiture,construction,etr,5.17
F,6802,68,H,15-29,ouvriers,DE,AL3,voiture,construction,fr,10.72
F,6802,68,H,15-29,ouvriers,DE,AL3,voiture,industrie,etr,20.76
F,6802,68,H,15-29,prof_inter,CH,SU4,voiture,industrie,fr,5.14
F,6802,68,H,15-29,prof_inter,CH,SU6,voiture,commerce_services,fr,10.23
F,6802,68,H,15-29,prof_inter,CH,SU6,voiture,construction,fr,5.3
F,6802,68,H,15-29,prof_inter,CH,SU6,voiture,public_sante,fr,4.91
F,6802,68,H,15-29,prof_inter,CH,SU7,voiture,commerce_services,fr,15.32
F,6802,68,H,15-29,prof_inter,CH,SU7,voiture,construction,fr,5.14
F,6802,68,H,15-29,prof_inter,CH,SU7,voiture,industrie,fr,10.12
F,6802,68,H,15-29,prof_inter,CH,SUD,voiture,industrie,fr,5.08
F,6802,68,H,15-29,prof_inter,DE,AL3,voiture,commerce_services,fr,5.17
F,6802,68,H,30-44,artisans,CH,SU5,voiture,commerce_services,fr,5.04
F,6802,68,H,30-44,artisans,CH,SU6,voiture,commerce_services,fr,4.97
F,6802,68,H,30-44,artisans,CH,SU6,voiture,construction,etr,9.55
F,6802,68,H,30-44,artisans,CH,SU7,voiture,commerce_services,fr,10.23
F,6802,68,H,30-44,artisans,CH,SU7,voiture,industrie,fr,5.13
F,6802,68,H,30-44,artisans,CH,SU8,voiture,commerce_services,fr,5.14
F,6802,68,H,30-44,artisans,CH,SUD,marche,commerce_services,etr,5.14
F,6802,68,H,30-44,cadres,CH,SU1,aucun,commerce_services,fr,5.18
F,6802,68,H,30-44,cadres,CH,SU1,tc,commerce_services,fr,5.1
F,6802,68,H,30-44,cadres,CH,SU1,voiture,commerce_services,fr,5.03
F,6802,68,H,30-44,cadres,CH,SU1,voiture,public_sante,fr,5.14
F,6802,68,H,30-44,cadres,CH,SU2,voiture,public_sante,fr,5.14
F,6802,68,H,30-44,cadres,CH,SU3,voiture,commerce_services,fr,4.91
F,6802,68,H,30-44,cadres,CH,SU5,voiture,commerce_services,fr,5.04
F,6802,68,H,30-44,cadres,CH,SU5,voiture,industrie,fr,5.08
F,6802,68,H,30-44,cadres,CH,SU6,deux_roues,commerce_services,fr,5.14
F,6802,68,H,30-44,cadres,CH,SU6,tc,commerce_services,fr,30.61
F,6802,68,H,30-44,cadres,CH,SU6,tc,industrie,fr,9.91
F,6802,68,H,30-44,cadres,CH,SU6,tc,public_sante,fr,5.14
F,6802,68,H,30-44,cadres,CH,SU6,velo,commerce_services,fr,5.2
F,6802,68,H,30-44,cadres,CH,SU6,voiture,commerce_services,etr,10.28
F,6802,68,H,30-44,cadres,CH,SU6,voiture,commerce_services,fr,45.65
F,6802,68,H,30-44,cadres,CH,SU6,voiture,construction,fr,4.83
F,6802,68,H,30-44,cadres,CH,SU6,voiture,industrie,etr,5.04
F,6802,68,H,30-44,cadres,CH,SU6,voiture,industrie,fr,80.15
F,6802,68,H,30-44,cadres,CH,SU7,tc,commerce_services,fr,10.14
F,6802,68,H,30-44,cadres,CH,SU7,velo,commerce_services,fr,4.92
F,6802,68,H,30-44,cadres,CH,SU7,voiture,commerce_services,fr,50.33
F,6802,68,H,30-44,cadres,CH,SU7,voiture,industrie,etr,5.19
F,6802,68,H,30-44,cadres,CH,SU7,voiture,industrie,fr,35.47
F,6802,68,H,30-44,cadres,CH,SU8,tc,public_sante,etr,5.04
F,6802,68,H,30-44,cadres,CH,SU8,voiture,commerce_services,fr,15.0
F,6802,68,H,30-44,cadres,CH,SU8,voiture,industrie,etr,10.18
F,6802,68,H,30-44,cadres,CH,SU8,voiture,industrie,fr,30.93
F,6802,68,H,30-44,cadres,CH,SU8,voiture,public_sante,fr,5.1
F,6802,68,H,30-44,cadres,CH,SU9,voiture,construction,fr,9.48
F,6802,68,H,30-44,cadres,CH,SUD,tc,industrie,fr,5.05
F,6802,68,H,30-44,cadres,CH,SUD,voiture,public_sante,fr,4.96
F,6802,68,H,30-44,cadres,DE,AL3,voiture,commerce_services,etr,5.08
F,6802,68,H,30-44,cadres,DE,AL3,voiture,commerce_services,fr,5.17
F,6802,68,H,30-44,employes,CH,SU6,tc,commerce_services,etr,5.2
F,6802,68,H,30-44,employes,CH,SU6,tc,industrie,fr,5.17
F,6802,68,H,30-44,employes,CH,SU6,voiture,commerce_services,etr,15.26
F,6802,68,H,30-44,employes,CH,SU6,voiture,commerce_services,fr,67.21
F,6802,68,H,30-44,employes,CH,SU6,voiture,industrie,fr,14.52
F,6802,68,H,30-44,employes,CH,SU7,voiture,commerce_services,etr,5.18
F,6802,68,H,30-44,employes,CH,SU7,voiture,commerce_services,fr,25.53
F,6802,68,H,30-44,employes,DE,AL3,voiture,public_sante,etr,5.17
F,6802,68,H,30-44,ouvriers,CH,SU1,voiture,construction,fr,5.07
F,6802,68,H,30-44,ouvriers,CH,SU1,voiture,industrie,fr,10.06
F,6802,68,H,30-44,ouvriers,CH,SU2,voiture,commerce_services,fr,9.84
F,6802,68,H,30-44,ouvriers,CH,SU5,voiture,industrie,etr,5.19
F,6802,68,H,30-44,ouvriers,CH,SU5,voiture,industrie,fr,5.1
F,6802,68,H,30-44,ouvriers,CH,SU6,marche,industrie,etr,5.17
F,6802,68,H,30-44,ouvriers,CH,SU6,tc,commerce_services,etr,4.83
F,6802,68,H,30-44,ouvriers,CH,SU6,tc,commerce_services,fr,10.27
F,6802,68,H,30-44,ouvriers,CH,SU6,velo,public_sante,fr,5.43
F,6802,68,H,30-44,ouvriers,CH,SU6,voiture,commerce_services,etr,5.17
F,6802,68,H,30-44,ouvriers,CH,SU6,voiture,commerce_services,fr,80.37
F,6802,68,H,30-44,ouvriers,CH,SU6,voiture,construction,etr,10.38
F,6802,68,H,30-44,ouvriers,CH,SU6,voiture,construction,fr,25.87
F,6802,68,H,30-44,ouvriers,CH,SU6,voiture,industrie,etr,10.34
F,6802,68,H,30-44,ouvriers,CH,SU6,voiture,industrie,fr,76.65
F,6802,68,H,30-44,ouvriers,CH,SU6,voiture,public_sante,fr,5.14
F,6802,68,H,30-44,ouvriers,CH,SU7,voiture,commerce_services,etr,20.7
F,6802,68,H,30-44,ouvriers,CH,SU7,voiture,commerce_services,fr,70.37
F,6802,68,H,30-44,ouvriers,CH,SU7,voiture,construction,etr,4.8
F,6802,68,H,30-44,ouvriers,CH,SU7,voiture,construction,fr,45.59
F,6802,68,H,30-44,ouvriers,CH,SU7,voiture,industrie,etr,5.19
F,6802,68,H,30-44,ouvriers,CH,SU7,voiture,industrie,fr,30.99
F,6802,68,H,30-44,ouvriers,CH,SU8,voiture,commerce_services,etr,5.04
F,6802,68,H,30-44,ouvriers,CH,SU8,voiture,commerce_services,fr,15.05
F,6802,68,H,30-44,ouvriers,CH,SU8,voiture,construction,fr,5.14
F,6802,68,H,30-44,ouvriers,CH,SU8,voiture,industrie,fr,15.19
F,6802,68,H,30-44,ouvriers,CH,SU9,voiture,commerce_services,fr,4.95
F,6802,68,H,30-44,ouvriers,CH,SUB,voiture,industrie,fr,4.8
F,6802,68,H,30-44,ouvriers,CH,SUD,voiture,industrie,fr,5.3
F,6802,68,H,30-44,ouvriers,DE,AL3,voiture,commerce_services,etr,5.17
F,6802,68,H,30-44,ouvriers,DE,AL3,voiture,commerce_services,fr,10.24
F,6802,68,H,30-44,ouvriers,DE,AL3,voiture,construction,etr,5.1
F,6802,68,H,30-44,ouvriers,autre,BE6,voiture,commerce_services,etr,5.04
F,6802,68,H,30-44,prof_inter,CH,SU1,voiture,commerce_services,fr,5.14
F,6802,68,H,30-44,prof_inter,CH,SU2,voiture,industrie,fr,5.59
F,6802,68,H,30-44,prof_inter,CH,SU4,voiture,commerce_services,fr,10.18
F,6802,68,H,30-44,prof_inter,CH,SU5,voiture,commerce_services,fr,5.04
F,6802,68,H,30-44,prof_inter,CH,SU5,voiture,industrie,fr,5.14
F,6802,68,H,30-44,prof_inter,CH,SU6,tc,commerce_services,fr,10.1
F,6802,68,H,30-44,prof_inter,CH,SU6,tc,industrie,fr,4.6
F,6802,68,H,30-44,prof_inter,CH,SU6,tc,public_sante,fr,10.27
F,6802,68,H,30-44,prof_inter,CH,SU6,velo,commerce_services,etr,4.97
F,6802,68,H,30-44,prof_inter,CH,SU6,voiture,commerce_services,fr,85.4
F,6802,68,H,30-44,prof_inter,CH,SU6,voiture,construction,etr,5.13
F,6802,68,H,30-44,prof_inter,CH,SU6,voiture,construction,fr,30.7
F,6802,68,H,30-44,prof_inter,CH,SU6,voiture,industrie,etr,15.37
F,6802,68,H,30-44,prof_inter,CH,SU6,voiture,industrie,fr,45.46
F,6802,68,H,30-44,prof_inter,CH,SU6,voiture,public_sante,fr,5.01
F,6802,68,H,30-44,prof_inter,CH,SU7,voiture,commerce_services,etr,5.08
F,6802,68,H,30-44,prof_inter,CH,SU7,voiture,commerce_services,fr,34.91
F,6802,68,H,30-44,prof_inter,CH,SU7,voiture,construction,fr,4.63
F,6802,68,H,30-44,prof_inter,CH,SU7,voiture,industrie,fr,10.4
F,6802,68,H,30-44,prof_inter,CH,SU7,voiture,public_sante,fr,10.2
F,6802,68,H,30-44,prof_inter,CH,SU8,voiture,industrie,fr,10.53
F,6802,68,H,30-44,prof_inter,CH,SU8,voiture,public_sante,etr,4.96
F,6802,68,H,30-44,prof_inter,CH,SUD,voiture,commerce_services,fr,10.17
F,6802,68,H,45-54,agriculteurs,CH,SU6,voiture,agriculture,fr,4.96
F,6802,68,H,45-54,artisans,CH,SU7,voiture,commerce_services,etr,5.04
F,6802,68,H,45-54,artisans,DE,AL3,voiture,industrie,fr,5.04
F,6802,68,H,45-54,cadres,CH,SU1,voiture,commerce_services,fr,4.96
F,6802,68,H,45-54,cadres,CH,SU2,tc,industrie,fr,5.18
F,6802,68,H,45-54,cadres,CH,SU5,tc,commerce_services,fr,4.78
F,6802,68,H,45-54,cadres,CH,SU5,voiture,industrie,fr,10.24
F,6802,68,H,45-54,cadres,CH,SU6,tc,commerce_services,etr,5.04
F,6802,68,H,45-54,cadres,CH,SU6,tc,commerce_services,fr,30.62
F,6802,68,H,45-54,cadres,CH,SU6,tc,industrie,etr,5.04
F,6802,68,H,45-54,cadres,CH,SU6,tc,industrie,fr,9.58
F,6802,68,H,45-54,cadres,CH,SU6,tc,public_sante,fr,4.96
F,6802,68,H,45-54,cadres,CH,SU6,voiture,commerce_services,etr,35.53
F,6802,68,H,45-54,cadres,CH,SU6,voiture,commerce_services,fr,60.33
F,6802,68,H,45-54,cadres,CH,SU6,voiture,industrie,etr,24.47
F,6802,68,H,45-54,cadres,CH,SU6,voiture,industrie,fr,59.82
F,6802,68,H,45-54,cadres,CH,SU7,voiture,commerce_services,etr,5.01
F,6802,68,H,45-54,cadres,CH,SU7,voiture,commerce_services,fr,25.35
F,6802,68,H,45-54,cadres,CH,SU7,voiture,industrie,fr,20.96
F,6802,68,H,45-54,cadres,CH,SU8,tc,commerce_services,fr,5.04
F,6802,68,H,45-54,cadres,CH,SU8,tc,industrie,fr,4.78
F,6802,68,H,45-54,cadres,CH,SU8,voiture,commerce_services,etr,10.12
F,6802,68,H,45-54,cadres,CH,SU8,voiture,industrie,fr,10.04
F,6802,68,H,45-54,cadres,CH,SUB,voiture,commerce_services,fr,4.96
F,6802,68,H,45-54,cadres,CH,SUD,voiture,industrie,fr,5.43
F,6802,68,H,45-54,cadres,CH,SUQ,voiture,commerce_services,fr,5.18
F,6802,68,H,45-54,cadres,CH,SUQ,voiture,industrie,fr,5.14
F,6802,68,H,45-54,cadres,DE,AL3,voiture,industrie,fr,9.68
F,6802,68,H,45-54,cadres,DE,AL3,voiture,public_sante,fr,5.04
F,6802,68,H,45-54,cadres,DE,ALI,tc,commerce_services,etr,5.14
F,6802,68,H,45-54,cadres,autre,ZZZ,tc,commerce_services,fr,5.07
F,6802,68,H,45-54,employes,CH,SU2,voiture,commerce_services,fr,4.94
F,6802,68,H,45-54,employes,CH,SU6,tc,commerce_services,fr,5.04
F,6802,68,H,45-54,employes,CH,SU6,voiture,commerce_services,fr,20.31
F,6802,68,H,45-54,employes,CH,SU6,voiture,industrie,etr,5.01
F,6802,68,H,45-54,employes,CH,SUP,voiture,commerce_services,fr,4.85
F,6802,68,H,45-54,employes,DE,AL3,voiture,commerce_services,fr,5.17
F,6802,68,H,45-54,ouvriers,CH,SU1,voiture,construction,etr,5.14
F,6802,68,H,45-54,ouvriers,CH,SU2,voiture,commerce_services,fr,10.2
F,6802,68,H,45-54,ouvriers,CH,SU5,voiture,commerce_services,etr,5.3
F,6802,68,H,45-54,ouvriers,CH,SU5,voiture,construction,etr,5.21
F,6802,68,H,45-54,ouvriers,CH,SU6,deux_roues,industrie,fr,5.3
F,6802,68,H,45-54,ouvriers,CH,SU6,tc,construction,etr,4.92
F,6802,68,H,45-54,ouvriers,CH,SU6,voiture,commerce_services,etr,15.34
F,6802,68,H,45-54,ouvriers,CH,SU6,voiture,commerce_services,fr,81.2
F,6802,68,H,45-54,ouvriers,CH,SU6,voiture,construction,fr,44.38
F,6802,68,H,45-54,ouvriers,CH,SU6,voiture,industrie,fr,45.46
F,6802,68,H,45-54,ouvriers,CH,SU6,voiture,public_sante,fr,5.18
F,6802,68,H,45-54,ouvriers,CH,SU7,deux_roues,commerce_services,fr,5.43
F,6802,68,H,45-54,ouvriers,CH,SU7,tc,industrie,fr,10.31
F,6802,68,H,45-54,ouvriers,CH,SU7,voiture,commerce_services,etr,10.07
F,6802,68,H,45-54,ouvriers,CH,SU7,voiture,commerce_services,fr,71.43
F,6802,68,H,45-54,ouvriers,CH,SU7,voiture,construction,etr,10.4
F,6802,68,H,45-54,ouvriers,CH,SU7,voiture,construction,fr,14.94
F,6802,68,H,45-54,ouvriers,CH,SU7,voiture,industrie,fr,40.86
F,6802,68,H,45-54,ouvriers,CH,SU8,tc,public_sante,fr,5.14
F,6802,68,H,45-54,ouvriers,CH,SU8,voiture,commerce_services,etr,5.04
F,6802,68,H,45-54,ouvriers,CH,SU8,voiture,commerce_services,fr,15.24
F,6802,68,H,45-54,ouvriers,CH,SU9,voiture,commerce_services,fr,5.08
F,6802,68,H,45-54,ouvriers,DE,AL3,voiture,commerce_services,etr,10.36
F,6802,68,H,45-54,ouvriers,DE,AL3,voiture,commerce_services,fr,10.3
F,6802,68,H,45-54,ouvriers,DE,AL3,voiture,construction,etr,4.8
F,6802,68,H,45-54,ouvriers,DE,AL3,voiture,industrie,etr,10.34
F,6802,68,H,45-54,ouvriers,DE,AL5,voiture,construction,fr,5.04
F,6802,68,H,45-54,ouvriers,DE,AL6,voiture,industrie,fr,5.17
F,6802,68,H,45-54,prof_inter,CH,SU1,voiture,industrie,etr,5.66
F,6802,68,H,45-54,prof_inter,CH,SU2,voiture,commerce_services,fr,5.08
F,6802,68,H,45-54,prof_inter,CH,SU5,voiture,industrie,fr,10.27
F,6802,68,H,45-54,prof_inter,CH,SU6,deux_roues,commerce_services,fr,5.3
F,6802,68,H,45-54,prof_inter,CH,SU6,marche,industrie,fr,5.17
F,6802,68,H,45-54,prof_inter,CH,SU6,tc,commerce_services,fr,5.17
F,6802,68,H,45-54,prof_inter,CH,SU6,voiture,commerce_services,etr,10.24
F,6802,68,H,45-54,prof_inter,CH,SU6,voiture,commerce_services,fr,25.83
F,6802,68,H,45-54,prof_inter,CH,SU6,voiture,construction,fr,10.26
F,6802,68,H,45-54,prof_inter,CH,SU6,voiture,industrie,fr,34.68
F,6802,68,H,45-54,prof_inter,CH,SU6,voiture,public_sante,etr,5.43
F,6802,68,H,45-54,prof_inter,CH,SU7,voiture,commerce_services,etr,15.05
F,6802,68,H,45-54,prof_inter,CH,SU7,voiture,commerce_services,fr,30.71
F,6802,68,H,45-54,prof_inter,CH,SU7,voiture,industrie,fr,30.87
F,6802,68,H,45-54,prof_inter,CH,SU7,voiture,public_sante,fr,5.14
F,6802,68,H,45-54,prof_inter,CH,SU8,voiture,construction,etr,5.19
F,6802,68,H,45-54,prof_inter,CH,SU8,voiture,construction,fr,10.3
F,6802,68,H,45-54,prof_inter,CH,SU8,voiture,industrie,fr,10.0
F,6802,68,H,45-54,prof_inter,CH,SU8,voiture,public_sante,fr,4.96
F,6802,68,H,45-54,prof_inter,DE,AL3,voiture,industrie,etr,5.13
F,6802,68,H,45-54,prof_inter,DE,AL3,voiture,industrie,fr,5.1
F,6802,68,H,55+,artisans,CH,SU6,voiture,commerce_services,etr,5.04
F,6802,68,H,55+,artisans,CH,SU6,voiture,commerce_services,fr,20.69
F,6802,68,H,55+,artisans,CH,SU6,voiture,construction,fr,15.31
F,6802,68,H,55+,artisans,CH,SU6,voiture,industrie,fr,5.07
F,6802,68,H,55+,artisans,CH,SU7,voiture,commerce_services,fr,5.17
F,6802,68,H,55+,artisans,CH,SU7,voiture,industrie,fr,5.22
F,6802,68,H,55+,artisans,DE,AL3,voiture,commerce_services,fr,5.18
F,6802,68,H,55+,cadres,CH,SU1,voiture,commerce_services,fr,15.27
F,6802,68,H,55+,cadres,CH,SU2,voiture,commerce_services,fr,5.17
F,6802,68,H,55+,cadres,CH,SU6,deux_roues,commerce_services,fr,10.37
F,6802,68,H,55+,cadres,CH,SU6,tc,commerce_services,fr,15.4
F,6802,68,H,55+,cadres,CH,SU6,tc,industrie,fr,10.15
F,6802,68,H,55+,cadres,CH,SU6,voiture,commerce_services,etr,4.78
F,6802,68,H,55+,cadres,CH,SU6,voiture,commerce_services,fr,15.4
F,6802,68,H,55+,cadres,CH,SU6,voiture,construction,fr,10.59
F,6802,68,H,55+,cadres,CH,SU6,voiture,industrie,etr,10.15
F,6802,68,H,55+,cadres,CH,SU6,voiture,industrie,fr,30.58
F,6802,68,H,55+,cadres,CH,SU7,tc,industrie,fr,10.21
F,6802,68,H,55+,cadres,CH,SU7,voiture,commerce_services,fr,30.7
F,6802,68,H,55+,cadres,CH,SU7,voiture,industrie,fr,19.78
F,6802,68,H,55+,cadres,CH,SU8,tc,commerce_services,fr,4.97
F,6802,68,H,55+,cadres,CH,SU8,voiture,commerce_services,fr,4.6
F,6802,68,H,55+,cadres,CH,SU8,voiture,industrie,fr,14.81
F,6802,68,H,55+,cadres,CH,SU8,voiture,public_sante,fr,5.17
F,6802,68,H,55+,cadres,CH,SUC,tc,commerce_services,fr,5.04
F,6802,68,H,55+,cadres,CH,SUD,voiture,industrie,fr,5.0
F,6802,68,H,55+,cadres,DE,AL3,voiture,commerce_services,fr,5.3
F,6802,68,H,55+,employes,CH,SU6,voiture,commerce_services,etr,10.36
F,6802,68,H,55+,employes,CH,SU6,voiture,commerce_services,fr,5.04
F,6802,68,H,55+,employes,CH,SU6,voiture,industrie,fr,10.22
F,6802,68,H,55+,employes,CH,SU6,voiture,public_sante,fr,4.88
F,6802,68,H,55+,employes,CH,SU7,voiture,commerce_services,fr,5.02
F,6802,68,H,55+,employes,CH,SU7,voiture,public_sante,fr,4.97
F,6802,68,H,55+,employes,CH,SUC,tc,commerce_services,fr,5.04
F,6802,68,H,55+,employes,DE,AL3,voiture,construction,etr,5.0
F,6802,68,H,55+,ouvriers,CH,SU1,voiture,industrie,fr,5.3
F,6802,68,H,55+,ouvriers,CH,SU3,voiture,commerce_services,fr,5.19
F,6802,68,H,55+,ouvriers,CH,SU5,voiture,commerce_services,fr,5.07
F,6802,68,H,55+,ouvriers,CH,SU5,voiture,industrie,fr,10.31
F,6802,68,H,55+,ouvriers,CH,SU6,deux_roues,commerce_services,fr,5.19
F,6802,68,H,55+,ouvriers,CH,SU6,tc,industrie,fr,5.3
F,6802,68,H,55+,ouvriers,CH,SU6,voiture,commerce_services,etr,5.14
F,6802,68,H,55+,ouvriers,CH,SU6,voiture,commerce_services,fr,40.42
F,6802,68,H,55+,ouvriers,CH,SU6,voiture,construction,fr,10.17
F,6802,68,H,55+,ouvriers,CH,SU6,voiture,industrie,fr,5.06
F,6802,68,H,55+,ouvriers,CH,SU6,voiture,public_sante,fr,4.85
F,6802,68,H,55+,ouvriers,CH,SU7,tc,construction,fr,5.17
F,6802,68,H,55+,ouvriers,CH,SU7,tc,industrie,fr,5.18
F,6802,68,H,55+,ouvriers,CH,SU7,voiture,commerce_services,fr,70.79
F,6802,68,H,55+,ouvriers,CH,SU7,voiture,construction,fr,15.52
F,6802,68,H,55+,ouvriers,CH,SU7,voiture,industrie,fr,35.13
F,6802,68,H,55+,ouvriers,CH,SU8,voiture,commerce_services,fr,5.18
F,6802,68,H,55+,ouvriers,CH,SU8,voiture,industrie,fr,21.05
F,6802,68,H,55+,ouvriers,CH,SUC,voiture,industrie,fr,4.94
F,6802,68,H,55+,ouvriers,DE,AL1,voiture,commerce_services,etr,5.17
F,6802,68,H,55+,ouvriers,DE,AL3,voiture,commerce_services,fr,10.56
F,6802,68,H,55+,ouvriers,DE,AL3,voiture,industrie,fr,10.18
F,6802,68,H,55+,prof_inter,CH,SU1,voiture,industrie,fr,5.09
F,6802,68,H,55+,prof_inter,CH,SU3,voiture,commerce_services,fr,5.3
F,6802,68,H,55+,prof_inter,CH,SU5,voiture,commerce_services,fr,4.83
F,6802,68,H,55+,prof_inter,CH,SU6,tc,commerce_services,fr,5.05
F,6802,68,H,55+,prof_inter,CH,SU6,tc,industrie,fr,5.17
F,6802,68,H,55+,prof_inter,CH,SU6,voiture,commerce_services,fr,30.83
F,6802,68,H,55+,prof_inter,CH,SU6,voiture,construction,fr,20.2
F,6802,68,H,55+,prof_inter,CH,SU6,voiture,industrie,etr,5.18
F,6802,68,H,55+,prof_inter,CH,SU6,voiture,industrie,fr,46.15
F,6802,68,H,55+,prof_inter,CH,SU7,tc,commerce_services,fr,4.96
F,6802,68,H,55+,prof_inter,CH,SU7,voiture,commerce_services,fr,30.46
F,6802,68,H,55+,prof_inter,CH,SU7,voiture,construction,fr,10.12
F,6802,68,H,55+,prof_inter,CH,SU7,voiture,industrie,etr,5.18
F,6802,68,H,55+,prof_inter,CH,SU7,voiture,industrie,fr,20.7
F,6802,68,H,55+,prof_inter,CH,SU8,voiture,industrie,fr,10.04
F,6802,68,H,55+,prof_inter,CH,SU9,voiture,commerce_services,fr,5.07
F,6802,68,H,55+,prof_inter,DE,AL3,voiture,industrie,fr,5.3
F,6803,68,F,15-29,artisans,CH,SU7,voiture,commerce_services,fr,3.85
F,6803,68,F,15-29,employes,CH,SU6,tc,commerce_services,fr,5.0
F,6803,68,F,15-29,employes,CH,SU6,voiture,commerce_services,fr,8.88
F,6803,68,F,15-29,employes,DE,AL3,voiture,public_sante,fr,4.16
F,6803,68,F,15-29,ouvriers,DE,AL3,voiture,commerce_services,etr,4.19
F,6803,68,F,15-29,prof_inter,CH,SU2,voiture,construction,fr,4.83
F,6803,68,F,15-29,prof_inter,CH,SU5,voiture,industrie,fr,5.03
F,6803,68,F,15-29,prof_inter,CH,SU6,voiture,commerce_services,fr,2.56
F,6803,68,F,30-44,cadres,CH,SU1,voiture,commerce_services,fr,4.8
F,6803,68,F,30-44,cadres,CH,SU6,velo,public_sante,fr,5.02
F,6803,68,F,30-44,cadres,CH,SU6,voiture,industrie,fr,5.09
F,6803,68,F,30-44,cadres,CH,SU7,voiture,public_sante,etr,4.92
F,6803,68,F,30-44,employes,CH,SU6,voiture,commerce_services,fr,3.96
F,6803,68,F,30-44,employes,CH,SU6,voiture,public_sante,fr,5.03
F,6803,68,F,30-44,employes,CH,SU7,voiture,commerce_services,fr,2.62
F,6803,68,F,30-44,employes,CH,SU7,voiture,public_sante,fr,1.31
F,6803,68,F,30-44,ouvriers,CH,SU7,voiture,commerce_services,fr,4.8
F,6803,68,F,30-44,prof_inter,CH,SU6,tc,public_sante,fr,4.19
F,6803,68,F,30-44,prof_inter,CH,SU6,voiture,public_sante,fr,7.4
F,6803,68,F,30-44,prof_inter,CH,SU7,tc,public_sante,etr,4.53
F,6803,68,F,30-44,prof_inter,CH,SU7,voiture,public_sante,fr,5.03
F,6803,68,F,30-44,prof_inter,DE,AL3,voiture,public_sante,fr,10.8
F,6803,68,F,45-54,cadres,CH,SUD,voiture,public_sante,fr,3.84
F,6803,68,F,45-54,employes,CH,SU6,tc,commerce_services,fr,4.78
F,6803,68,F,45-54,employes,CH,SU6,velo,commerce_services,fr,5.05
F,6803,68,F,45-54,employes,CH,SU6,voiture,commerce_services,fr,9.49
F,6803,68,F,45-54,employes,CH,SU6,voiture,industrie,fr,5.03
F,6803,68,F,45-54,employes,CH,SU6,voiture,public_sante,fr,9.09
F,6803,68,F,45-54,employes,DE,AL3,voiture,commerce_services,fr,4.25
F,6803,68,F,45-54,ouvriers,CH,SU6,voiture,commerce_services,fr,15.14
F,6803,68,F,45-54,ouvriers,CH,SU6,voiture,industrie,fr,4.43
F,6803,68,F,45-54,prof_inter,CH,SU6,voiture,commerce_services,fr,4.43
F,6803,68,F,45-54,prof_inter,CH,SU6,voiture,public_sante,fr,9.85
F,6803,68,F,55+,artisans,CH,SU7,voiture,commerce_services,fr,5.13
F,6803,68,F,55+,employes,CH,SU6,voiture,public_sante,fr,5.0
F,6803,68,F,55+,employes,CH,SU7,voiture,commerce_services,fr,5.01
F,6803,68,F,55+,employes,DE,AL3,voiture,industrie,fr,4.39
F,6803,68,F,55+,ouvriers,CH,SU6,voiture,commerce_services,fr,4.96
F,6803,68,H,15-29,cadres,CH,SU7,voiture,commerce_services,fr,1.31
F,6803,68,H,15-29,cadres,CH,SU7,voiture,industrie,fr,1.31
F,6803,68,H,15-29,cadres,CH,SUD,voiture,construction,fr,5.02
F,6803,68,H,15-29,employes,CH,SU6,voiture,commerce_services,fr,9.28
F,6803,68,H,15-29,ouvriers,CH,SU5,voiture,commerce_services,fr,3.82
F,6803,68,H,15-29,ouvriers,CH,SU6,voiture,commerce_services,fr,11.21
F,6803,68,H,15-29,ouvriers,CH,SU6,voiture,construction,fr,5.15
F,6803,68,H,15-29,ouvriers,CH,SU6,voiture,industrie,fr,3.82
F,6803,68,H,15-29,ouvriers,CH,SU7,voiture,commerce_services,fr,4.39
F,6803,68,H,15-29,ouvriers,CH,SU7,voiture,construction,fr,4.96
F,6803,68,H,15-29,ouvriers,CH,SUD,voiture,industrie,fr,5.02
F,6803,68,H,15-29,ouvriers,autre,ZZZ,voiture,agriculture,fr,4.98
F,6803,68,H,15-29,prof_inter,CH,SU1,voiture,commerce_services,fr,4.92
F,6803,68,H,15-29,prof_inter,CH,SU6,voiture,commerce_services,fr,1.31
F,6803,68,H,15-29,prof_inter,CH,SU6,voiture,industrie,fr,8.95
F,6803,68,H,15-29,prof_inter,CH,SU6,voiture,public_sante,fr,5.15
F,6803,68,H,30-44,cadres,CH,SU4,voiture,commerce_services,fr,1.31
F,6803,68,H,30-44,cadres,CH,SU4,voiture,construction,etr,1.31
F,6803,68,H,30-44,cadres,CH,SU6,tc,commerce_services,etr,4.11
F,6803,68,H,30-44,cadres,CH,SU6,voiture,industrie,fr,4.84
F,6803,68,H,30-44,cadres,CH,SU7,voiture,commerce_services,fr,4.82
F,6803,68,H,30-44,cadres,CH,SU7,voiture,industrie,fr,3.96
F,6803,68,H,30-44,cadres,CH,SU8,voiture,commerce_services,fr,5.05
F,6803,68,H,30-44,cadres,DE,AL3,voiture,commerce_services,fr,5.03
F,6803,68,H,30-44,employes,CH,SU6,voiture,industrie,fr,1.31
F,6803,68,H,30-44,ouvriers,CH,SU1,voiture,commerce_services,fr,4.97
F,6803,68,H,30-44,ouvriers,CH,SU6,voiture,commerce_services,fr,24.4
F,6803,68,H,30-44,ouvriers,CH,SU6,voiture,construction,fr,6.43
F,6803,68,H,30-44,ouvriers,CH,SU6,voiture,industrie,fr,26.05
F,6803,68,H,30-44,ouvriers,CH,SU6,voiture,public_sante,fr,5.07
F,6803,68,H,30-44,ouvriers,CH,SU7,voiture,commerce_services,fr,5.71
F,6803,68,H,30-44,ouvriers,CH,SU7,voiture,industrie,fr,17.92
F,6803,68,H,30-44,ouvriers,CH,SU9,voiture,construction,etr,4.77
F,6803,68,H,30-44,ouvriers,CH,SUD,voiture,commerce_services,fr,1.31
F,6803,68,H,30-44,ouvriers,CH,SUD,voiture,construction,fr,5.46
F,6803,68,H,30-44,ouvriers,CH,SUD,voiture,industrie,fr,4.85
F,6803,68,H,30-44,ouvriers,DE,AL3,voiture,industrie,fr,4.12
F,6803,68,H,30-44,prof_inter,CH,SU6,tc,commerce_services,fr,4.87
F,6803,68,H,30-44,prof_inter,CH,SU6,voiture,commerce_services,fr,11.16
F,6803,68,H,30-44,prof_inter,CH,SU6,voiture,industrie,etr,4.23
F,6803,68,H,30-44,prof_inter,CH,SU6,voiture,industrie,fr,1.31
F,6803,68,H,30-44,prof_inter,CH,SU9,voiture,commerce_services,fr,10.08
F,6803,68,H,30-44,prof_inter,CH,SUB,voiture,commerce_services,fr,4.54
F,6803,68,H,30-44,prof_inter,CH,SUD,voiture,industrie,fr,4.72
F,6803,68,H,30-44,prof_inter,DE,AL1,voiture,industrie,fr,5.01
F,6803,68,H,30-44,prof_inter,DE,AL3,voiture,industrie,fr,4.54
F,6803,68,H,30-44,prof_inter,autre,ZZZ,voiture,commerce_services,fr,5.27
F,6803,68,H,45-54,artisans,CH,SUD,voiture,commerce_services,fr,4.83
F,6803,68,H,45-54,artisans,DE,AL3,voiture,commerce_services,fr,1.31
F,6803,68,H,45-54,cadres,CH,SU1,voiture,industrie,etr,5.1
F,6803,68,H,45-54,cadres,CH,SU6,voiture,commerce_services,fr,14.82
F,6803,68,H,45-54,cadres,CH,SU6,voiture,construction,fr,9.74
F,6803,68,H,45-54,cadres,CH,SU6,voiture,industrie,fr,14.93
F,6803,68,H,45-54,cadres,CH,SU7,voiture,industrie,fr,4.43
F,6803,68,H,45-54,ouvriers,CH,SU1,voiture,industrie,fr,9.35
F,6803,68,H,45-54,ouvriers,CH,SU2,voiture,industrie,fr,4.78
F,6803,68,H,45-54,ouvriers,CH,SU6,velo,commerce_services,fr,5.05
F,6803,68,H,45-54,ouvriers,CH,SU6,voiture,commerce_services,fr,11.1
F,6803,68,H,45-54,ouvriers,CH,SU6,voiture,construction,fr,14.96
F,6803,68,H,45-54,ouvriers,CH,SU6,voiture,industrie,fr,5.03
F,6803,68,H,45-54,ouvriers,CH,SU7,tc,construction,fr,4.99
F,6803,68,H,45-54,ouvriers,CH,SU7,voiture,agriculture,fr,5.27
F,6803,68,H,45-54,ouvriers,CH,SU7,voiture,commerce_services,fr,4.67
F,6803,68,H,45-54,ouvriers,CH,SU7,voiture,construction,fr,14.99
F,6803,68,H,45-54,ouvriers,CH,SU7,voiture,industrie,fr,4.89
F,6803,68,H,45-54,ouvriers,CH,SU8,voiture,commerce_services,fr,4.12
F,6803,68,H,45-54,ouvriers,CH,SU8,voiture,industrie,fr,5.0
F,6803,68,H,45-54,ouvriers,DE,AL3,voiture,commerce_services,fr,13.09
F,6803,68,H,45-54,ouvriers,DE,AL3,voiture,industrie,fr,14.46
F,6803,68,H,45-54,prof_inter,CH,SU1,voiture,industrie,fr,7.94
F,6803,68,H,45-54,prof_inter,CH,SU4,voiture,industrie,fr,5.08
F,6803,68,H,45-54,prof_inter,CH,SU6,tc,industrie,fr,4.87
F,6803,68,H,45-54,prof_inter,CH,SU6,voiture,commerce_services,fr,10.0
F,6803,68,H,45-54,prof_inter,CH,SU6,voiture,construction,etr,5.03
F,6803,68,H,45-54,prof_inter,CH,SU6,voiture,industrie,fr,26.25
F,6803,68,H,45-54,prof_inter,CH,SU7,voiture,industrie,fr,9.62
F,6803,68,H,45-54,prof_inter,CH,SU9,voiture,commerce_services,fr,4.96
F,6803,68,H,55+,artisans,CH,SU6,voiture,construction,fr,5.02
F,6803,68,H,55+,cadres,CH,SU6,voiture,industrie,fr,8.92
F,6803,68,H,55+,cadres,CH,SU7,voiture,commerce_services,fr,4.94
F,6803,68,H,55+,cadres,CH,SU9,voiture,public_sante,fr,5.09
F,6803,68,H,55+,employes,CH,SU4,voiture,commerce_services,etr,4.32
F,6803,68,H,55+,employes,CH,SU6,voiture,public_sante,fr,5.13
F,6803,68,H,55+,employes,DE,AL3,voiture,commerce_services,fr,4.97
F,6803,68,H,55+,ouvriers,CH,SU1,voiture,industrie,fr,4.12
F,6803,68,H,55+,ouvriers,CH,SU6,voiture,commerce_services,fr,28.82
F,6803,68,H,55+,ouvriers,CH,SU6,voiture,construction,fr,10.15
F,6803,68,H,55+,ouvriers,CH,SU6,voiture,industrie,fr,19.93
F,6803,68,H,55+,ouvriers,CH,SU7,voiture,construction,fr,10.15
F,6803,68,H,55+,ouvriers,CH,SU7,voiture,industrie,fr,5.07
F,6803,68,H,55+,ouvriers,CH,SU7,voiture,public_sante,fr,4.86
F,6803,68,H,55+,ouvriers,CH,SU8,voiture,commerce_services,fr,9.45
F,6803,68,H,55+,ouvriers,CH,SU8,voiture,public_sante,fr,5.15
F,6803,68,H,55+,ouvriers,CH,SU9,voiture,commerce_services,fr,4.23
F,6803,68,H,55+,ouvriers,DE,AL3,voiture,industrie,fr,4.73
F,6803,68,H,55+,prof_inter,CH,SU6,voiture,commerce_services,fr,20.44
F,6803,68,H,55+,prof_inter,CH,SU6,voiture,construction,fr,3.96
F,6803,68,H,55+,prof_inter,CH,SU6,voiture,industrie,fr,6.23
F,6803,68,H,55+,prof_inter,CH,SU7,voiture,commerce_services,fr,4.61
F,6803,68,H,55+,prof_inter,CH,SU8,voiture,industrie,fr,10.05
F,6803,68,H,55+,prof_inter,DE,AL3,voiture,agriculture,fr,5.03
F,6803,68,H,55+,prof_inter,DE,AL3,voiture,commerce_services,fr,5.06
F,6803,68,H,55+,prof_inter,DE,AL3,voiture,industrie,fr,6.29
F,6804-6805,68,F,15-29,cadres,CH,SU5,voiture,industrie,fr,1.33
F,6804-6805,68,F,15-29,cadres,CH,SU6,tc,commerce_services,fr,6.57
F,6804-6805,68,F,15-29,cadres,DE,AL3,voiture,commerce_services,fr,1.29
F,6804-6805,68,F,15-29,cadres,DE,AL3,voiture,public_sante,fr,1.27
F,6804-6805,68,F,15-29,employes,CH,SU6,voiture,commerce_services,fr,20.91
F,6804-6805,68,F,15-29,employes,DE,AL3,voiture,commerce_services,etr,1.32
F,6804-6805,68,F,15-29,ouvriers,CH,SU6,tc,industrie,fr,5.05
F,6804-6805,68,F,15-29,ouvriers,CH,SU6,voiture,industrie,fr,10.23
F,6804-6805,68,F,15-29,prof_inter,CH,SU7,voiture,public_sante,fr,1.27
F,6804-6805,68,F,15-29,prof_inter,CH,SUC,voiture,commerce_services,fr,3.63
F,6804-6805,68,F,15-29,prof_inter,DE,AL3,voiture,public_sante,fr,8.83
F,6804-6805,68,F,30-44,cadres,CH,SU6,voiture,industrie,fr,5.56
F,6804-6805,68,F,30-44,cadres,CH,SU7,voiture,industrie,fr,3.22
F,6804-6805,68,F,30-44,cadres,CH,SU9,tc,commerce_services,fr,3.75
F,6804-6805,68,F,30-44,cadres,DE,AL3,voiture,public_sante,etr,3.68
F,6804-6805,68,F,30-44,employes,CH,SU1,voiture,commerce_services,fr,3.52
F,6804-6805,68,F,30-44,employes,CH,SU6,tc,commerce_services,etr,3.1
F,6804-6805,68,F,30-44,employes,CH,SU6,voiture,commerce_services,fr,4.28
F,6804-6805,68,F,30-44,employes,DE,AL3,voiture,commerce_services,fr,3.74
F,6804-6805,68,F,30-44,employes,DE,ALW,tc,commerce_services,etr,3.21
F,6804-6805,68,F,30-44,ouvriers,CH,SU6,voiture,industrie,fr,5.13
F,6804-6805,68,F,30-44,prof_inter,CH,SU6,tc,commerce_services,fr,5.32
F,6804-6805,68,F,30-44,prof_inter,CH,SU6,tc,industrie,fr,3.45
F,6804-6805,68,F,30-44,prof_inter,CH,SU6,tc,public_sante,fr,1.33
F,6804-6805,68,F,30-44,prof_inter,CH,SU6,voiture,commerce_services,fr,4.95
F,6804-6805,68,F,30-44,prof_inter,CH,SU6,voiture,industrie,fr,3.49
F,6804-6805,68,F,30-44,prof_inter,CH,SU7,tc,commerce_services,fr,3.21
F,6804-6805,68,F,30-44,prof_inter,DE,AL3,voiture,public_sante,fr,1.27
F,6804-6805,68,F,45-54,cadres,CH,SU6,voiture,public_sante,fr,4.05
F,6804-6805,68,F,45-54,cadres,CH,SU7,tc,commerce_services,fr,3.73
F,6804-6805,68,F,45-54,cadres,CH,SU8,voiture,commerce_services,fr,3.89
F,6804-6805,68,F,45-54,cadres,CH,SU9,tc,public_sante,fr,3.21
F,6804-6805,68,F,45-54,cadres,DE,AL3,voiture,industrie,fr,4.95
F,6804-6805,68,F,45-54,employes,CH,SU1,voiture,commerce_services,fr,3.38
F,6804-6805,68,F,45-54,employes,CH,SU6,tc,commerce_services,etr,3.52
F,6804-6805,68,F,45-54,employes,CH,SU7,tc,public_sante,etr,1.33
F,6804-6805,68,F,45-54,employes,CH,SU8,tc,public_sante,etr,4.22
F,6804-6805,68,F,45-54,employes,DE,AL3,voiture,commerce_services,etr,5.31
F,6804-6805,68,F,45-54,employes,DE,AL3,voiture,commerce_services,fr,13.68
F,6804-6805,68,F,45-54,employes,DE,AL3,voiture,industrie,fr,5.34
F,6804-6805,68,F,45-54,employes,DE,AL3,voiture,public_sante,etr,5.18
F,6804-6805,68,F,45-54,employes,DE,AL6,voiture,industrie,fr,5.01
F,6804-6805,68,F,45-54,ouvriers,CH,SU8,voiture,industrie,fr,1.46
F,6804-6805,68,F,45-54,ouvriers,DE,AL3,voiture,commerce_services,etr,1.32
F,6804-6805,68,F,45-54,ouvriers,DE,AL3,voiture,industrie,fr,10.4
F,6804-6805,68,F,45-54,prof_inter,DE,AL3,voiture,industrie,etr,7.91
F,6804-6805,68,F,45-54,prof_inter,DE,AL3,voiture,public_sante,etr,5.06
F,6804-6805,68,F,55+,artisans,CH,SU3,voiture,commerce_services,fr,3.77
F,6804-6805,68,F,55+,artisans,CH,SU6,tc,commerce_services,fr,3.35
F,6804-6805,68,F,55+,artisans,DE,AL3,voiture,commerce_services,fr,3.33
F,6804-6805,68,F,55+,cadres,CH,SU6,tc,industrie,fr,3.45
F,6804-6805,68,F,55+,cadres,CH,SU6,voiture,commerce_services,fr,5.05
F,6804-6805,68,F,55+,cadres,DE,AL3,tc,public_sante,etr,3.74
F,6804-6805,68,F,55+,cadres,autre,LU3,voiture,commerce_services,etr,4.33
F,6804-6805,68,F,55+,employes,DE,AL3,voiture,commerce_services,etr,4.05
F,6804-6805,68,F,55+,employes,DE,AL3,voiture,commerce_services,fr,8.76
F,6804-6805,68,F,55+,employes,DE,AL3,voiture,public_sante,fr,4.84
F,6804-6805,68,F,55+,ouvriers,DE,AL3,tc,industrie,fr,9.9
F,6804-6805,68,F,55+,ouvriers,DE,AL3,voiture,commerce_services,fr,4.17
F,6804-6805,68,F,55+,ouvriers,DE,AL3,voiture,industrie,fr,4.96
F,6804-6805,68,F,55+,ouvriers,DE,AL3,voiture,public_sante,fr,3.4
F,6804-6805,68,F,55+,prof_inter,CH,SU3,voiture,commerce_services,fr,3.77
F,6804-6805,68,F,55+,prof_inter,CH,SU6,tc,commerce_services,fr,8.99
F,6804-6805,68,F,55+,prof_inter,DE,AL3,voiture,commerce_services,fr,5.26
F,6804-6805,68,H,15-29,cadres,CH,SU2,voiture,construction,fr,4.59
F,6804-6805,68,H,15-29,cadres,CH,SU6,tc,commerce_services,fr,1.24
F,6804-6805,68,H,15-29,cadres,CH,SU6,tc,industrie,fr,3.35
F,6804-6805,68,H,15-29,cadres,CH,SU8,voiture,commerce_services,fr,2.54
F,6804-6805,68,H,15-29,cadres,CH,SUC,tc,commerce_services,fr,3.67
F,6804-6805,68,H,15-29,cadres,DE,AL3,voiture,commerce_services,fr,4.95
F,6804-6805,68,H,15-29,cadres,DE,AL3,voiture,industrie,fr,3.63
F,6804-6805,68,H,15-29,employes,CH,SU1,marche,commerce_services,fr,3.63
F,6804-6805,68,H,15-29,employes,CH,SU6,tc,commerce_services,fr,5.05
F,6804-6805,68,H,15-29,employes,CH,SU6,voiture,public_sante,fr,7.36
F,6804-6805,68,H,15-29,employes,DE,AL3,voiture,commerce_services,fr,12.74
F,6804-6805,68,H,15-29,employes,autre,ZZZ,tc,commerce_services,fr,3.33
F,6804-6805,68,H,15-29,ouvriers,CH,SU7,voiture,commerce_services,fr,4.05
F,6804-6805,68,H,15-29,ouvriers,CH,SU7,voiture,construction,fr,1.27
F,6804-6805,68,H,15-29,ouvriers,CH,SU8,voiture,commerce_services,fr,16.19
F,6804-6805,68,H,15-29,ouvriers,CH,SU8,voiture,construction,fr,6.45
F,6804-6805,68,H,15-29,ouvriers,CH,SUC,voiture,commerce_services,fr,4.08
F,6804-6805,68,H,15-29,ouvriers,CH,SUC,voiture,industrie,fr,5.31
F,6804-6805,68,H,15-29,ouvriers,DE,AL3,voiture,commerce_services,fr,5.0
F,6804-6805,68,H,15-29,ouvriers,DE,AL3,voiture,industrie,fr,4.95
F,6804-6805,68,H,15-29,prof_inter,CH,SU6,tc,industrie,fr,4.9
F,6804-6805,68,H,15-29,prof_inter,CH,SU6,voiture,public_sante,fr,7.48
F,6804-6805,68,H,15-29,prof_inter,CH,SU9,voiture,commerce_services,fr,3.96
F,6804-6805,68,H,15-29,prof_inter,CH,SU9,voiture,public_sante,fr,3.33
F,6804-6805,68,H,15-29,prof_inter,DE,AL3,voiture,commerce_services,fr,6.55
F,6804-6805,68,H,15-29,prof_inter,autre,LU3,voiture,construction,fr,4.05
F,6804-6805,68,H,30-44,agriculteurs,DE,AL3,voiture,commerce_services,fr,4.17
F,6804-6805,68,H,30-44,cadres,CH,SU6,tc,commerce_services,fr,10.05
F,6804-6805,68,H,30-44,cadres,CH,SU6,tc,industrie,etr,3.96
F,6804-6805,68,H,30-44,cadres,CH,SU6,tc,industrie,fr,11.72
F,6804-6805,68,H,30-44,cadres,CH,SU6,voiture,commerce_services,fr,7.41
F,6804-6805,68,H,30-44,cadres,CH,SU7,tc,commerce_services,fr,3.98
F,6804-6805,68,H,30-44,cadres,CH,SUD,voiture,industrie,fr,5.25
F,6804-6805,68,H,30-44,cadres,DE,AL3,voiture,commerce_services,etr,1.27
F,6804-6805,68,H,30-44,cadres,DE,AL3,voiture,commerce_services,fr,4.05
F,6804-6805,68,H,30-44,cadres,DE,AL3,voiture,public_sante,etr,3.68
F,6804-6805,68,H,30-44,cadres,DE,AL6,voiture,commerce_services,etr,3.74
F,6804-6805,68,H,30-44,cadres,DE,ALW,voiture,industrie,fr,3.21
F,6804-6805,68,H,30-44,cadres,autre,LU3,voiture,commerce_services,fr,1.27
F,6804-6805,68,H,30-44,employes,CH,SU1,voiture,commerce_services,fr,1.24
F,6804-6805,68,H,30-44,employes,CH,SU6,voiture,commerce_services,fr,7.65
F,6804-6805,68,H,30-44,employes,CH,SU7,voiture,commerce_services,fr,3.68
F,6804-6805,68,H,30-44,employes,DE,AL3,voiture,commerce_services,etr,1.46
F,6804-6805,68,H,30-44,employes,DE,AL3,voiture,commerce_services,fr,4.94
F,6804-6805,68,H,30-44,ouvriers,CH,SU4,voiture,industrie,fr,3.73
F,6804-6805,68,H,30-44,ouvriers,CH,SU6,deux_roues,commerce_services,fr,5.0
F,6804-6805,68,H,30-44,ouvriers,CH,SU6,voiture,commerce_services,fr,17.41
F,6804-6805,68,H,30-44,ouvriers,CH,SU6,voiture,construction,fr,9.84
F,6804-6805,68,H,30-44,ouvriers,CH,SU6,voiture,industrie,fr,5.0
F,6804-6805,68,H,30-44,ouvriers,CH,SU7,voiture,commerce_services,fr,14.61
F,6804-6805,68,H,30-44,ouvriers,CH,SU7,voiture,construction,fr,5.01
F,6804-6805,68,H,30-44,ouvriers,CH,SU8,voiture,construction,fr,1.32
F,6804-6805,68,H,30-44,ouvriers,CH,SU9,voiture,commerce_services,fr,3.48
F,6804-6805,68,H,30-44,ouvriers,CH,SUC,voiture,construction,fr,4.94
F,6804-6805,68,H,30-44,ouvriers,CH,SUD,voiture,construction,etr,1.33
F,6804-6805,68,H,30-44,ouvriers,DE,AL3,voiture,commerce_services,fr,3.92
F,6804-6805,68,H,30-44,ouvriers,DE,AL3,voiture,construction,etr,1.32
F,6804-6805,68,H,30-44,ouvriers,DE,AL3,voiture,construction,fr,4.59
F,6804-6805,68,H,30-44,ouvriers,DE,AL3,voiture,public_sante,etr,4.9
F,6804-6805,68,H,30-44,ouvriers,DE,AL6,voiture,construction,etr,3.74
F,6804-6805,68,H,30-44,prof_inter,CH,SU3,voiture,commerce_services,fr,5.23
F,6804-6805,68,H,30-44,prof_inter,CH,SU5,voiture,industrie,fr,1.33
F,6804-6805,68,H,30-44,prof_inter,CH,SU6,tc,commerce_services,fr,7.26
F,6804-6805,68,H,30-44,prof_inter,CH,SU6,tc,industrie,fr,4.77
F,6804-6805,68,H,30-44,prof_inter,CH,SU6,voiture,commerce_services,fr,15.07
F,6804-6805,68,H,30-44,prof_inter,CH,SU6,voiture,industrie,fr,4.95
F,6804-6805,68,H,30-44,prof_inter,CH,SU7,voiture,commerce_services,fr,10.3
F,6804-6805,68,H,30-44,prof_inter,CH,SU8,marche,public_sante,fr,4.17
F,6804-6805,68,H,30-44,prof_inter,CH,SU8,voiture,commerce_services,fr,3.38
F,6804-6805,68,H,30-44,prof_inter,CH,SU8,voiture,industrie,fr,1.34
F,6804-6805,68,H,30-44,prof_inter,DE,AL3,voiture,commerce_services,fr,3.46
F,6804-6805,68,H,30-44,prof_inter,DE,AL3,voiture,industrie,fr,4.34
F,6804-6805,68,H,30-44,prof_inter,autre,ZZZ,aucun,commerce_services,etr,1.27
F,6804-6805,68,H,45-54,artisans,DE,AL3,voiture,commerce_services,fr,3.93
F,6804-6805,68,H,45-54,cadres,CH,SU2,voiture,construction,fr,1.27
F,6804-6805,68,H,45-54,cadres,CH,SU6,tc,commerce_services,etr,3.52
F,6804-6805,68,H,45-54,cadres,CH,SU6,tc,commerce_services,fr,7.19
F,6804-6805,68,H,45-54,cadres,CH,SU6,tc,industrie,fr,3.35
F,6804-6805,68,H,45-54,cadres,CH,SU6,voiture,commerce_services,etr,1.33
F,6804-6805,68,H,45-54,cadres,CH,SU6,voiture,commerce_services,fr,4.98
F,6804-6805,68,H,45-54,cadres,CH,SU6,voiture,industrie,fr,8.71
F,6804-6805,68,H,45-54,cadres,CH,SU7,tc,public_sante,etr,4.28
F,6804-6805,68,H,45-54,cadres,CH,SU8,voiture,industrie,fr,1.27
F,6804-6805,68,H,45-54,cadres,DE,AL3,voiture,commerce_services,fr,19.87
F,6804-6805,68,H,45-54,cadres,DE,AL3,voiture,industrie,fr,8.86
F,6804-6805,68,H,45-54,cadres,DE,AL3,voiture,public_sante,fr,3.92
F,6804-6805,68,H,45-54,cadres,DE,AL6,voiture,commerce_services,fr,4.98
F,6804-6805,68,H,45-54,cadres,autre,BE3,voiture,industrie,fr,4.95
F,6804-6805,68,H,45-54,employes,CH,SU6,voiture,commerce_services,etr,5.15
F,6804-6805,68,H,45-54,ouvriers,CH,SU6,voiture,construction,fr,3.49
F,6804-6805,68,H,45-54,ouvriers,CH,SU7,voiture,commerce_services,fr,8.1
F,6804-6805,68,H,45-54,ouvriers,CH,SU7,voiture,construction,etr,4.18
F,6804-6805,68,H,45-54,ouvriers,CH,SU7,voiture,industrie,fr,8.18
F,6804-6805,68,H,45-54,ouvriers,DE,AL1,voiture,industrie,fr,5.05
F,6804-6805,68,H,45-54,ouvriers,DE,AL3,voiture,commerce_services,fr,14.76
F,6804-6805,68,H,45-54,ouvriers,DE,AL3,voiture,construction,fr,5.44
F,6804-6805,68,H,45-54,ouvriers,DE,AL3,voiture,industrie,fr,18.84
F,6804-6805,68,H,45-54,ouvriers,DE,AL3,voiture,public_sante,etr,4.34
F,6804-6805,68,H,45-54,prof_inter,CH,SU6,voiture,industrie,fr,1.27
F,6804-6805,68,H,45-54,prof_inter,CH,SU6,voiture,public_sante,fr,4.65
F,6804-6805,68,H,45-54,prof_inter,CH,SU7,voiture,commerce_services,fr,5.31
F,6804-6805,68,H,45-54,prof_inter,CH,SU7,voiture,industrie,fr,4.98
F,6804-6805,68,H,45-54,prof_inter,DE,AL1,voiture,commerce_services,etr,5.0
F,6804-6805,68,H,45-54,prof_inter,DE,AL3,voiture,commerce_services,fr,4.95
F,6804-6805,68,H,45-54,prof_inter,DE,AL3,voiture,industrie,fr,4.96
F,6804-6805,68,H,55+,cadres,CH,SU4,voiture,industrie,etr,3.63
F,6804-6805,68,H,55+,cadres,CH,SU6,tc,commerce_services,etr,3.73
F,6804-6805,68,H,55+,cadres,CH,SU6,voiture,industrie,fr,3.62
F,6804-6805,68,H,55+,cadres,CH,SU8,tc,commerce_services,fr,4.01
F,6804-6805,68,H,55+,cadres,CH,SUC,deux_roues,commerce_services,fr,4.93
F,6804-6805,68,H,55+,cadres,CH,SUC,tc,commerce_services,fr,4.05
F,6804-6805,68,H,55+,cadres,CH,SUD,voiture,commerce_services,fr,4.95
F,6804-6805,68,H,55+,cadres,DE,AL2,voiture,commerce_services,fr,3.75
F,6804-6805,68,H,55+,cadres,DE,AL3,tc,industrie,fr,5.05
F,6804-6805,68,H,55+,cadres,DE,AL3,voiture,commerce_services,fr,1.27
F,6804-6805,68,H,55+,cadres,DE,AL3,voiture,industrie,fr,13.39
F,6804-6805,68,H,55+,cadres,DE,AL3,voiture,public_sante,fr,4.93
F,6804-6805,68,H,55+,cadres,autre,ZZZ,voiture,commerce_services,fr,3.49
F,6804-6805,68,H,55+,cadres,autre,ZZZ,voiture,public_sante,etr,8.23
F,6804-6805,68,H,55+,employes,CH,SU2,tc,commerce_services,fr,1.27
F,6804-6805,68,H,55+,employes,CH,SU6,voiture,commerce_services,fr,3.68
F,6804-6805,68,H,55+,employes,DE,AL3,voiture,commerce_services,etr,3.62
F,6804-6805,68,H,55+,employes,DE,AL3,voiture,public_sante,fr,3.4
F,6804-6805,68,H,55+,ouvriers,CH,SU6,voiture,commerce_services,etr,3.21
F,6804-6805,68,H,55+,ouvriers,CH,SU6,voiture,public_sante,fr,3.48
F,6804-6805,68,H,55+,ouvriers,CH,SU8,voiture,commerce_services,fr,4.25
F,6804-6805,68,H,55+,ouvriers,CH,SUC,voiture,construction,fr,5.13
F,6804-6805,68,H,55+,ouvriers,DE,AL3,voiture,commerce_services,etr,3.43
F,6804-6805,68,H,55+,ouvriers,DE,AL3,voiture,commerce_services,fr,10.01
F,6804-6805,68,H,55+,ouvriers,DE,AL3,voiture,construction,etr,3.71
F,6804-6805,68,H,55+,ouvriers,DE,AL3,voiture,construction,fr,5.0
F,6804-6805,68,H,55+,ouvriers,DE,AL3,voiture,industrie,fr,55.57
F,6804-6805,68,H,55+,ouvriers,DE,ALA,voiture,industrie,fr,3.43
F,6804-6805,68,H,55+,prof_inter,CH,SU1,tc,commerce_services,fr,5.05
F,6804-6805,68,H,55+,prof_inter,CH,SU7,voiture,commerce_services,fr,8.53
F,6804-6805,68,H,55+,prof_inter,CH,SU9,voiture,industrie,fr,3.96
F,6804-6805,68,H,55+,prof_inter,DE,AL3,voiture,agriculture,fr,5.05
F,6804-6805,68,H,55+,prof_inter,DE,AL3,voiture,commerce_services,etr,5.51
F,6804-6805,68,H,55+,prof_inter,DE,AL3,voiture,construction,etr,4.95
F,6804-6805,68,H,55+,prof_inter,DE,AL3,voiture,industrie,fr,16.36
F,6804-6805,68,H,55+,prof_inter,DE,AL3,voiture,public_sante,etr,3.34
F,6804-6805,68,H,55+,prof_inter,autre,ZZZ,voiture,industrie,fr,5.46
F,6806,68,F,15-29,cadres,DE,AL3,voiture,commerce_services,etr,9.65
F,6806,68,F,15-29,cadres,DE,AL3,voiture,commerce_services,fr,4.78
F,6806,68,F,15-29,cadres,DE,AL3,voiture,industrie,etr,4.91
F,6806,68,F,15-29,employes,CH,SU6,voiture,commerce_services,fr,10.1
F,6806,68,F,15-29,employes,CH,SU7,voiture,construction,etr,5.5
F,6806,68,F,15-29,employes,DE,AL3,tc,commerce_services,etr,4.91
F,6806,68,F,15-29,employes,DE,AL3,velo,commerce_services,etr,4.91
F,6806,68,F,15-29,employes,DE,AL3,voiture,commerce_services,etr,30.26
F,6806,68,F,15-29,employes,DE,AL3,voiture,commerce_services,fr,19.94
F,6806,68,F,15-29,employes,DE,AL3,voiture,construction,fr,4.86
F,6806,68,F,15-29,employes,DE,AL3,voiture,industrie,etr,4.91
F,6806,68,F,15-29,ouvriers,CH,SU6,voiture,industrie,fr,5.29
F,6806,68,F,15-29,prof_inter,CH,SU1,voiture,commerce_services,fr,5.09
F,6806,68,F,15-29,prof_inter,CH,SU6,voiture,commerce_services,fr,5.08
F,6806,68,F,15-29,prof_inter,CH,SU7,voiture,public_sante,fr,5.06
F,6806,68,F,15-29,prof_inter,DE,AL3,voiture,commerce_services,fr,10.09
F,6806,68,F,15-29,prof_inter,DE,AL3,voiture,public_sante,etr,14.66
F,6806,68,F,15-29,prof_inter,DE,AL3,voiture,public_sante,fr,14.62
F,6806,68,F,30-44,artisans,DE,AL3,velo,commerce_services,etr,4.91
F,6806,68,F,30-44,cadres,CH,SU6,voiture,commerce_services,fr,19.43
F,6806,68,F,30-44,cadres,CH,SU6,voiture,public_sante,fr,10.31
F,6806,68,F,30-44,cadres,CH,SU8,voiture,industrie,fr,10.13
F,6806,68,F,30-44,cadres,DE,AL3,voiture,commerce_services,etr,5.03
F,6806,68,F,30-44,cadres,DE,AL3,voiture,commerce_services,fr,10.36
F,6806,68,F,30-44,cadres,DE,AL3,voiture,industrie,etr,9.84
F,6806,68,F,30-44,cadres,DE,AL3,voiture,public_sante,etr,9.92
F,6806,68,F,30-44,cadres,DE,AL3,voiture,public_sante,fr,4.89
F,6806,68,F,30-44,employes,CH,SU2,voiture,public_sante,fr,4.99
F,6806,68,F,30-44,employes,CH,SU5,voiture,commerce_services,fr,5.18
F,6806,68,F,30-44,employes,CH,SU6,tc,commerce_services,fr,5.57
F,6806,68,F,30-44,employes,CH,SU6,voiture,commerce_services,fr,14.9
F,6806,68,F,30-44,employes,CH,SU6,voiture,industrie,fr,4.97
F,6806,68,F,30-44,employes,CH,SU7,voiture,industrie,fr,10.23
F,6806,68,F,30-44,employes,DE,AL3,tc,industrie,fr,5.02
F,6806,68,F,30-44,employes,DE,AL3,velo,public_sante,etr,5.45
F,6806,68,F,30-44,employes,DE,AL3,voiture,agriculture,etr,9.69
F,6806,68,F,30-44,employes,DE,AL3,voiture,commerce_services,etr,41.31
F,6806,68,F,30-44,employes,DE,AL3,voiture,commerce_services,fr,40.32
F,6806,68,F,30-44,employes,DE,AL3,voiture,industrie,etr,9.89
F,6806,68,F,30-44,employes,DE,AL3,voiture,public_sante,etr,30.36
F,6806,68,F,30-44,employes,DE,AL3,voiture,public_sante,fr,10.24
F,6806,68,F,30-44,ouvriers,CH,SU6,voiture,industrie,fr,20.09
F,6806,68,F,30-44,ouvriers,CH,SUB,tc,commerce_services,fr,5.0
F,6806,68,F,30-44,ouvriers,DE,AL3,voiture,commerce_services,etr,5.72
F,6806,68,F,30-44,ouvriers,DE,AL3,voiture,commerce_services,fr,14.68
F,6806,68,F,30-44,ouvriers,DE,AL3,voiture,industrie,etr,5.07
F,6806,68,F,30-44,ouvriers,DE,AL3,voiture,industrie,fr,41.11
F,6806,68,F,30-44,prof_inter,CH,SU6,tc,commerce_services,fr,4.66
F,6806,68,F,30-44,prof_inter,CH,SU6,voiture,commerce_services,fr,25.17
F,6806,68,F,30-44,prof_inter,CH,SU6,voiture,industrie,fr,9.74
F,6806,68,F,30-44,prof_inter,CH,SU6,voiture,public_sante,etr,5.06
F,6806,68,F,30-44,prof_inter,CH,SU6,voiture,public_sante,fr,5.09
F,6806,68,F,30-44,prof_inter,CH,SU7,voiture,industrie,fr,4.95
F,6806,68,F,30-44,prof_inter,CH,SU7,voiture,public_sante,fr,14.97
F,6806,68,F,30-44,prof_inter,CH,SUD,voiture,commerce_services,fr,5.03
F,6806,68,F,30-44,prof_inter,DE,AL3,tc,public_sante,etr,4.77
F,6806,68,F,30-44,prof_inter,DE,AL3,voiture,commerce_services,etr,20.51
F,6806,68,F,30-44,prof_inter,DE,AL3,voiture,commerce_services,fr,14.31
F,6806,68,F,30-44,prof_inter,DE,AL3,voiture,industrie,etr,4.89
F,6806,68,F,30-44,prof_inter,DE,AL3,voiture,industrie,fr,20.26
F,6806,68,F,30-44,prof_inter,DE,AL3,voiture,public_sante,etr,50.61
F,6806,68,F,30-44,prof_inter,DE,AL3,voiture,public_sante,fr,25.01
F,6806,68,F,45-54,cadres,CH,SU6,tc,commerce_services,fr,5.09
F,6806,68,F,45-54,cadres,CH,SU6,voiture,commerce_services,fr,15.02
F,6806,68,F,45-54,cadres,CH,SU6,voiture,industrie,fr,15.08
F,6806,68,F,45-54,cadres,CH,SU7,voiture,commerce_services,fr,4.83
F,6806,68,F,45-54,cadres,CH,SU8,voiture,industrie,fr,4.88
F,6806,68,F,45-54,cadres,DE,AL3,tc,commerce_services,fr,5.02
F,6806,68,F,45-54,cadres,DE,AL3,voiture,commerce_services,etr,5.0
F,6806,68,F,45-54,cadres,DE,AL3,voiture,public_sante,etr,15.46
F,6806,68,F,45-54,employes,CH,SU1,voiture,public_sante,fr,4.97
F,6806,68,F,45-54,employes,CH,SU2,voiture,commerce_services,fr,5.03
F,6806,68,F,45-54,employes,CH,SU6,aucun,commerce_services,fr,5.02
F,6806,68,F,45-54,employes,CH,SU6,tc,commerce_services,fr,4.97
F,6806,68,F,45-54,employes,CH,SU6,voiture,commerce_services,etr,5.09
F,6806,68,F,45-54,employes,CH,SU6,voiture,commerce_services,fr,25.16
F,6806,68,F,45-54,employes,CH,SU6,voiture,public_sante,fr,5.29
F,6806,68,F,45-54,employes,CH,SU7,voiture,commerce_services,fr,5.23
F,6806,68,F,45-54,employes,CH,SU7,voiture,public_sante,fr,4.5
F,6806,68,F,45-54,employes,CH,SUB,voiture,public_sante,fr,5.06
F,6806,68,F,45-54,employes,DE,AL3,marche,commerce_services,etr,4.45
F,6806,68,F,45-54,employes,DE,AL3,tc,industrie,etr,4.71
F,6806,68,F,45-54,employes,DE,AL3,tc,public_sante,etr,10.0
F,6806,68,F,45-54,employes,DE,AL3,voiture,commerce_services,etr,40.79
F,6806,68,F,45-54,employes,DE,AL3,voiture,commerce_services,fr,25.28
F,6806,68,F,45-54,employes,DE,AL3,voiture,industrie,etr,4.85
F,6806,68,F,45-54,employes,DE,AL3,voiture,industrie,fr,25.1
F,6806,68,F,45-54,employes,DE,AL3,voiture,public_sante,etr,5.02
F,6806,68,F,45-54,employes,DE,AL3,voiture,public_sante,fr,20.3
F,6806,68,F,45-54,ouvriers,CH,SU7,voiture,commerce_services,fr,5.18
F,6806,68,F,45-54,ouvriers,DE,AL3,voiture,commerce_services,etr,4.88
F,6806,68,F,45-54,ouvriers,DE,AL3,voiture,commerce_services,fr,10.02
F,6806,68,F,45-54,ouvriers,DE,AL3,voiture,industrie,etr,4.91
F,6806,68,F,45-54,ouvriers,DE,AL3,voiture,industrie,fr,60.99
F,6806,68,F,45-54,prof_inter,CH,SU6,voiture,commerce_services,fr,4.99
F,6806,68,F,45-54,prof_inter,CH,SU6,voiture,industrie,fr,10.01
F,6806,68,F,45-54,prof_inter,CH,SU8,voiture,public_sante,fr,5.06
F,6806,68,F,45-54,prof_inter,DE,AL3,tc,public_sante,etr,4.97
F,6806,68,F,45-54,prof_inter,DE,AL3,voiture,commerce_services,etr,25.53
F,6806,68,F,45-54,prof_inter,DE,AL3,voiture,commerce_services,fr,16.18
F,6806,68,F,45-54,prof_inter,DE,AL3,voiture,industrie,etr,5.02
F,6806,68,F,45-54,prof_inter,DE,AL3,voiture,industrie,fr,10.16
F,6806,68,F,45-54,prof_inter,DE,AL3,voiture,public_sante,etr,15.54
F,6806,68,F,45-54,prof_inter,DE,AL3,voiture,public_sante,fr,4.97
F,6806,68,F,45-54,prof_inter,DE,AL6,voiture,commerce_services,fr,5.19
F,6806,68,F,55+,artisans,CH,SU6,voiture,commerce_services,fr,4.95
F,6806,68,F,55+,artisans,DE,AL3,voiture,commerce_services,etr,5.19
F,6806,68,F,55+,artisans,DE,AL3,voiture,public_sante,etr,5.19
F,6806,68,F,55+,cadres,DE,AL3,tc,public_sante,etr,4.94
F,6806,68,F,55+,cadres,DE,AL3,voiture,commerce_services,etr,9.9
F,6806,68,F,55+,cadres,DE,AL3,voiture,commerce_services,fr,13.98
F,6806,68,F,55+,cadres,DE,AL3,voiture,industrie,fr,5.13
F,6806,68,F,55+,employes,CH,SU1,voiture,public_sante,fr,4.97
F,6806,68,F,55+,employes,CH,SU6,voiture,commerce_services,fr,15.17
F,6806,68,F,55+,employes,CH,SU7,voiture,commerce_services,fr,4.93
F,6806,68,F,55+,employes,DE,AL2,voiture,commerce_services,fr,4.97
F,6806,68,F,55+,employes,DE,AL3,tc,commerce_services,fr,5.19
F,6806,68,F,55+,employes,DE,AL3,tc,public_sante,etr,4.83
F,6806,68,F,55+,employes,DE,AL3,tc,public_sante,fr,5.13
F,6806,68,F,55+,employes,DE,AL3,voiture,agriculture,etr,5.41
F,6806,68,F,55+,employes,DE,AL3,voiture,commerce_services,etr,44.99
F,6806,68,F,55+,employes,DE,AL3,voiture,commerce_services,fr,19.98
F,6806,68,F,55+,employes,DE,AL3,voiture,industrie,etr,24.63
F,6806,68,F,55+,employes,DE,AL3,voiture,industrie,fr,14.87
F,6806,68,F,55+,employes,DE,AL3,voiture,public_sante,etr,34.77
F,6806,68,F,55+,employes,DE,AL3,voiture,public_sante,fr,25.17
F,6806,68,F,55+,employes,DE,AL6,voiture,commerce_services,fr,5.02
F,6806,68,F,55+,ouvriers,DE,AL2,voiture,industrie,fr,5.14
F,6806,68,F,55+,ouvriers,DE,AL3,voiture,commerce_services,fr,25.92
F,6806,68,F,55+,ouvriers,DE,AL3,voiture,industrie,etr,9.33
F,6806,68,F,55+,ouvriers,DE,AL3,voiture,industrie,fr,60.56
F,6806,68,F,55+,ouvriers,DE,AL6,voiture,commerce_services,fr,5.15
F,6806,68,F,55+,prof_inter,CH,SU6,voiture,commerce_services,fr,5.15
F,6806,68,F,55+,prof_inter,CH,SU6,voiture,industrie,fr,5.23
F,6806,68,F,55+,prof_inter,CH,SU6,voiture,public_sante,etr,10.03
F,6806,68,F,55+,prof_inter,CH,SU6,voiture,public_sante,fr,15.2
F,6806,68,F,55+,prof_inter,CH,SU7,voiture,industrie,fr,4.97
F,6806,68,F,55+,prof_inter,CH,SU7,voiture,public_sante,fr,5.02
F,6806,68,F,55+,prof_inter,DE,AL3,tc,public_sante,etr,5.13
F,6806,68,F,55+,prof_inter,DE,AL3,voiture,commerce_services,etr,5.19
F,6806,68,F,55+,prof_inter,DE,AL3,voiture,commerce_services,fr,15.2
F,6806,68,F,55+,prof_inter,DE,AL3,voiture,industrie,etr,9.99
F,6806,68,F,55+,prof_inter,DE,AL3,voiture,industrie,fr,4.78
F,6806,68,F,55+,prof_inter,DE,AL3,voiture,public_sante,etr,30.44
F,6806,68,F,55+,prof_inter,DE,AL3,voiture,public_sante,fr,4.62
F,6806,68,H,15-29,cadres,DE,AL3,voiture,commerce_services,etr,4.91
F,6806,68,H,15-29,cadres,DE,AL3,voiture,commerce_services,fr,4.91
F,6806,68,H,15-29,employes,DE,AL3,tc,commerce_services,fr,5.02
F,6806,68,H,15-29,employes,DE,AL3,velo,industrie,etr,5.05
F,6806,68,H,15-29,employes,DE,AL3,voiture,commerce_services,etr,5.02
F,6806,68,H,15-29,employes,DE,AL3,voiture,commerce_services,fr,5.1
F,6806,68,H,15-29,employes,DE,AL3,voiture,industrie,etr,4.91
F,6806,68,H,15-29,employes,DE,AL3,voiture,public_sante,etr,5.19
F,6806,68,H,15-29,employes,DE,AL3,voiture,public_sante,fr,5.06
F,6806,68,H,15-29,ouvriers,CH,SU6,voiture,commerce_services,fr,19.29
F,6806,68,H,15-29,ouvriers,CH,SU6,voiture,construction,fr,4.88
F,6806,68,H,15-29,ouvriers,CH,SU6,voiture,industrie,fr,20.0
F,6806,68,H,15-29,ouvriers,CH,SU6,voiture,public_sante,fr,5.0
F,6806,68,H,15-29,ouvriers,CH,SU7,voiture,construction,fr,4.97
F,6806,68,H,15-29,ouvriers,CH,SU8,voiture,industrie,fr,5.06
F,6806,68,H,15-29,ouvriers,DE,AL3,velo,industrie,fr,5.02
F,6806,68,H,15-29,ouvriers,DE,AL3,voiture,commerce_services,etr,10.0
F,6806,68,H,15-29,ouvriers,DE,AL3,voiture,commerce_services,fr,10.26
F,6806,68,H,15-29,ouvriers,DE,AL3,voiture,construction,fr,4.96
F,6806,68,H,15-29,ouvriers,DE,AL3,voiture,industrie,etr,10.27
F,6806,68,H,15-29,ouvriers,DE,AL3,voiture,industrie,fr,19.31
F,6806,68,H,15-29,prof_inter,CH,SU6,voiture,commerce_services,etr,4.92
F,6806,68,H,15-29,prof_inter,CH,SU7,voiture,commerce_services,etr,4.98
F,6806,68,H,15-29,prof_inter,DE,AL3,tc,public_sante,etr,5.13
F,6806,68,H,15-29,prof_inter,DE,AL3,velo,commerce_services,etr,5.45
F,6806,68,H,15-29,prof_inter,DE,AL3,voiture,construction,etr,10.16
F,6806,68,H,15-29,prof_inter,DE,AL3,voiture,construction,fr,4.87
F,6806,68,H,15-29,prof_inter,DE,AL3,voiture,industrie,etr,4.95
F,6806,68,H,15-29,prof_inter,DE,AL3,voiture,industrie,fr,5.0
F,6806,68,H,15-29,prof_inter,DE,AL3,voiture,public_sante,fr,5.19
F,6806,68,H,15-29,prof_inter,autre,ZZZ,voiture,commerce_services,fr,5.09
F,6806,68,H,30-44,artisans,CH,SU6,voiture,construction,etr,5.08
F,6806,68,H,30-44,artisans,DE,AL3,voiture,commerce_services,etr,5.02
F,6806,68,H,30-44,artisans,DE,AL3,voiture,commerce_services,fr,5.72
F,6806,68,H,30-44,cadres,CH,SU2,voiture,commerce_services,etr,4.73
F,6806,68,H,30-44,cadres,CH,SU6,aucun,commerce_services,fr,6.19
F,6806,68,H,30-44,cadres,CH,SU6,voiture,commerce_services,fr,10.05
F,6806,68,H,30-44,cadres,CH,SU6,voiture,industrie,fr,9.95
F,6806,68,H,30-44,cadres,CH,SU7,voiture,industrie,fr,9.96
F,6806,68,H,30-44,cadres,CH,SU7,voiture,public_sante,fr,5.39
F,6806,68,H,30-44,cadres,CH,SU8,voiture,industrie,fr,4.82
F,6806,68,H,30-44,cadres,CH,SU9,voiture,commerce_services,fr,4.96
F,6806,68,H,30-44,cadres,DE,AL3,tc,commerce_services,etr,5.02
F,6806,68,H,30-44,cadres,DE,AL3,tc,public_sante,etr,5.02
F,6806,68,H,30-44,cadres,DE,AL3,voiture,commerce_services,etr,5.19
F,6806,68,H,30-44,cadres,DE,AL3,voiture,commerce_services,fr,10.5
F,6806,68,H,30-44,cadres,DE,AL3,voiture,industrie,etr,4.87
F,6806,68,H,30-44,cadres,DE,AL3,voiture,industrie,fr,25.43
F,6806,68,H,30-44,cadres,DE,AL3,voiture,public_sante,etr,10.3
F,6806,68,H,30-44,employes,CH,SU1,voiture,construction,fr,5.22
F,6806,68,H,30-44,employes,CH,SU7,voiture,industrie,fr,4.97
F,6806,68,H,30-44,employes,CH,SU8,voiture,commerce_services,fr,5.0
F,6806,68,H,30-44,employes,CH,SU9,voiture,commerce_services,fr,9.8
F,6806,68,H,30-44,employes,CH,SUD,voiture,commerce_services,fr,5.03
F,6806,68,H,30-44,employes,CH,SUD,voiture,industrie,etr,5.25
F,6806,68,H,30-44,employes,DE,AL3,velo,commerce_services,fr,4.98
F,6806,68,H,30-44,employes,DE,AL3,voiture,commerce_services,fr,5.02
F,6806,68,H,30-44,employes,DE,AL3,voiture,industrie,fr,4.91
F,6806,68,H,30-44,employes,DE,AL3,voiture,public_sante,etr,4.91
F,6806,68,H,30-44,employes,DE,AL3,voiture,public_sante,fr,5.08
F,6806,68,H,30-44,ouvriers,CH,SU5,voiture,commerce_services,fr,5.21
F,6806,68,H,30-44,ouvriers,CH,SU6,voiture,commerce_services,fr,29.11
F,6806,68,H,30-44,ouvriers,CH,SU6,voiture,construction,fr,19.54
F,6806,68,H,30-44,ouvriers,CH,SU6,voiture,industrie,fr,20.52
F,6806,68,H,30-44,ouvriers,CH,SU7,voiture,commerce_services,fr,10.16
F,6806,68,H,30-44,ouvriers,CH,SU7,voiture,construction,fr,14.9
F,6806,68,H,30-44,ouvriers,CH,SU7,voiture,industrie,fr,9.98
F,6806,68,H,30-44,ouvriers,CH,SU8,voiture,commerce_services,fr,19.26
F,6806,68,H,30-44,ouvriers,CH,SU8,voiture,industrie,fr,10.12
F,6806,68,H,30-44,ouvriers,CH,SUB,voiture,industrie,fr,4.99
F,6806,68,H,30-44,ouvriers,DE,AL3,deux_roues,industrie,etr,10.05
F,6806,68,H,30-44,ouvriers,DE,AL3,tc,industrie,etr,5.02
F,6806,68,H,30-44,ouvriers,DE,AL3,voiture,agriculture,etr,5.02
F,6806,68,H,30-44,ouvriers,DE,AL3,voiture,commerce_services,etr,15.12
F,6806,68,H,30-44,ouvriers,DE,AL3,voiture,commerce_services,fr,25.09
F,6806,68,H,30-44,ouvriers,DE,AL3,voiture,construction,etr,10.26
F,6806,68,H,30-44,ouvriers,DE,AL3,voiture,construction,fr,9.77
F,6806,68,H,30-44,ouvriers,DE,AL3,voiture,industrie,etr,20.39
F,6806,68,H,30-44,ouvriers,DE,AL3,voiture,industrie,fr,24.86
F,6806,68,H,30-44,ouvriers,DE,AL3,voiture,public_sante,etr,5.15
F,6806,68,H,30-44,ouvriers,DE,AL6,voiture,commerce_services,etr,5.05
F,6806,68,H,30-44,ouvriers,DE,AL6,voiture,commerce_services,fr,5.15
F,6806,68,H,30-44,ouvriers,DE,AL6,voiture,industrie,fr,10.46
F,6806,68,H,30-44,prof_inter,CH,SU6,voiture,commerce_services,fr,20.34
F,6806,68,H,30-44,prof_inter,CH,SU6,voiture,construction,fr,4.97
F,6806,68,H,30-44,prof_inter,CH,SU6,voiture,industrie,fr,9.97
F,6806,68,H,30-44,prof_inter,CH,SU6,voiture,public_sante,etr,5.06
F,6806,68,H,30-44,prof_inter,CH,SU6,voiture,public_sante,fr,4.98
F,6806,68,H,30-44,prof_inter,CH,SU7,voiture,industrie,fr,10.31
F,6806,68,H,30-44,prof_inter,DE,AL3,voiture,commerce_services,etr,9.95
F,6806,68,H,30-44,prof_inter,DE,AL3,voiture,commerce_services,fr,4.96
F,6806,68,H,30-44,prof_inter,DE,AL3,voiture,construction,fr,4.93
F,6806,68,H,30-44,prof_inter,DE,AL3,voiture,industrie,etr,20.51
F,6806,68,H,30-44,prof_inter,DE,AL3,voiture,industrie,fr,9.81
F,6806,68,H,30-44,prof_inter,DE,AL3,voiture,public_sante,etr,20.73
F,6806,68,H,30-44,prof_inter,DE,AL6,aucun,industrie,etr,5.02
F,6806,68,H,45-54,artisans,CH,SU6,voiture,construction,etr,4.89
F,6806,68,H,45-54,artisans,DE,AL3,voiture,commerce_services,etr,4.98
F,6806,68,H,45-54,artisans,DE,AL3,voiture,industrie,etr,5.02
F,6806,68,H,45-54,cadres,CH,SU6,voiture,commerce_services,fr,5.16
F,6806,68,H,45-54,cadres,CH,SU6,voiture,industrie,fr,10.28
F,6806,68,H,45-54,cadres,CH,SU6,voiture,public_sante,etr,5.09
F,6806,68,H,45-54,cadres,CH,SU7,voiture,commerce_services,fr,4.97
F,6806,68,H,45-54,cadres,CH,SU7,voiture,industrie,fr,5.06
F,6806,68,H,45-54,cadres,CH,SUC,voiture,industrie,fr,5.3
F,6806,68,H,45-54,cadres,DE,AL3,tc,industrie,fr,5.41
F,6806,68,H,45-54,cadres,DE,AL3,velo,commerce_services,etr,4.91
F,6806,68,H,45-54,cadres,DE,AL3,voiture,commerce_services,fr,10.38
F,6806,68,H,45-54,cadres,DE,AL3,voiture,industrie,etr,4.62
F,6806,68,H,45-54,cadres,DE,AL3,voiture,public_sante,etr,5.41
F,6806,68,H,45-54,cadres,DE,AL3,voiture,public_sante,fr,10.43
F,6806,68,H,45-54,cadres,DE,AL6,voiture,commerce_services,fr,4.77
F,6806,68,H,45-54,employes,CH,SU6,voiture,commerce_services,fr,9.96
F,6806,68,H,45-54,employes,CH,SU7,voiture,commerce_services,fr,4.97
F,6806,68,H,45-54,employes,DE,AL3,voiture,commerce_services,etr,10.28
F,6806,68,H,45-54,employes,DE,AL3,voiture,commerce_services,fr,14.18
F,6806,68,H,45-54,employes,DE,AL3,voiture,public_sante,fr,5.02
F,6806,68,H,45-54,ouvriers,CH,SU6,voiture,commerce_services,etr,4.98
F,6806,68,H,45-54,ouvriers,CH,SU6,voiture,commerce_services,fr,19.35
F,6806,68,H,45-54,ouvriers,CH,SU6,voiture,construction,fr,10.47
F,6806,68,H,45-54,ouvriers,CH,SU6,voiture,industrie,fr,19.97
F,6806,68,H,45-54,ouvriers,CH,SU7,voiture,commerce_services,fr,9.91
F,6806,68,H,45-54,ouvriers,CH,SU7,voiture,construction,fr,24.64
F,6806,68,H,45-54,ouvriers,CH,SU7,voiture,industrie,fr,5.3
F,6806,68,H,45-54,ouvriers,CH,SU8,voiture,industrie,fr,5.15
F,6806,68,H,45-54,ouvriers,CH,SU9,voiture,industrie,fr,4.97
F,6806,68,H,45-54,ouvriers,DE,AL2,voiture,industrie,etr,5.1
F,6806,68,H,45-54,ouvriers,DE,AL2,voiture,industrie,fr,4.95
F,6806,68,H,45-54,ouvriers,DE,AL3,voiture,agriculture,fr,5.07
F,6806,68,H,45-54,ouvriers,DE,AL3,voiture,commerce_services,etr,19.99
F,6806,68,H,45-54,ouvriers,DE,AL3,voiture,commerce_services,fr,21.32
F,6806,68,H,45-54,ouvriers,DE,AL3,voiture,construction,etr,16.22
F,6806,68,H,45-54,ouvriers,DE,AL3,voiture,construction,fr,4.95
F,6806,68,H,45-54,ouvriers,DE,AL3,voiture,industrie,etr,19.88
F,6806,68,H,45-54,ouvriers,DE,AL3,voiture,industrie,fr,45.24
F,6806,68,H,45-54,ouvriers,DE,AL3,voiture,public_sante,fr,9.98
F,6806,68,H,45-54,prof_inter,CH,SU3,voiture,industrie,fr,4.97
F,6806,68,H,45-54,prof_inter,CH,SU6,voiture,commerce_services,fr,4.97
F,6806,68,H,45-54,prof_inter,CH,SU6,voiture,construction,fr,14.53
F,6806,68,H,45-54,prof_inter,CH,SU6,voiture,industrie,fr,19.79
F,6806,68,H,45-54,prof_inter,CH,SU7,voiture,commerce_services,fr,9.88
F,6806,68,H,45-54,prof_inter,CH,SU8,voiture,commerce_services,fr,5.15
F,6806,68,H,45-54,prof_inter,CH,SU8,voiture,construction,fr,5.0
F,6806,68,H,45-54,prof_inter,DE,AL3,voiture,commerce_services,etr,5.0
F,6806,68,H,45-54,prof_inter,DE,AL3,voiture,industrie,fr,14.26
F,6806,68,H,45-54,prof_inter,DE,AL3,voiture,public_sante,etr,4.85
F,6806,68,H,45-54,prof_inter,DE,AL3,voiture,public_sante,fr,4.99
F,6806,68,H,45-54,prof_inter,autre,LU3,voiture,commerce_services,fr,4.98
F,6806,68,H,55+,artisans,CH,SU6,voiture,commerce_services,fr,9.47
F,6806,68,H,55+,artisans,DE,AL3,voiture,commerce_services,fr,10.03
F,6806,68,H,55+,artisans,DE,AL3,voiture,construction,etr,14.86
F,6806,68,H,55+,cadres,CH,SU1,voiture,commerce_services,fr,5.06
F,6806,68,H,55+,cadres,CH,SU5,voiture,commerce_services,etr,4.94
F,6806,68,H,55+,cadres,CH,SU6,voiture,industrie,fr,10.03
F,6806,68,H,55+,cadres,DE,AL2,voiture,commerce_services,etr,4.91
F,6806,68,H,55+,cadres,DE,AL3,velo,public_sante,etr,5.19
F,6806,68,H,55+,cadres,DE,AL3,voiture,commerce_services,etr,4.85
F,6806,68,H,55+,cadres,DE,AL3,voiture,commerce_services,fr,15.97
F,6806,68,H,55+,cadres,DE,AL3,voiture,industrie,etr,5.15
F,6806,68,H,55+,cadres,DE,AL3,voiture,industrie,fr,29.81
F,6806,68,H,55+,cadres,DE,AL3,voiture,public_sante,etr,10.21
F,6806,68,H,55+,employes,CH,SU6,voiture,commerce_services,fr,10.12
F,6806,68,H,55+,employes,CH,SU7,voiture,commerce_services,fr,5.06
F,6806,68,H,55+,employes,DE,AL3,voiture,commerce_services,fr,5.5
F,6806,68,H,55+,employes,DE,AL3,voiture,construction,etr,10.28
F,6806,68,H,55+,employes,DE,AL3,voiture,industrie,etr,4.45
F,6806,68,H,55+,employes,DE,AL3,voiture,public_sante,etr,4.92
F,6806,68,H,55+,ouvriers,CH,SU5,voiture,commerce_services,fr,5.15
F,6806,68,H,55+,ouvriers,CH,SU5,voiture,industrie,fr,4.97
F,6806,68,H,55+,ouvriers,CH,SU6,voiture,commerce_services,fr,14.92
F,6806,68,H,55+,ouvriers,CH,SU6,voiture,construction,fr,10.21
F,6806,68,H,55+,ouvriers,CH,SU6,voiture,industrie,fr,10.43
F,6806,68,H,55+,ouvriers,CH,SU7,voiture,commerce_services,etr,5.02
F,6806,68,H,55+,ouvriers,CH,SU7,voiture,commerce_services,fr,9.75
F,6806,68,H,55+,ouvriers,CH,SU7,voiture,construction,fr,4.81
F,6806,68,H,55+,ouvriers,CH,SU7,voiture,industrie,fr,24.58
F,6806,68,H,55+,ouvriers,CH,SU8,voiture,industrie,fr,5.15
F,6806,68,H,55+,ouvriers,DE,AL1,voiture,industrie,fr,5.19
F,6806,68,H,55+,ouvriers,DE,AL3,velo,industrie,fr,5.1
F,6806,68,H,55+,ouvriers,DE,AL3,voiture,commerce_services,etr,59.74
F,6806,68,H,55+,ouvriers,DE,AL3,voiture,commerce_services,fr,20.29
F,6806,68,H,55+,ouvriers,DE,AL3,voiture,construction,etr,24.46
F,6806,68,H,55+,ouvriers,DE,AL3,voiture,construction,fr,29.17
F,6806,68,H,55+,ouvriers,DE,AL3,voiture,industrie,etr,19.51
F,6806,68,H,55+,ouvriers,DE,AL3,voiture,industrie,fr,84.81
F,6806,68,H,55+,ouvriers,DE,AL3,voiture,public_sante,etr,15.72
F,6806,68,H,55+,ouvriers,DE,AL6,voiture,industrie,fr,5.19
F,6806,68,H,55+,prof_inter,CH,SU6,tc,commerce_services,fr,5.18
F,6806,68,H,55+,prof_inter,CH,SU6,voiture,commerce_services,fr,4.88
F,6806,68,H,55+,prof_inter,CH,SU6,voiture,industrie,fr,14.69
F,6806,68,H,55+,prof_inter,CH,SU7,voiture,commerce_services,fr,10.15
F,6806,68,H,55+,prof_inter,CH,SU8,voiture,industrie,fr,4.99
F,6806,68,H,55+,prof_inter,DE,AL1,voiture,industrie,etr,4.94
F,6806,68,H,55+,prof_inter,DE,AL3,tc,public_sante,etr,4.83
F,6806,68,H,55+,prof_inter,DE,AL3,voiture,commerce_services,etr,20.15
F,6806,68,H,55+,prof_inter,DE,AL3,voiture,commerce_services,fr,19.36
F,6806,68,H,55+,prof_inter,DE,AL3,voiture,construction,etr,10.13
F,6806,68,H,55+,prof_inter,DE,AL3,voiture,industrie,etr,15.21
F,6806,68,H,55+,prof_inter,DE,AL3,voiture,industrie,fr,10.05
F,6806,68,H,55+,prof_inter,DE,AL3,voiture,public_sante,etr,14.94
F,6806,68,H,55+,prof_inter,autre,LU3,voiture,industrie,etr,5.15
F,6807,68,F,15-29,employes,CH,SU5,voiture,commerce_services,fr,5.02
F,6807,68,F,15-29,employes,CH,SU6,voiture,commerce_services,fr,9.62
F,6807,68,F,15-29,employes,CH,SU9,marche,commerce_services,fr,3.19
F,6807,68,F,15-29,prof_inter,CH,SU6,voiture,commerce_services,fr,5.02
F,6807,68,F,15-29,prof_inter,CH,SU6,voiture,industrie,fr,5.01
F,6807,68,F,30-44,employes,CH,SU6,voiture,commerce_services,fr,13.23
F,6807,68,F,30-44,employes,CH,SU7,voiture,commerce_services,fr,4.92
F,6807,68,F,30-44,employes,CH,SU8,voiture,commerce_services,etr,3.16
F,6807,68,F,30-44,ouvriers,CH,SU6,tc,industrie,fr,5.02
F,6807,68,F,30-44,ouvriers,CH,SU7,voiture,commerce_services,fr,5.02
F,6807,68,F,30-44,ouvriers,CH,SU7,voiture,industrie,fr,5.02
F,6807,68,F,30-44,ouvriers,CH,SUD,voiture,industrie,fr,5.02
F,6807,68,F,30-44,prof_inter,CH,SU6,voiture,commerce_services,fr,8.46
F,6807,68,F,30-44,prof_inter,CH,SU6,voiture,public_sante,fr,3.46
F,6807,68,F,30-44,prof_inter,CH,SU7,voiture,commerce_services,fr,5.05
F,6807,68,F,30-44,prof_inter,CH,SU8,voiture,commerce_services,fr,7.05
F,6807,68,F,30-44,prof_inter,DE,AL2,voiture,commerce_services,fr,4.94
F,6807,68,F,45-54,cadres,CH,SU7,voiture,public_sante,fr,4.94
F,6807,68,F,45-54,employes,CH,SU6,tc,commerce_services,fr,5.08
F,6807,68,F,45-54,employes,CH,SU6,voiture,commerce_services,fr,5.02
F,6807,68,F,45-54,employes,CH,SU6,voiture,industrie,fr,5.06
F,6807,68,F,45-54,employes,CH,SU7,voiture,commerce_services,fr,4.98
F,6807,68,F,45-54,employes,CH,SUA,marche,commerce_services,fr,5.24
F,6807,68,F,45-54,ouvriers,DE,AL3,voiture,industrie,fr,5.02
F,6807,68,F,45-54,ouvriers,autre,ZZZ,voiture,industrie,etr,4.85
F,6807,68,F,45-54,prof_inter,CH,SU6,voiture,commerce_services,fr,8.07
F,6807,68,F,45-54,prof_inter,CH,SU6,voiture,industrie,fr,5.02
F,6807,68,F,45-54,prof_inter,CH,SU7,voiture,public_sante,fr,5.02
F,6807,68,F,45-54,prof_inter,DE,AL3,voiture,industrie,fr,5.19
F,6807,68,F,55+,employes,CH,SU6,voiture,commerce_services,fr,9.83
F,6807,68,F,55+,employes,CH,SU7,voiture,commerce_services,fr,5.02
F,6807,68,F,55+,employes,CH,SU8,tc,public_sante,fr,5.02
F,6807,68,F,55+,employes,CH,SU8,voiture,public_sante,fr,5.02
F,6807,68,F,55+,employes,CH,SU9,voiture,public_sante,fr,5.09
F,6807,68,F,55+,employes,CH,SUD,voiture,industrie,fr,3.62
F,6807,68,F,55+,ouvriers,DE,AL3,voiture,industrie,fr,5.04
F,6807,68,F,55+,prof_inter,CH,SU9,voiture,public_sante,fr,3.42
F,6807,68,H,15-29,cadres,CH,SU6,voiture,commerce_services,fr,4.67
F,6807,68,H,15-29,ouvriers,CH,SU6,voiture,commerce_services,fr,4.62
F,6807,68,H,15-29,ouvriers,CH,SU6,voiture,industrie,fr,9.51
F,6807,68,H,15-29,ouvriers,CH,SU7,voiture,commerce_services,fr,8.18
F,6807,68,H,15-29,prof_inter,CH,SU6,voiture,industrie,fr,5.93
F,6807,68,H,15-29,prof_inter,CH,SU6,voiture,public_sante,fr,10.06
F,6807,68,H,15-29,prof_inter,CH,SUC,voiture,commerce_services,fr,3.52
F,6807,68,H,30-44,artisans,CH,SU2,voiture,industrie,fr,3.48
F,6807,68,H,30-44,cadres,CH,SU6,tc,commerce_services,fr,3.58
F,6807,68,H,30-44,cadres,CH,SU6,voiture,commerce_services,fr,10.04
F,6807,68,H,30-44,cadres,CH,SU8,voiture,commerce_services,fr,5.19
F,6807,68,H,30-44,employes,CH,SU5,voiture,commerce_services,etr,4.83
F,6807,68,H,30-44,employes,CH,SU6,voiture,commerce_services,fr,4.83
F,6807,68,H,30-44,employes,CH,SU7,voiture,commerce_services,fr,5.05
F,6807,68,H,30-44,ouvriers,CH,SU5,aucun,industrie,fr,4.83
F,6807,68,H,30-44,ouvriers,CH,SU5,voiture,industrie,fr,5.33
F,6807,68,H,30-44,ouvriers,CH,SU6,voiture,commerce_services,fr,18.99
F,6807,68,H,30-44,ouvriers,CH,SU6,voiture,construction,fr,10.07
F,6807,68,H,30-44,ouvriers,CH,SU6,voiture,industrie,fr,18.11
F,6807,68,H,30-44,ouvriers,CH,SU6,voiture,public_sante,fr,4.83
F,6807,68,H,30-44,ouvriers,CH,SU7,voiture,commerce_services,fr,15.07
F,6807,68,H,30-44,ouvriers,CH,SU7,voiture,construction,fr,4.62
F,6807,68,H,30-44,ouvriers,CH,SU7,voiture,industrie,fr,6.18
F,6807,68,H,30-44,ouvriers,CH,SU8,voiture,commerce_services,fr,8.12
F,6807,68,H,30-44,ouvriers,CH,SU9,voiture,agriculture,fr,6.15
F,6807,68,H,30-44,ouvriers,CH,SUD,voiture,commerce_services,fr,3.28
F,6807,68,H,30-44,ouvriers,CH,SUD,voiture,construction,fr,9.89
F,6807,68,H,30-44,ouvriers,DE,AL3,voiture,commerce_services,fr,5.02
F,6807,68,H,30-44,ouvriers,DE,AL3,voiture,industrie,etr,5.06
F,6807,68,H,30-44,prof_inter,CH,SU6,voiture,commerce_services,fr,5.05
F,6807,68,H,30-44,prof_inter,CH,SU6,voiture,industrie,fr,15.06
F,6807,68,H,30-44,prof_inter,CH,SU7,voiture,industrie,fr,3.46
F,6807,68,H,30-44,prof_inter,CH,SUD,voiture,industrie,fr,3.58
F,6807,68,H,30-44,prof_inter,DE,AL3,voiture,public_sante,fr,3.62
F,6807,68,H,30-44,prof_inter,autre,MO0,voiture,commerce_services,fr,3.48
F,6807,68,H,45-54,artisans,CH,SU7,voiture,construction,fr,5.02
F,6807,68,H,45-54,cadres,CH,SU1,voiture,industrie,fr,5.02
F,6807,68,H,45-54,cadres,CH,SU6,tc,commerce_services,fr,3.42
F,6807,68,H,45-54,cadres,CH,SU6,voiture,industrie,fr,9.69
F,6807,68,H,45-54,cadres,CH,SU8,tc,industrie,fr,4.84
F,6807,68,H,45-54,cadres,CH,SU8,tc,public_sante,fr,3.16
F,6807,68,H,45-54,cadres,CH,SUA,marche,commerce_services,fr,5.24
F,6807,68,H,45-54,cadres,DE,AL3,voiture,commerce_services,fr,5.02
F,6807,68,H,45-54,employes,CH,SU6,voiture,commerce_services,fr,5.05
F,6807,68,H,45-54,employes,CH,SU7,voiture,commerce_services,fr,5.02
F,6807,68,H,45-54,ouvriers,CH,SU2,voiture,commerce_services,fr,5.01
F,6807,68,H,45-54,ouvriers,CH,SU5,voiture,industrie,fr,4.78
F,6807,68,H,45-54,ouvriers,CH,SU6,deux_roues,industrie,fr,4.67
F,6807,68,H,45-54,ouvriers,CH,SU6,tc,construction,fr,4.69
F,6807,68,H,45-54,ouvriers,CH,SU6,voiture,commerce_services,fr,9.72
F,6807,68,H,45-54,ouvriers,CH,SU6,voiture,construction,fr,9.66
F,6807,68,H,45-54,ouvriers,CH,SU7,voiture,commerce_services,fr,5.02
F,6807,68,H,45-54,ouvriers,CH,SU7,voiture,industrie,fr,6.04
F,6807,68,H,45-54,ouvriers,CH,SUD,voiture,commerce_services,fr,1.27
F,6807,68,H,45-54,ouvriers,DE,AL3,voiture,industrie,fr,3.28
F,6807,68,H,45-54,prof_inter,CH,SU6,voiture,commerce_services,fr,4.83
F,6807,68,H,45-54,prof_inter,CH,SU6,voiture,construction,fr,5.33
F,6807,68,H,45-54,prof_inter,CH,SU7,voiture,commerce_services,fr,3.46
F,6807,68,H,45-54,prof_inter,CH,SU7,voiture,construction,fr,4.74
F,6807,68,H,45-54,prof_inter,CH,SU8,voiture,commerce_services,fr,5.43
F,6807,68,H,45-54,prof_inter,DE,AL3,voiture,commerce_services,fr,5.93
F,6807,68,H,55+,cadres,CH,SU6,tc,commerce_services,fr,3.28
F,6807,68,H,55+,cadres,CH,SU6,voiture,industrie,fr,11.62
F,6807,68,H,55+,cadres,CH,SU7,voiture,commerce_services,fr,5.42
F,6807,68,H,55+,cadres,CH,SU8,tc,industrie,fr,5.04
F,6807,68,H,55+,employes,CH,SU5,voiture,commerce_services,fr,3.24
F,6807,68,H,55+,employes,CH,SU6,tc,commerce_services,fr,5.02
F,6807,68,H,55+,ouvriers,CH,SU6,voiture,commerce_services,fr,8.06
F,6807,68,H,55+,ouvriers,CH,SU6,voiture,construction,fr,5.01
F,6807,68,H,55+,ouvriers,CH,SU6,voiture,industrie,fr,8.54
F,6807,68,H,55+,ouvriers,CH,SU7,voiture,commerce_services,etr,5.0
F,6807,68,H,55+,ouvriers,CH,SU7,voiture,commerce_services,fr,4.92
F,6807,68,H,55+,ouvriers,CH,SU7,voiture,construction,fr,4.86
F,6807,68,H,55+,ouvriers,CH,SU7,voiture,industrie,fr,10.01
F,6807,68,H,55+,ouvriers,CH,SU8,voiture,commerce_services,fr,4.98
F,6807,68,H,55+,ouvriers,CH,SU9,voiture,industrie,fr,4.86
F,6807,68,H,55+,ouvriers,DE,AL3,voiture,commerce_services,fr,5.01
F,6807,68,H,55+,ouvriers,DE,AL3,voiture,construction,fr,5.42
F,6807,68,H,55+,ouvriers,DE,AL3,voiture,industrie,fr,10.03
F,6807,68,H,55+,prof_inter,CH,SU6,voiture,construction,fr,5.06
F,6807,68,H,55+,prof_inter,CH,SU6,voiture,industrie,fr,4.98
F,6807,68,H,55+,prof_inter,CH,SU7,voiture,construction,fr,4.98
F,6807,68,H,55+,prof_inter,CH,SU7,voiture,industrie,fr,5.08
F,6807,68,H,55+,prof_inter,CH,SU8,voiture,industrie,fr,5.02
F,6807,68,H,55+,prof_inter,CH,SU9,voiture,public_sante,fr,5.09
F,6807,68,H,55+,prof_inter,CH,SUA,voiture,public_sante,fr,5.04
F,6807,68,H,55+,prof_inter,DE,AL3,voiture,commerce_services,fr,4.92
F,6807,68,H,55+,prof_inter,DE,AL3,voiture,industrie,fr,3.43
F,6808,68,F,15-29,cadres,CH,SU1,voiture,public_sante,fr,1.3
F,6808,68,F,15-29,cadres,CH,SU6,voiture,commerce_services,etr,4.62
F,6808,68,F,15-29,cadres,CH,SU6,voiture,public_sante,fr,5.02
F,6808,68,F,15-29,cadres,CH,SU7,voiture,commerce_services,fr,8.21
F,6808,68,F,15-29,cadres,autre,LU3,voiture,commerce_services,fr,4.86
F,6808,68,F,15-29,employes,CH,SU6,voiture,commerce_services,fr,11.74
F,6808,68,F,15-29,employes,CH,SU6,voiture,industrie,fr,1.3
F,6808,68,F,15-29,employes,CH,SU7,voiture,commerce_services,fr,9.69
F,6808,68,F,15-29,employes,DE,AL3,voiture,industrie,fr,4.88
F,6808,68,F,15-29,ouvriers,CH,SU6,voiture,industrie,fr,1.27
F,6808,68,F,15-29,ouvriers,CH,SU7,voiture,commerce_services,fr,3.04
F,6808,68,F,15-29,ouvriers,DE,AL3,voiture,commerce_services,fr,4.62
F,6808,68,F,15-29,prof_inter,CH,SU6,tc,commerce_services,fr,4.91
F,6808,68,F,15-29,prof_inter,CH,SU6,voiture,public_sante,fr,5.15
F,6808,68,F,15-29,prof_inter,CH,SU7,voiture,public_sante,fr,8.14
F,6808,68,F,15-29,prof_inter,CH,SU9,voiture,industrie,fr,5.03
F,6808,68,F,15-29,prof_inter,DE,AL3,voiture,commerce_services,fr,4.88
F,6808,68,F,30-44,artisans,CH,SU7,voiture,commerce_services,fr,1.29
F,6808,68,F,30-44,cadres,CH,SU6,voiture,commerce_services,fr,1.24
F,6808,68,F,30-44,cadres,CH,SU6,voiture,industrie,fr,9.91
F,6808,68,F,30-44,cadres,CH,SU9,voiture,public_sante,fr,4.62
F,6808,68,F,30-44,employes,CH,SU6,tc,commerce_services,fr,3.46
F,6808,68,F,30-44,employes,CH,SU6,voiture,commerce_services,fr,18.34
F,6808,68,F,30-44,employes,CH,SU7,voiture,commerce_services,fr,6.25
F,6808,68,F,30-44,employes,CH,SUD,voiture,public_sante,fr,4.19
F,6808,68,F,30-44,employes,autre,LU3,tc,public_sante,fr,4.54
F,6808,68,F,30-44,ouvriers,CH,SU6,voiture,industrie,fr,3.21
F,6808,68,F,30-44,ouvriers,CH,SU7,voiture,commerce_services,fr,5.09
F,6808,68,F,30-44,prof_inter,CH,SU5,voiture,public_sante,etr,4.96
F,6808,68,F,30-44,prof_inter,CH,SU6,voiture,commerce_services,etr,3.04
F,6808,68,F,30-44,prof_inter,CH,SU6,voiture,commerce_services,fr,14.68
F,6808,68,F,30-44,prof_inter,CH,SU6,voiture,public_sante,fr,17.42
F,6808,68,F,30-44,prof_inter,CH,SU7,voiture,public_sante,etr,4.62
F,6808,68,F,30-44,prof_inter,CH,SU7,voiture,public_sante,fr,4.89
F,6808,68,F,30-44,prof_inter,CH,SU8,voiture,industrie,fr,3.33
F,6808,68,F,30-44,prof_inter,DE,AL3,voiture,industrie,fr,4.62
F,6808,68,F,30-44,prof_inter,DE,AL3,voiture,public_sante,fr,5.25
F,6808,68,F,45-54,cadres,CH,SU6,tc,commerce_services,fr,4.91
F,6808,68,F,45-54,cadres,CH,SU6,voiture,commerce_services,fr,8.2
F,6808,68,F,45-54,employes,CH,SU1,voiture,commerce_services,fr,5.03
F,6808,68,F,45-54,employes,CH,SU6,tc,commerce_services,fr,3.4
F,6808,68,F,45-54,employes,CH,SU6,voiture,commerce_services,fr,14.39
F,6808,68,F,45-54,employes,CH,SU7,voiture,commerce_services,fr,10.0
F,6808,68,F,45-54,employes,DE,AL3,voiture,industrie,fr,5.11
F,6808,68,F,45-54,ouvriers,CH,SU5,voiture,industrie,fr,4.96
F,6808,68,F,45-54,ouvriers,CH,SU6,voiture,commerce_services,fr,9.48
F,6808,68,F,45-54,ouvriers,CH,SU8,voiture,commerce_services,fr,3.49
F,6808,68,F,45-54,prof_inter,CH,SU6,voiture,commerce_services,fr,12.38
F,6808,68,F,45-54,prof_inter,CH,SU6,voiture,industrie,etr,4.98
F,6808,68,F,45-54,prof_inter,CH,SU6,voiture,industrie,fr,10.26
F,6808,68,F,45-54,prof_inter,CH,SU6,voiture,public_sante,etr,1.24
F,6808,68,F,45-54,prof_inter,CH,SU6,voiture,public_sante,fr,3.32
F,6808,68,F,45-54,prof_inter,CH,SU7,voiture,public_sante,fr,10.27
F,6808,68,F,45-54,prof_inter,CH,SU8,voiture,commerce_services,fr,3.58
F,6808,68,F,55+,artisans,CH,SU6,voiture,industrie,fr,4.97
F,6808,68,F,55+,cadres,CH,SU6,voiture,commerce_services,fr,3.58
F,6808,68,F,55+,cadres,CH,SU7,voiture,commerce_services,fr,3.21
F,6808,68,F,55+,employes,CH,SU6,tc,commerce_services,fr,3.24
F,6808,68,F,55+,employes,CH,SU6,velo,commerce_services,fr,4.93
F,6808,68,F,55+,employes,CH,SU6,voiture,commerce_services,etr,4.19
F,6808,68,F,55+,employes,CH,SU6,voiture,commerce_services,fr,6.56
F,6808,68,F,55+,employes,CH,SU6,voiture,industrie,fr,3.49
F,6808,68,F,55+,employes,CH,SU6,voiture,public_sante,etr,5.23
F,6808,68,F,55+,employes,CH,SU6,voiture,public_sante,fr,24.34
F,6808,68,F,55+,employes,CH,SU7,tc,commerce_services,fr,4.71
F,6808,68,F,55+,employes,CH,SU7,voiture,commerce_services,fr,8.92
F,6808,68,F,55+,employes,CH,SU7,voiture,industrie,fr,3.28
F,6808,68,F,55+,employes,DE,AL3,marche,public_sante,fr,2.47
F,6808,68,F,55+,employes,DE,AL3,voiture,commerce_services,fr,1.3
F,6808,68,F,55+,employes,DE,AL3,voiture,industrie,etr,3.4
F,6808,68,F,55+,ouvriers,CH,SU6,voiture,commerce_services,fr,4.8
F,6808,68,F,55+,ouvriers,CH,SU7,voiture,commerce_services,fr,11.85
F,6808,68,F,55+,ouvriers,CH,SU8,voiture,commerce_services,fr,7.99
F,6808,68,F,55+,ouvriers,DE,AL3,voiture,commerce_services,fr,8.55
F,6808,68,F,55+,ouvriers,DE,AL3,voiture,industrie,fr,3.24
F,6808,68,F,55+,prof_inter,CH,SU6,tc,public_sante,fr,3.04
F,6808,68,F,55+,prof_inter,CH,SU6,voiture,commerce_services,fr,8.39
F,6808,68,F,55+,prof_inter,CH,SU6,voiture,industrie,fr,4.97
F,6808,68,F,55+,prof_inter,CH,SU6,voiture,public_sante,fr,17.74
F,6808,68,F,55+,prof_inter,CH,SU7,voiture,public_sante,fr,4.93
F,6808,68,F,55+,prof_inter,CH,SU8,voiture,commerce_services,fr,3.22
F,6808,68,F,55+,prof_inter,CH,SU8,voiture,industrie,etr,5.15
F,6808,68,F,55+,prof_inter,DE,AL3,voiture,commerce_services,fr,3.4
F,6808,68,H,15-29,artisans,CH,SU6,voiture,commerce_services,fr,4.93
F,6808,68,H,15-29,cadres,CH,SU1,tc,commerce_services,fr,4.19
F,6808,68,H,15-29,cadres,CH,SU6,voiture,commerce_services,fr,9.84
F,6808,68,H,15-29,cadres,CH,SU6,voiture,industrie,fr,4.96
F,6808,68,H,15-29,cadres,CH,SU7,tc,commerce_services,fr,3.75
F,6808,68,H,15-29,cadres,CH,SU7,voiture,commerce_services,fr,5.03
F,6808,68,H,15-29,cadres,autre,ZZZ,voiture,industrie,fr,5.11
F,6808,68,H,15-29,employes,CH,SU6,voiture,commerce_services,fr,10.03
F,6808,68,H,15-29,employes,CH,SU6,voiture,industrie,fr,3.58
F,6808,68,H,15-29,employes,CH,SU7,voiture,commerce_services,etr,4.85
F,6808,68,H,15-29,ouvriers,CH,SU6,voiture,commerce_services,fr,31.49
F,6808,68,H,15-29,ouvriers,CH,SU6,voiture,construction,fr,2.59
F,6808,68,H,15-29,ouvriers,CH,SU6,voiture,industrie,fr,12.48
F,6808,68,H,15-29,ouvriers,CH,SU7,voiture,commerce_services,fr,4.85
F,6808,68,H,15-29,ouvriers,CH,SU7,voiture,construction,fr,7.43
F,6808,68,H,15-29,ouvriers,CH,SU7,voiture,industrie,fr,4.91
F,6808,68,H,15-29,ouvriers,CH,SU8,voiture,commerce_services,fr,5.03
F,6808,68,H,15-29,ouvriers,CH,SU8,voiture,industrie,fr,4.97
F,6808,68,H,15-29,ouvriers,CH,SU9,voiture,commerce_services,fr,4.98
F,6808,68,H,15-29,ouvriers,CH,SU9,voiture,construction,fr,4.09
F,6808,68,H,15-29,ouvriers,CH,SU9,voiture,industrie,fr,3.32
F,6808,68,H,15-29,ouvriers,CH,SUA,voiture,construction,fr,4.71
F,6808,68,H,15-29,ouvriers,DE,AL3,voiture,commerce_services,fr,11.59
F,6808,68,H,15-29,ouvriers,DE,AL3,voiture,public_sante,fr,5.02
F,6808,68,H,15-29,prof_inter,CH,SU5,voiture,industrie,fr,3.04
F,6808,68,H,15-29,prof_inter,CH,SU6,voiture,commerce_services,fr,7.24
F,6808,68,H,15-29,prof_inter,CH,SU6,voiture,construction,fr,7.85
F,6808,68,H,15-29,prof_inter,CH,SU6,voiture,industrie,fr,6.89
F,6808,68,H,15-29,prof_inter,CH,SU6,voiture,public_sante,fr,4.8
F,6808,68,H,15-29,prof_inter,CH,SU7,voiture,public_sante,fr,4.93
F,6808,68,H,15-29,prof_inter,CH,SU8,voiture,construction,fr,4.98
F,6808,68,H,15-29,prof_inter,CH,SUB,voiture,industrie,fr,3.32
F,6808,68,H,15-29,prof_inter,DE,AL3,voiture,public_sante,fr,5.03
F,6808,68,H,30-44,artisans,CH,SU6,voiture,commerce_services,fr,3.28
F,6808,68,H,30-44,cadres,CH,SU1,voiture,commerce_services,fr,1.3
F,6808,68,H,30-44,cadres,CH,SU5,voiture,commerce_services,fr,4.98
F,6808,68,H,30-44,cadres,CH,SU6,tc,commerce_services,fr,4.91
F,6808,68,H,30-44,cadres,CH,SU6,voiture,commerce_services,fr,8.46
F,6808,68,H,30-44,cadres,CH,SU7,voiture,commerce_services,etr,1.27
F,6808,68,H,30-44,cadres,CH,SU7,voiture,industrie,fr,7.83
F,6808,68,H,30-44,cadres,DE,AL3,voiture,commerce_services,etr,4.62
F,6808,68,H,30-44,employes,CH,SU6,voiture,commerce_services,fr,15.9
F,6808,68,H,30-44,employes,CH,SU6,voiture,public_sante,fr,5.36
F,6808,68,H,30-44,employes,CH,SU8,voiture,commerce_services,fr,3.33
F,6808,68,H,30-44,employes,CH,SU9,voiture,commerce_services,fr,4.98
F,6808,68,H,30-44,ouvriers,CH,SU5,voiture,commerce_services,fr,3.49
F,6808,68,H,30-44,ouvriers,CH,SU6,voiture,commerce_services,fr,41.1
F,6808,68,H,30-44,ouvriers,CH,SU6,voiture,construction,fr,20.31
F,6808,68,H,30-44,ouvriers,CH,SU6,voiture,industrie,fr,33.93
F,6808,68,H,30-44,ouvriers,CH,SU7,marche,industrie,etr,1.24
F,6808,68,H,30-44,ouvriers,CH,SU7,voiture,commerce_services,fr,50.78
F,6808,68,H,30-44,ouvriers,CH,SU7,voiture,construction,fr,9.13
F,6808,68,H,30-44,ouvriers,CH,SU7,voiture,industrie,fr,33.39
F,6808,68,H,30-44,ouvriers,CH,SU8,voiture,commerce_services,fr,5.14
F,6808,68,H,30-44,ouvriers,CH,SU8,voiture,construction,fr,3.05
F,6808,68,H,30-44,ouvriers,CH,SU8,voiture,industrie,fr,5.03
F,6808,68,H,30-44,ouvriers,CH,SU9,voiture,commerce_services,fr,5.14
F,6808,68,H,30-44,ouvriers,CH,SUB,voiture,construction,etr,3.32
F,6808,68,H,30-44,ouvriers,CH,SUB,voiture,industrie,fr,3.28
F,6808,68,H,30-44,ouvriers,CH,SUC,tc,commerce_services,fr,1.24
F,6808,68,H,30-44,ouvriers,CH,SUD,voiture,industrie,fr,1.27
F,6808,68,H,30-44,ouvriers,DE,AL3,voiture,industrie,fr,3.49
F,6808,68,H,30-44,prof_inter,CH,SU4,voiture,commerce_services,fr,3.21
F,6808,68,H,30-44,prof_inter,CH,SU4,voiture,industrie,fr,1.29
F,6808,68,H,30-44,prof_inter,CH,SU5,voiture,commerce_services,fr,3.96
F,6808,68,H,30-44,prof_inter,CH,SU5,voiture,industrie,fr,3.24
F,6808,68,H,30-44,prof_inter,CH,SU6,tc,commerce_services,fr,1.24
F,6808,68,H,30-44,prof_inter,CH,SU6,voiture,commerce_services,etr,4.93
F,6808,68,H,30-44,prof_inter,CH,SU6,voiture,commerce_services,fr,34.9
F,6808,68,H,30-44,prof_inter,CH,SU6,voiture,construction,fr,17.93
F,6808,68,H,30-44,prof_inter,CH,SU6,voiture,industrie,fr,32.92
F,6808,68,H,30-44,prof_inter,CH,SU6,voiture,public_sante,fr,3.24
F,6808,68,H,30-44,prof_inter,CH,SU7,tc,industrie,fr,4.96
F,6808,68,H,30-44,prof_inter,CH,SU7,voiture,commerce_services,fr,9.88
F,6808,68,H,30-44,prof_inter,CH,SUD,voiture,commerce_services,fr,1.16
F,6808,68,H,30-44,prof_inter,CH,SUD,voiture,public_sante,fr,5.15
F,6808,68,H,45-54,cadres,CH,SU6,tc,industrie,fr,3.05
F,6808,68,H,45-54,cadres,CH,SU6,voiture,commerce_services,etr,6.14
F,6808,68,H,45-54,cadres,CH,SU6,voiture,commerce_services,fr,3.33
F,6808,68,H,45-54,cadres,CH,SU6,voiture,industrie,fr,30.37
F,6808,68,H,45-54,cadres,CH,SU6,voiture,public_sante,fr,5.11
F,6808,68,H,45-54,cadres,CH,SU7,voiture,commerce_services,fr,17.76
F,6808,68,H,45-54,cadres,CH,SU7,voiture,construction,fr,4.88
F,6808,68,H,45-54,cadres,CH,SU8,voiture,industrie,fr,4.85
F,6808,68,H,45-54,cadres,CH,SUC,voiture,industrie,fr,5.36
F,6808,68,H,45-54,cadres,CH,SUQ,voiture,commerce_services,fr,4.88
F,6808,68,H,45-54,cadres,DE,AL3,voiture,industrie,fr,3.4
F,6808,68,H,45-54,employes,CH,SU6,voiture,commerce_services,fr,3.49
F,6808,68,H,45-54,employes,CH,SU6,voiture,public_sante,fr,4.96
F,6808,68,H,45-54,employes,CH,SU7,voiture,commerce_services,fr,3.75
F,6808,68,H,45-54,employes,CH,SUC,voiture,commerce_services,fr,5.09
F,6808,68,H,45-54,ouvriers,CH,SU3,voiture,commerce_services,fr,4.69
F,6808,68,H,45-54,ouvriers,CH,SU6,marche,construction,fr,4.97
F,6808,68,H,45-54,ouvriers,CH,SU6,marche,public_sante,fr,1.27
F,6808,68,H,45-54,ouvriers,CH,SU6,voiture,commerce_services,fr,37.09
F,6808,68,H,45-54,ouvriers,CH,SU6,voiture,construction,fr,28.65
F,6808,68,H,45-54,ouvriers,CH,SU6,voiture,industrie,fr,4.09
F,6808,68,H,45-54,ouvriers,CH,SU7,voiture,commerce_services,fr,7.94
F,6808,68,H,45-54,ouvriers,CH,SU7,voiture,construction,fr,9.95
F,6808,68,H,45-54,ouvriers,CH,SU7,voiture,industrie,fr,8.24
F,6808,68,H,45-54,ouvriers,CH,SU8,voiture,industrie,fr,3.32
F,6808,68,H,45-54,ouvriers,CH,SUD,voiture,commerce_services,fr,4.98
F,6808,68,H,45-54,ouvriers,DE,AL3,voiture,commerce_services,fr,9.7
F,6808,68,H,45-54,ouvriers,DE,AL3,voiture,industrie,etr,1.27
F,6808,68,H,45-54,prof_inter,CH,SU6,tc,commerce_services,fr,9.81
F,6808,68,H,45-54,prof_inter,CH,SU6,voiture,commerce_services,etr,3.21
F,6808,68,H,45-54,prof_inter,CH,SU6,voiture,commerce_services,fr,4.93
F,6808,68,H,45-54,prof_inter,CH,SU6,voiture,construction,fr,5.11
F,6808,68,H,45-54,prof_inter,CH,SU6,voiture,industrie,fr,8.26
F,6808,68,H,45-54,prof_inter,CH,SU7,voiture,commerce_services,fr,9.77
F,6808,68,H,45-54,prof_inter,CH,SU7,voiture,industrie,fr,3.22
F,6808,68,H,45-54,prof_inter,DE,AL3,voiture,commerce_services,fr,8.47
F,6808,68,H,45-54,prof_inter,DE,AL3,voiture,industrie,fr,4.91
F,6808,68,H,55+,cadres,CH,SU6,tc,commerce_services,fr,5.23
F,6808,68,H,55+,cadres,CH,SU6,voiture,commerce_services,fr,4.89
F,6808,68,H,55+,cadres,CH,SU6,voiture,industrie,fr,4.93
F,6808,68,H,55+,cadres,CH,SU7,voiture,industrie,fr,6.09
F,6808,68,H,55+,cadres,DE,AL3,voiture,commerce_services,fr,9.93
F,6808,68,H,55+,cadres,DE,AL3,voiture,industrie,fr,4.87
F,6808,68,H,55+,cadres,autre,ZZZ,voiture,industrie,fr,5.02
F,6808,68,H,55+,employes,CH,SU5,voiture,commerce_services,fr,5.15
F,6808,68,H,55+,employes,CH,SU6,voiture,commerce_services,fr,4.8
F,6808,68,H,55+,employes,CH,SU7,voiture,commerce_services,fr,8.63
F,6808,68,H,55+,employes,CH,SU7,voiture,public_sante,fr,4.88
F,6808,68,H,55+,employes,DE,AL3,voiture,commerce_services,fr,3.21
F,6808,68,H,55+,ouvriers,CH,SU6,voiture,commerce_services,etr,5.06
F,6808,68,H,55+,ouvriers,CH,SU6,voiture,commerce_services,fr,21.74
F,6808,68,H,55+,ouvriers,CH,SU6,voiture,construction,fr,4.93
F,6808,68,H,55+,ouvriers,CH,SU6,voiture,industrie,fr,25.56
F,6808,68,H,55+,ouvriers,CH,SU7,voiture,commerce_services,fr,3.4
F,6808,68,H,55+,ouvriers,CH,SU7,voiture,construction,fr,4.96
F,6808,68,H,55+,ouvriers,CH,SU7,voiture,industrie,fr,12.01
F,6808,68,H,55+,ouvriers,CH,SU8,tc,commerce_services,fr,4.93
F,6808,68,H,55+,ouvriers,CH,SU8,voiture,commerce_services,fr,4.96
F,6808,68,H,55+,ouvriers,CH,SU8,voiture,construction,fr,10.21
F,6808,68,H,55+,ouvriers,CH,SU8,voiture,industrie,fr,17.25
F,6808,68,H,55+,ouvriers,DE,AL3,voiture,construction,fr,6.78
F,6808,68,H,55+,ouvriers,DE,AL3,voiture,industrie,fr,6.13
F,6808,68,H,55+,prof_inter,CH,SU5,tc,industrie,fr,3.28
F,6808,68,H,55+,prof_inter,CH,SU5,voiture,industrie,etr,4.17
F,6808,68,H,55+,prof_inter,CH,SU6,tc,commerce_services,fr,4.62
F,6808,68,H,55+,prof_inter,CH,SU6,voiture,commerce_services,fr,3.99
F,6808,68,H,55+,prof_inter,CH,SU6,voiture,construction,fr,8.22
F,6808,68,H,55+,prof_inter,CH,SU6,voiture,industrie,fr,10.21
F,6808,68,H,55+,prof_inter,CH,SU6,voiture,public_sante,fr,4.19
F,6808,68,H,55+,prof_inter,CH,SU7,voiture,commerce_services,fr,9.78
F,6808,68,H,55+,prof_inter,CH,SU7,voiture,industrie,fr,5.03
F,6808,68,H,55+,prof_inter,CH,SU8,voiture,commerce_services,fr,4.93
F,6808,68,H,55+,prof_inter,CH,SU8,voiture,industrie,fr,4.97
F,6808,68,H,55+,prof_inter,DE,AL3,voiture,commerce_services,fr,12.77
F,6809,68,F,15-29,cadres,CH,SUD,voiture,commerce_services,fr,5.21
F,6809,68,F,15-29,employes,CH,SU6,voiture,commerce_services,fr,4.94
F,6809,68,F,15-29,employes,CH,SU6,voiture,industrie,fr,4.78
F,6809,68,F,15-29,employes,CH,SU7,voiture,commerce_services,fr,5.01
F,6809,68,F,15-29,employes,CH,SU7,voiture,public_sante,fr,5.01
F,6809,68,F,15-29,employes,CH,SUD,voiture,commerce_services,etr,5.02
F,6809,68,F,15-29,employes,CH,SUD,voiture,commerce_services,fr,19.58
F,6809,68,F,15-29,employes,CH,SUD,voiture,industrie,fr,5.11
F,6809,68,F,15-29,employes,CH,SUD,voiture,public_sante,fr,5.13
F,6809,68,F,15-29,ouvriers,CH,SUD,voiture,commerce_services,fr,4.82
F,6809,68,F,15-29,ouvriers,CH,SUD,voiture,industrie,fr,4.91
F,6809,68,F,15-29,prof_inter,CH,SU1,voiture,commerce_services,fr,5.12
F,6809,68,F,15-29,prof_inter,CH,SU2,voiture,commerce_services,fr,4.81
F,6809,68,F,15-29,prof_inter,CH,SU6,voiture,commerce_services,fr,4.73
F,6809,68,F,15-29,prof_inter,CH,SU6,voiture,industrie,fr,5.27
F,6809,68,F,15-29,prof_inter,CH,SU6,voiture,public_sante,fr,4.91
F,6809,68,F,15-29,prof_inter,CH,SU7,voiture,commerce_services,fr,4.76
F,6809,68,F,15-29,prof_inter,CH,SU7,voiture,industrie,fr,4.81
F,6809,68,F,15-29,prof_inter,CH,SUD,voiture,commerce_services,fr,4.85
F,6809,68,F,15-29,prof_inter,DE,AL3,voiture,commerce_services,etr,5.12
F,6809,68,F,30-44,artisans,CH,SU6,voiture,commerce_services,fr,5.44
F,6809,68,F,30-44,cadres,CH,SU6,voiture,commerce_services,fr,4.81
F,6809,68,F,30-44,cadres,CH,SU6,voiture,industrie,fr,5.05
F,6809,68,F,30-44,cadres,CH,SU9,voiture,public_sante,fr,4.81
F,6809,68,F,30-44,cadres,CH,SUB,voiture,industrie,fr,5.02
F,6809,68,F,30-44,employes,CH,SU6,voiture,commerce_services,etr,6.07
F,6809,68,F,30-44,employes,CH,SU6,voiture,commerce_services,fr,10.33
F,6809,68,F,30-44,employes,CH,SU7,voiture,commerce_services,fr,9.45
F,6809,68,F,30-44,employes,CH,SU7,voiture,public_sante,fr,5.11
F,6809,68,F,30-44,employes,CH,SU8,voiture,industrie,fr,5.22
F,6809,68,F,30-44,employes,CH,SUD,voiture,commerce_services,fr,20.1
F,6809,68,F,30-44,employes,CH,SUD,voiture,public_sante,fr,9.91
F,6809,68,F,30-44,ouvriers,CH,SU2,voiture,industrie,fr,4.8
F,6809,68,F,30-44,ouvriers,CH,SU6,voiture,commerce_services,fr,4.82
F,6809,68,F,30-44,ouvriers,CH,SU6,voiture,industrie,fr,9.97
F,6809,68,F,30-44,ouvriers,CH,SU7,voiture,commerce_services,fr,10.32
F,6809,68,F,30-44,ouvriers,CH,SU7,voiture,industrie,fr,5.0
F,6809,68,F,30-44,ouvriers,CH,SUD,voiture,agriculture,fr,5.02
F,6809,68,F,30-44,ouvriers,CH,SUD,voiture,commerce_services,fr,5.06
F,6809,68,F,30-44,ouvriers,CH,SUD,voiture,industrie,fr,34.76
F,6809,68,F,30-44,prof_inter,CH,SU6,voiture,commerce_services,fr,9.59
F,6809,68,F,30-44,prof_inter,CH,SU6,voiture,industrie,fr,4.79
F,6809,68,F,30-44,prof_inter,CH,SU6,voiture,public_sante,fr,25.41
F,6809,68,F,30-44,prof_inter,CH,SU7,voiture,commerce_services,fr,14.53
F,6809,68,F,30-44,prof_inter,CH,SU7,voiture,industrie,fr,4.95
F,6809,68,F,30-44,prof_inter,CH,SU7,voiture,public_sante,fr,4.97
F,6809,68,F,30-44,prof_inter,CH,SU8,voiture,industrie,fr,4.89
F,6809,68,F,30-44,prof_inter,CH,SUD,voiture,commerce_services,fr,15.04
F,6809,68,F,30-44,prof_inter,CH,SUD,voiture,industrie,fr,4.77
F,6809,68,F,30-44,prof_inter,CH,SUD,voiture,public_sante,fr,9.87
F,6809,68,F,45-54,cadres,CH,SU6,voiture,industrie,etr,5.61
F,6809,68,F,45-54,cadres,CH,SU7,voiture,commerce_services,etr,5.02
F,6809,68,F,45-54,employes,CH,SU1,voiture,commerce_services,fr,5.22
F,6809,68,F,45-54,employes,CH,SU5,voiture,industrie,fr,5.08
F,6809,68,F,45-54,employes,CH,SU6,velo,commerce_services,fr,5.02
F,6809,68,F,45-54,employes,CH,SU6,voiture,commerce_services,fr,9.98
F,6809,68,F,45-54,employes,CH,SU6,voiture,public_sante,fr,4.89
F,6809,68,F,45-54,employes,CH,SU7,voiture,commerce_services,etr,4.97
F,6809,68,F,45-54,employes,CH,SU7,voiture,commerce_services,fr,14.92
F,6809,68,F,45-54,employes,CH,SU8,voiture,commerce_services,fr,5.08
F,6809,68,F,45-54,employes,CH,SU9,voiture,public_sante,fr,4.84
F,6809,68,F,45-54,employes,CH,SUD,voiture,industrie,fr,9.84
F,6809,68,F,45-54,employes,CH,SUD,voiture,public_sante,fr,5.0
F,6809,68,F,45-54,employes,DE,AL3,voiture,commerce_services,etr,4.95
F,6809,68,F,45-54,employes,DE,AL3,voiture,public_sante,fr,4.79
F,6809,68,F,45-54,ouvriers,CH,SU2,voiture,industrie,fr,6.07
F,6809,68,F,45-54,ouvriers,CH,SU6,voiture,commerce_services,fr,4.89
F,6809,68,F,45-54,ouvriers,CH,SU7,voiture,commerce_services,fr,5.02
F,6809,68,F,45-54,ouvriers,CH,SU7,voiture,industrie,fr,10.45
F,6809,68,F,45-54,ouvriers,CH,SUD,voiture,industrie,fr,24.79
F,6809,68,F,45-54,prof_inter,CH,SU6,tc,industrie,fr,5.12
F,6809,68,F,45-54,prof_inter,CH,SU6,voiture,industrie,fr,4.72
F,6809,68,F,45-54,prof_inter,CH,SU6,voiture,public_sante,fr,5.45
F,6809,68,F,45-54,prof_inter,CH,SU7,voiture,public_sante,fr,5.05
F,6809,68,F,45-54,prof_inter,CH,SUD,voiture,public_sante,fr,10.72
F,6809,68,F,45-54,prof_inter,DE,AL3,voiture,industrie,fr,10.78
F,6809,68,F,55+,artisans,CH,SU7,voiture,commerce_services,etr,5.22
F,6809,68,F,55+,cadres,CH,SU1,voiture,commerce_services,fr,5.12
F,6809,68,F,55+,cadres,CH,SU6,tc,public_sante,fr,4.95
F,6809,68,F,55+,cadres,CH,SU6,voiture,commerce_services,etr,4.77
F,6809,68,F,55+,cadres,CH,SU6,voiture,public_sante,fr,5.06
F,6809,68,F,55+,cadres,CH,SU7,voiture,commerce_services,fr,5.02
F,6809,68,F,55+,employes,CH,SU6,voiture,commerce_services,etr,5.19
F,6809,68,F,55+,employes,CH,SU6,voiture,commerce_services,fr,20.0
F,6809,68,F,55+,employes,CH,SU6,voiture,public_sante,fr,5.08
F,6809,68,F,55+,employes,CH,SU7,voiture,industrie,fr,5.07
F,6809,68,F,55+,employes,CH,SU7,voiture,public_sante,fr,20.5
F,6809,68,F,55+,employes,CH,SU8,voiture,commerce_services,fr,4.77
F,6809,68,F,55+,ouvriers,CH,SU6,voiture,industrie,fr,9.96
F,6809,68,F,55+,ouvriers,CH,SU7,voiture,industrie,fr,14.68
F,6809,68,F,55+,ouvriers,CH,SUD,voiture,industrie,fr,14.77
F,6809,68,F,55+,prof_inter,CH,SU6,voiture,commerce_services,fr,5.02
F,6809,68,F,55+,prof_inter,CH,SU6,voiture,industrie,fr,5.32
F,6809,68,F,55+,prof_inter,CH,SU6,voiture,public_sante,fr,9.84
F,6809,68,F,55+,prof_inter,CH,SU7,voiture,commerce_services,fr,4.81
F,6809,68,F,55+,prof_inter,CH,SU7,voiture,industrie,fr,10.19
F,6809,68,F,55+,prof_inter,CH,SU8,voiture,public_sante,etr,4.89
F,6809,68,H,15-29,cadres,CH,SUD,voiture,commerce_services,fr,5.04
F,6809,68,H,15-29,employes,CH,SU2,voiture,commerce_services,etr,5.21
F,6809,68,H,15-29,employes,CH,SU2,voiture,commerce_services,fr,6.07
F,6809,68,H,15-29,employes,CH,SU2,voiture,public_sante,fr,5.02
F,6809,68,H,15-29,employes,CH,SU6,voiture,commerce_services,fr,10.24
F,6809,68,H,15-29,employes,CH,SUD,voiture,commerce_services,fr,4.77
F,6809,68,H,15-29,ouvriers,CH,SU2,voiture,construction,fr,4.82
F,6809,68,H,15-29,ouvriers,CH,SU2,voiture,industrie,fr,5.18
F,6809,68,H,15-29,ouvriers,CH,SU5,voiture,industrie,fr,9.84
F,6809,68,H,15-29,ouvriers,CH,SU6,voiture,commerce_services,fr,10.39
F,6809,68,H,15-29,ouvriers,CH,SU6,voiture,construction,fr,9.44
F,6809,68,H,15-29,ouvriers,CH,SU6,voiture,industrie,fr,4.91
F,6809,68,H,15-29,ouvriers,CH,SU7,voiture,commerce_services,etr,4.79
F,6809,68,H,15-29,ouvriers,CH,SU7,voiture,commerce_services,fr,15.44
F,6809,68,H,15-29,ouvriers,CH,SU7,voiture,industrie,fr,14.68
F,6809,68,H,15-29,ouvriers,CH,SU8,voiture,commerce_services,etr,5.04
F,6809,68,H,15-29,ouvriers,CH,SU8,voiture,commerce_services,fr,10.13
F,6809,68,H,15-29,ouvriers,CH,SU9,voiture,commerce_services,fr,9.62
F,6809,68,H,15-29,ouvriers,CH,SUB,voiture,industrie,fr,4.9
F,6809,68,H,15-29,ouvriers,CH,SUD,voiture,commerce_services,fr,19.94
F,6809,68,H,15-29,ouvriers,CH,SUD,voiture,industrie,fr,19.65
F,6809,68,H,15-29,prof_inter,CH,SU6,voiture,commerce_services,fr,9.62
F,6809,68,H,15-29,prof_inter,CH,SU7,voiture,industrie,fr,4.94
F,6809,68,H,15-29,prof_inter,CH,SUD,voiture,commerce_services,fr,5.18
F,6809,68,H,30-44,artisans,CH,SU6,voiture,industrie,fr,5.04
F,6809,68,H,30-44,cadres,CH,SU2,voiture,construction,fr,5.21
F,6809,68,H,30-44,cadres,CH,SU6,voiture,commerce_services,fr,21.48
F,6809,68,H,30-44,cadres,CH,SU6,voiture,construction,fr,4.88
F,6809,68,H,30-44,cadres,CH,SU6,voiture,industrie,fr,5.01
F,6809,68,H,30-44,cadres,CH,SU6,voiture,public_sante,fr,10.63
F,6809,68,H,30-44,cadres,CH,SU7,voiture,commerce_services,fr,9.37
F,6809,68,H,30-44,cadres,CH,SU8,voiture,commerce_services,fr,4.89
F,6809,68,H,30-44,cadres,CH,SUB,voiture,commerce_services,fr,4.93
F,6809,68,H,30-44,cadres,CH,SUB,voiture,industrie,fr,10.64
F,6809,68,H,30-44,cadres,CH,SUD,voiture,industrie,fr,14.53
F,6809,68,H,30-44,cadres,CH,SUD,voiture,public_sante,fr,5.28
F,6809,68,H,30-44,cadres,DE,AL3,voiture,industrie,etr,4.9
F,6809,68,H,30-44,employes,CH,SU6,voiture,commerce_services,etr,4.84
F,6809,68,H,30-44,employes,CH,SU6,voiture,commerce_services,fr,4.97
F,6809,68,H,30-44,employes,CH,SUD,voiture,commerce_services,fr,9.71
F,6809,68,H,30-44,employes,CH,SUK,voiture,commerce_services,fr,4.84
F,6809,68,H,30-44,employes,DE,AL3,voiture,commerce_services,fr,4.86
F,6809,68,H,30-44,ouvriers,CH,SU2,voiture,industrie,fr,4.65
F,6809,68,H,30-44,ouvriers,CH,SU6,deux_roues,commerce_services,fr,5.07
F,6809,68,H,30-44,ouvriers,CH,SU6,voiture,commerce_services,fr,34.45
F,6809,68,H,30-44,ouvriers,CH,SU6,voiture,construction,fr,14.39
F,6809,68,H,30-44,ouvriers,CH,SU6,voiture,industrie,fr,25.27
F,6809,68,H,30-44,ouvriers,CH,SU7,voiture,commerce_services,fr,19.72
F,6809,68,H,30-44,ouvriers,CH,SU7,voiture,construction,fr,9.79
F,6809,68,H,30-44,ouvriers,CH,SU7,voiture,industrie,fr,43.91
F,6809,68,H,30-44,ouvriers,CH,SU8,voiture,commerce_services,fr,4.9
F,6809,68,H,30-44,ouvriers,CH,SU9,voiture,industrie,fr,4.76
F,6809,68,H,30-44,ouvriers,CH,SUD,marche,industrie,fr,5.13
F,6809,68,H,30-44,ouvriers,CH,SUD,voiture,commerce_services,fr,67.34
F,6809,68,H,30-44,ouvriers,CH,SUD,voiture,construction,fr,15.36
F,6809,68,H,30-44,ouvriers,CH,SUD,voiture,industrie,fr,34.53
F,6809,68,H,30-44,prof_inter,CH,SU2,voiture,commerce_services,fr,4.81
F,6809,68,H,30-44,prof_inter,CH,SU2,voiture,construction,fr,5.3
F,6809,68,H,30-44,prof_inter,CH,SU2,voiture,industrie,fr,9.68
F,6809,68,H,30-44,prof_inter,CH,SU6,voiture,commerce_services,fr,10.01
F,6809,68,H,30-44,prof_inter,CH,SU6,voiture,construction,fr,10.03
F,6809,68,H,30-44,prof_inter,CH,SU6,voiture,industrie,fr,29.14
F,6809,68,H,30-44,prof_inter,CH,SU7,voiture,commerce_services,fr,5.01
F,6809,68,H,30-44,prof_inter,CH,SU7,voiture,construction,fr,4.81
F,6809,68,H,30-44,prof_inter,CH,SU7,voiture,industrie,fr,4.68
F,6809,68,H,30-44,prof_inter,CH,SU9,voiture,commerce_services,fr,4.7
F,6809,68,H,30-44,prof_inter,CH,SUD,voiture,commerce_services,fr,16.2
F,6809,68,H,30-44,prof_inter,CH,SUD,voiture,industrie,fr,19.99
F,6809,68,H,30-44,prof_inter,DE,AL1,voiture,industrie,fr,5.0
F,6809,68,H,30-44,prof_inter,DE,AL3,voiture,commerce_services,etr,5.12
F,6809,68,H,30-44,prof_inter,DE,AL3,voiture,commerce_services,fr,4.78
F,6809,68,H,30-44,prof_inter,DE,AL3,voiture,industrie,etr,4.79
F,6809,68,H,45-54,artisans,CH,SU6,voiture,construction,fr,4.78
F,6809,68,H,45-54,artisans,CH,SUD,voiture,industrie,fr,4.97
F,6809,68,H,45-54,cadres,CH,SU6,voiture,commerce_services,fr,10.12
F,6809,68,H,45-54,cadres,CH,SU7,voiture,industrie,fr,4.89
F,6809,68,H,45-54,cadres,CH,SU7,voiture,public_sante,etr,5.19
F,6809,68,H,45-54,cadres,CH,SU7,voiture,public_sante,fr,5.19
F,6809,68,H,45-54,cadres,CH,SUD,voiture,commerce_services,fr,9.74
F,6809,68,H,45-54,employes,CH,SU5,voiture,commerce_services,fr,4.89
F,6809,68,H,45-54,employes,CH,SU7,voiture,commerce_services,fr,4.02
F,6809,68,H,45-54,ouvriers,CH,SU2,voiture,commerce_services,fr,4.75
F,6809,68,H,45-54,ouvriers,CH,SU5,voiture,industrie,fr,14.75
F,6809,68,H,45-54,ouvriers,CH,SU6,voiture,commerce_services,etr,5.02
F,6809,68,H,45-54,ouvriers,CH,SU6,voiture,commerce_services,fr,20.39
F,6809,68,H,45-54,ouvriers,CH,SU6,voiture,construction,etr,4.89
F,6809,68,H,45-54,ouvriers,CH,SU6,voiture,construction,fr,10.54
F,6809,68,H,45-54,ouvriers,CH,SU6,voiture,industrie,fr,19.08
F,6809,68,H,45-54,ouvriers,CH,SU7,voiture,commerce_services,fr,14.66
F,6809,68,H,45-54,ouvriers,CH,SU7,voiture,construction,etr,5.04
F,6809,68,H,45-54,ouvriers,CH,SU7,voiture,construction,fr,5.09
F,6809,68,H,45-54,ouvriers,CH,SU7,voiture,industrie,fr,44.58
F,6809,68,H,45-54,ouvriers,CH,SU8,voiture,construction,fr,4.92
F,6809,68,H,45-54,ouvriers,CH,SU8,voiture,industrie,fr,10.1
F,6809,68,H,45-54,ouvriers,CH,SU9,voiture,commerce_services,fr,9.62
F,6809,68,H,45-54,ouvriers,CH,SUD,voiture,commerce_services,fr,5.32
F,6809,68,H,45-54,ouvriers,CH,SUD,voiture,construction,fr,4.73
F,6809,68,H,45-54,ouvriers,CH,SUD,voiture,industrie,etr,4.81
F,6809,68,H,45-54,ouvriers,CH,SUD,voiture,industrie,fr,39.74
F,6809,68,H,45-54,prof_inter,CH,SU5,voiture,commerce_services,fr,4.67
F,6809,68,H,45-54,prof_inter,CH,SU5,voiture,industrie,fr,4.95
F,6809,68,H,45-54,prof_inter,CH,SU6,voiture,commerce_services,fr,34.69
F,6809,68,H,45-54,prof_inter,CH,SU6,voiture,construction,fr,14.53
F,6809,68,H,45-54,prof_inter,CH,SU6,voiture,industrie,fr,29.41
F,6809,68,H,45-54,prof_inter,CH,SU7,voiture,construction,fr,9.78
F,6809,68,H,45-54,prof_inter,CH,SU7,voiture,industrie,fr,14.25
F,6809,68,H,45-54,prof_inter,CH,SU8,voiture,commerce_services,fr,4.94
F,6809,68,H,45-54,prof_inter,CH,SU8,voiture,industrie,fr,9.6
F,6809,68,H,45-54,prof_inter,CH,SUD,voiture,industrie,fr,19.46
F,6809,68,H,45-54,prof_inter,CH,SUD,voiture,public_sante,fr,5.11
F,6809,68,H,55+,artisans,CH,SU6,voiture,commerce_services,fr,10.23
F,6809,68,H,55+,cadres,CH,SU2,voiture,commerce_services,fr,4.91
F,6809,68,H,55+,cadres,CH,SU6,voiture,commerce_services,fr,9.92
F,6809,68,H,55+,cadres,CH,SU6,voiture,industrie,fr,4.58
F,6809,68,H,55+,cadres,CH,SU8,tc,construction,etr,4.91
F,6809,68,H,55+,cadres,CH,SUD,voiture,commerce_services,fr,4.78
F,6809,68,H,55+,employes,CH,SU6,voiture,commerce_services,fr,15.12
F,6809,68,H,55+,employes,CH,SU7,voiture,commerce_services,fr,9.68
F,6809,68,H,55+,ouvriers,CH,SU3,voiture,commerce_services,fr,5.35
F,6809,68,H,55+,ouvriers,CH,SU5,voiture,commerce_services,fr,10.14
F,6809,68,H,55+,ouvriers,CH,SU5,voiture,industrie,fr,19.64
F,6809,68,H,55+,ouvriers,CH,SU6,voiture,commerce_services,fr,34.11
F,6809,68,H,55+,ouvriers,CH,SU6,voiture,construction,fr,34.24
F,6809,68,H,55+,ouvriers,CH,SU6,voiture,industrie,fr,9.76
F,6809,68,H,55+,ouvriers,CH,SU7,voiture,commerce_services,fr,5.17
F,6809,68,H,55+,ouvriers,CH,SU7,voiture,construction,fr,9.67
F,6809,68,H,55+,ouvriers,CH,SU7,voiture,industrie,fr,60.98
F,6809,68,H,55+,ouvriers,CH,SU8,voiture,commerce_services,fr,4.77
F,6809,68,H,55+,ouvriers,CH,SU8,voiture,industrie,fr,10.06
F,6809,68,H,55+,ouvriers,CH,SUD,voiture,commerce_services,fr,5.04
F,6809,68,H,55+,ouvriers,CH,SUD,voiture,industrie,etr,5.02
F,6809,68,H,55+,ouvriers,CH,SUD,voiture,industrie,fr,19.84
F,6809,68,H,55+,ouvriers,DE,AL3,voiture,commerce_services,fr,5.02
F,6809,68,H,55+,prof_inter,CH,SU1,voiture,commerce_services,fr,5.06
F,6809,68,H,55+,prof_inter,CH,SU6,voiture,commerce_services,fr,15.23
F,6809,68,H,55+,prof_inter,CH,SU6,voiture,industrie,fr,9.91
F,6809,68,H,55+,prof_inter,CH,SU7,voiture,commerce_services,fr,19.7
F,6809,68,H,55+,prof_inter,CH,SU7,voiture,construction,fr,4.79
F,6809,68,H,55+,prof_inter,CH,SU7,voiture,industrie,fr,24.58
F,6809,68,H,55+,prof_inter,CH,SUD,voiture,commerce_services,fr,5.13
F,6809,68,H,55+,prof_inter,DE,AL3,voiture,commerce_services,fr,4.59
F,6810-6811-6812,68,F,15-29,cadres,CH,SU6,tc,commerce_services,fr,7.1
F,6810-6811-6812,68,F,15-29,cadres,CH,SU6,tc,industrie,etr,3.47
F,6810-6811-6812,68,F,15-29,cadres,CH,SU6,tc,public_sante,fr,1.14
F,6810-6811-6812,68,F,15-29,cadres,CH,SU6,voiture,commerce_services,fr,5.01
F,6810-6811-6812,68,F,15-29,cadres,CH,SU7,voiture,industrie,fr,1.14
F,6810-6811-6812,68,F,15-29,cadres,CH,SU8,voiture,industrie,fr,1.3
F,6810-6811-6812,68,F,15-29,cadres,DE,AL3,voiture,commerce_services,fr,4.99
F,6810-6811-6812,68,F,15-29,employes,CH,SU4,voiture,commerce_services,fr,3.91
F,6810-6811-6812,68,F,15-29,employes,CH,SU6,tc,commerce_services,fr,2.61
F,6810-6811-6812,68,F,15-29,employes,CH,SU6,voiture,commerce_services,fr,14.89
F,6810-6811-6812,68,F,15-29,employes,CH,SU6,voiture,public_sante,etr,1.25
F,6810-6811-6812,68,F,15-29,employes,CH,SU6,voiture,public_sante,fr,15.49
F,6810-6811-6812,68,F,15-29,employes,CH,SU7,voiture,commerce_services,fr,3.71
F,6810-6811-6812,68,F,15-29,employes,CH,SUB,voiture,public_sante,fr,4.26
F,6810-6811-6812,68,F,15-29,employes,CH,SUD,voiture,commerce_services,fr,1.14
F,6810-6811-6812,68,F,15-29,employes,DE,AL3,voiture,commerce_services,etr,13.63
F,6810-6811-6812,68,F,15-29,employes,DE,AL3,voiture,commerce_services,fr,9.51
F,6810-6811-6812,68,F,15-29,employes,DE,AL3,voiture,industrie,etr,7.66
F,6810-6811-6812,68,F,15-29,employes,DE,AL3,voiture,industrie,fr,3.87
F,6810-6811-6812,68,F,15-29,ouvriers,CH,SU6,tc,commerce_services,fr,4.75
F,6810-6811-6812,68,F,15-29,ouvriers,CH,SU6,voiture,commerce_services,fr,3.87
F,6810-6811-6812,68,F,15-29,ouvriers,CH,SU7,voiture,industrie,fr,2.46
F,6810-6811-6812,68,F,15-29,ouvriers,CH,SUD,voiture,commerce_services,fr,3.5
F,6810-6811-6812,68,F,15-29,ouvriers,DE,AL3,voiture,commerce_services,etr,1.2
F,6810-6811-6812,68,F,15-29,ouvriers,DE,AL3,voiture,commerce_services,fr,3.77
F,6810-6811-6812,68,F,15-29,prof_inter,CH,SU1,voiture,commerce_services,fr,3.84
F,6810-6811-6812,68,F,15-29,prof_inter,CH,SU2,voiture,public_sante,fr,4.34
F,6810-6811-6812,68,F,15-29,prof_inter,CH,SU5,voiture,public_sante,fr,3.46
F,6810-6811-6812,68,F,15-29,prof_inter,CH,SU6,tc,commerce_services,etr,3.77
F,6810-6811-6812,68,F,15-29,prof_inter,CH,SU6,tc,commerce_services,fr,9.58
F,6810-6811-6812,68,F,15-29,prof_inter,CH,SU6,tc,public_sante,fr,3.55
F,6810-6811-6812,68,F,15-29,prof_inter,CH,SU6,voiture,commerce_services,etr,1.14
F,6810-6811-6812,68,F,15-29,prof_inter,CH,SU6,voiture,commerce_services,fr,3.89
F,6810-6811-6812,68,F,15-29,prof_inter,CH,SU6,voiture,industrie,fr,1.14
F,6810-6811-6812,68,F,15-29,prof_inter,CH,SU6,voiture,public_sante,fr,16.81
F,6810-6811-6812,68,F,15-29,prof_inter,CH,SU7,voiture,commerce_services,fr,1.22
F,6810-6811-6812,68,F,15-29,prof_inter,CH,SU8,voiture,commerce_services,fr,3.89
F,6810-6811-6812,68,F,15-29,prof_inter,CH,SU9,voiture,public_sante,fr,3.82
F,6810-6811-6812,68,F,15-29,prof_inter,CH,SUB,voiture,public_sante,fr,3.74
F,6810-6811-6812,68,F,15-29,prof_inter,CH,SUD,voiture,commerce_services,fr,3.11
F,6810-6811-6812,68,F,15-29,prof_inter,DE,AL3,voiture,commerce_services,fr,3.41
F,6810-6811-6812,68,F,30-44,artisans,CH,SU6,voiture,commerce_services,fr,3.89
F,6810-6811-6812,68,F,30-44,cadres,CH,SU1,velo,public_sante,fr,4.31
F,6810-6811-6812,68,F,30-44,cadres,CH,SU6,tc,commerce_services,fr,29.07
F,6810-6811-6812,68,F,30-44,cadres,CH,SU6,tc,industrie,etr,4.21
F,6810-6811-6812,68,F,30-44,cadres,CH,SU6,tc,industrie,fr,8.04
F,6810-6811-6812,68,F,30-44,cadres,CH,SU6,tc,public_sante,fr,3.71
F,6810-6811-6812,68,F,30-44,cadres,CH,SU6,voiture,commerce_services,fr,7.92
F,6810-6811-6812,68,F,30-44,cadres,CH,SU6,voiture,industrie,etr,9.84
F,6810-6811-6812,68,F,30-44,cadres,CH,SU6,voiture,industrie,fr,21.04
F,6810-6811-6812,68,F,30-44,cadres,CH,SU6,voiture,public_sante,etr,3.38
F,6810-6811-6812,68,F,30-44,cadres,CH,SU6,voiture,public_sante,fr,3.91
F,6810-6811-6812,68,F,30-44,cadres,CH,SU7,tc,commerce_services,fr,10.21
F,6810-6811-6812,68,F,30-44,cadres,CH,SU7,voiture,commerce_services,fr,3.59
F,6810-6811-6812,68,F,30-44,cadres,CH,SU7,voiture,industrie,fr,3.38
F,6810-6811-6812,68,F,30-44,cadres,CH,SU8,voiture,public_sante,fr,3.92
F,6810-6811-6812,68,F,30-44,cadres,CH,SUA,tc,industrie,fr,1.14
F,6810-6811-6812,68,F,30-44,cadres,CH,SUD,voiture,commerce_services,etr,3.51
F,6810-6811-6812,68,F,30-44,cadres,DE,AL3,tc,industrie,etr,3.82
F,6810-6811-6812,68,F,30-44,employes,CH,SU4,voiture,public_sante,fr,3.82
F,6810-6811-6812,68,F,30-44,employes,CH,SU6,tc,commerce_services,etr,7.29
F,6810-6811-6812,68,F,30-44,employes,CH,SU6,tc,commerce_services,fr,12.24
F,6810-6811-6812,68,F,30-44,employes,CH,SU6,tc,industrie,etr,3.65
F,6810-6811-6812,68,F,30-44,employes,CH,SU6,tc,industrie,fr,3.65
F,6810-6811-6812,68,F,30-44,employes,CH,SU6,tc,public_sante,etr,4.31
F,6810-6811-6812,68,F,30-44,employes,CH,SU6,tc,public_sante,fr,3.85
F,6810-6811-6812,68,F,30-44,employes,CH,SU6,voiture,commerce_services,etr,11.51
F,6810-6811-6812,68,F,30-44,employes,CH,SU6,voiture,commerce_services,fr,19.9
F,6810-6811-6812,68,F,30-44,employes,CH,SU6,voiture,industrie,fr,1.0
F,6810-6811-6812,68,F,30-44,employes,CH,SU6,voiture,public_sante,etr,3.69
F,6810-6811-6812,68,F,30-44,employes,CH,SU6,voiture,public_sante,fr,1.3
F,6810-6811-6812,68,F,30-44,employes,CH,SU7,marche,commerce_services,etr,3.39
F,6810-6811-6812,68,F,30-44,employes,CH,SU7,tc,commerce_services,fr,3.6
F,6810-6811-6812,68,F,30-44,employes,CH,SU7,voiture,commerce_services,etr,3.44
F,6810-6811-6812,68,F,30-44,employes,CH,SU7,voiture,industrie,fr,3.63
F,6810-6811-6812,68,F,30-44,employes,DE,AL1,velo,commerce_services,etr,4.69
F,6810-6811-6812,68,F,30-44,employes,DE,AL2,voiture,commerce_services,fr,3.47
F,6810-6811-6812,68,F,30-44,employes,DE,AL2,voiture,public_sante,fr,3.3
F,6810-6811-6812,68,F,30-44,employes,DE,AL3,voiture,commerce_services,etr,3.52
F,6810-6811-6812,68,F,30-44,employes,DE,AL3,voiture,commerce_services,fr,1.3
F,6810-6811-6812,68,F,30-44,employes,DE,AL3,voiture,industrie,etr,3.61
F,6810-6811-6812,68,F,30-44,ouvriers,CH,SU2,voiture,commerce_services,fr,2.53
F,6810-6811-6812,68,F,30-44,ouvriers,CH,SU6,tc,commerce_services,fr,3.86
F,6810-6811-6812,68,F,30-44,ouvriers,CH,SU6,voiture,commerce_services,etr,3.81
F,6810-6811-6812,68,F,30-44,ouvriers,CH,SU6,voiture,commerce_services,fr,4.85
F,6810-6811-6812,68,F,30-44,ouvriers,CH,SU6,voiture,industrie,fr,8.17
F,6810-6811-6812,68,F,30-44,ouvriers,CH,SU7,tc,commerce_services,fr,4.05
F,6810-6811-6812,68,F,30-44,ouvriers,DE,AL2,voiture,commerce_services,fr,1.46
F,6810-6811-6812,68,F,30-44,ouvriers,DE,AL3,voiture,commerce_services,etr,1.36
F,6810-6811-6812,68,F,30-44,ouvriers,DE,AL3,voiture,industrie,fr,1.32
F,6810-6811-6812,68,F,30-44,prof_inter,CH,SU1,voiture,commerce_services,fr,3.96
F,6810-6811-6812,68,F,30-44,prof_inter,CH,SU2,voiture,commerce_services,fr,3.75
F,6810-6811-6812,68,F,30-44,prof_inter,CH,SU6,tc,commerce_services,fr,8.25
F,6810-6811-6812,68,F,30-44,prof_inter,CH,SU6,tc,public_sante,etr,3.47
F,6810-6811-6812,68,F,30-44,prof_inter,CH,SU6,voiture,commerce_services,fr,3.81
F,6810-6811-6812,68,F,30-44,prof_inter,CH,SU6,voiture,industrie,fr,7.02
F,6810-6811-6812,68,F,30-44,prof_inter,CH,SU6,voiture,public_sante,fr,5.28
F,6810-6811-6812,68,F,30-44,prof_inter,CH,SU7,tc,public_sante,fr,3.77
F,6810-6811-6812,68,F,30-44,prof_inter,CH,SU7,voiture,commerce_services,fr,3.42
F,6810-6811-6812,68,F,30-44,prof_inter,CH,SU8,tc,industrie,fr,3.43
F,6810-6811-6812,68,F,30-44,prof_inter,CH,SU8,voiture,industrie,etr,3.74
F,6810-6811-6812,68,F,30-44,prof_inter,CH,SUD,voiture,commerce_services,fr,3.68
F,6810-6811-6812,68,F,30-44,prof_inter,DE,AL3,voiture,industrie,fr,3.91
F,6810-6811-6812,68,F,30-44,prof_inter,DE,AL3,voiture,public_sante,fr,5.03
F,6810-6811-6812,68,F,45-54,artisans,CH,SU6,tc,commerce_services,fr,3.61
F,6810-6811-6812,68,F,45-54,artisans,autre,ZZZ,voiture,commerce_services,fr,3.95
F,6810-6811-6812,68,F,45-54,cadres,CH,SU6,tc,commerce_services,etr,3.51
F,6810-6811-6812,68,F,45-54,cadres,CH,SU6,tc,commerce_services,fr,8.27
F,6810-6811-6812,68,F,45-54,cadres,CH,SU6,tc,industrie,fr,3.55
F,6810-6811-6812,68,F,45-54,cadres,CH,SU6,tc,public_sante,fr,4.21
F,6810-6811-6812,68,F,45-54,cadres,CH,SU6,voiture,commerce_services,etr,3.51
F,6810-6811-6812,68,F,45-54,cadres,CH,SU6,voiture,commerce_services,fr,10.98
F,6810-6811-6812,68,F,45-54,cadres,CH,SU6,voiture,industrie,fr,18.4
F,6810-6811-6812,68,F,45-54,cadres,CH,SU6,voiture,public_sante,fr,5.81
F,6810-6811-6812,68,F,45-54,cadres,CH,SU7,tc,commerce_services,fr,3.59
F,6810-6811-6812,68,F,45-54,cadres,CH,SU7,tc,industrie,fr,6.6
F,6810-6811-6812,68,F,45-54,cadres,CH,SU7,voiture,industrie,fr,1.3
F,6810-6811-6812,68,F,45-54,cadres,DE,AL3,tc,commerce_services,etr,3.3
F,6810-6811-6812,68,F,45-54,cadres,autre,ZZZ,tc,commerce_services,fr,3.63
F,6810-6811-6812,68,F,45-54,employes,CH,SU6,deux_roues,commerce_services,fr,3.81
F,6810-6811-6812,68,F,45-54,employes,CH,SU6,tc,commerce_services,etr,1.21
F,6810-6811-6812,68,F,45-54,employes,CH,SU6,tc,commerce_services,fr,7.62
F,6810-6811-6812,68,F,45-54,employes,CH,SU6,voiture,commerce_services,etr,3.87
F,6810-6811-6812,68,F,45-54,employes,CH,SU6,voiture,commerce_services,fr,26.78
F,6810-6811-6812,68,F,45-54,employes,CH,SU6,voiture,industrie,fr,3.52
F,6810-6811-6812,68,F,45-54,employes,CH,SU6,voiture,public_sante,fr,12.09
F,6810-6811-6812,68,F,45-54,employes,CH,SU7,tc,public_sante,fr,4.11
F,6810-6811-6812,68,F,45-54,employes,CH,SU7,voiture,commerce_services,fr,3.87
F,6810-6811-6812,68,F,45-54,employes,CH,SU9,voiture,commerce_services,etr,3.82
F,6810-6811-6812,68,F,45-54,employes,DE,AL3,voiture,commerce_services,fr,7.83
F,6810-6811-6812,68,F,45-54,ouvriers,CH,SU6,voiture,commerce_services,fr,15.23
F,6810-6811-6812,68,F,45-54,ouvriers,CH,SU6,voiture,industrie,fr,4.3
F,6810-6811-6812,68,F,45-54,ouvriers,CH,SU7,voiture,commerce_services,fr,3.72
F,6810-6811-6812,68,F,45-54,ouvriers,CH,SU7,voiture,industrie,fr,3.75
F,6810-6811-6812,68,F,45-54,ouvriers,DE,AL3,voiture,commerce_services,fr,10.54
F,6810-6811-6812,68,F,45-54,ouvriers,DE,AL3,voiture,industrie,etr,3.42
F,6810-6811-6812,68,F,45-54,ouvriers,DE,AL3,voiture,industrie,fr,7.59
F,6810-6811-6812,68,F,45-54,prof_inter,CH,SU6,tc,commerce_services,etr,3.85
F,6810-6811-6812,68,F,45-54,prof_inter,CH,SU6,tc,commerce_services,fr,4.31
F,6810-6811-6812,68,F,45-54,prof_inter,CH,SU6,tc,industrie,fr,13.62
F,6810-6811-6812,68,F,45-54,prof_inter,CH,SU6,tc,public_sante,fr,8.16
F,6810-6811-6812,68,F,45-54,prof_inter,CH,SU6,velo,commerce_services,fr,1.21
F,6810-6811-6812,68,F,45-54,prof_inter,CH,SU6,voiture,commerce_services,fr,10.93
F,6810-6811-6812,68,F,45-54,prof_inter,CH,SU6,voiture,industrie,fr,4.78
F,6810-6811-6812,68,F,45-54,prof_inter,CH,SU6,voiture,public_sante,fr,3.84
F,6810-6811-6812,68,F,45-54,prof_inter,CH,SU7,voiture,commerce_services,fr,3.51
F,6810-6811-6812,68,F,45-54,prof_inter,CH,SU9,voiture,commerce_services,fr,4.05
F,6810-6811-6812,68,F,45-54,prof_inter,CH,SUD,voiture,public_sante,fr,10.71
F,6810-6811-6812,68,F,45-54,prof_inter,DE,AL3,tc,commerce_services,etr,3.87
F,6810-6811-6812,68,F,45-54,prof_inter,DE,AL3,voiture,industrie,fr,2.63
F,6810-6811-6812,68,F,55+,cadres,CH,SU6,voiture,commerce_services,fr,4.15
F,6810-6811-6812,68,F,55+,cadres,CH,SU6,voiture,industrie,fr,7.02
F,6810-6811-6812,68,F,55+,cadres,CH,SU6,voiture,public_sante,fr,3.42
F,6810-6811-6812,68,F,55+,cadres,CH,SU7,tc,commerce_services,fr,3.51
F,6810-6811-6812,68,F,55+,cadres,CH,SU8,tc,industrie,fr,4.05
F,6810-6811-6812,68,F,55+,cadres,autre,ZZZ,voiture,commerce_services,etr,3.89
F,6810-6811-6812,68,F,55+,employes,CH,SU6,tc,commerce_services,fr,8.28
F,6810-6811-6812,68,F,55+,employes,CH,SU6,tc,public_sante,etr,4.73
F,6810-6811-6812,68,F,55+,employes,CH,SU6,tc,public_sante,fr,3.87
F,6810-6811-6812,68,F,55+,employes,CH,SU6,voiture,commerce_services,etr,3.81
F,6810-6811-6812,68,F,55+,employes,CH,SU6,voiture,commerce_services,fr,8.81
F,6810-6811-6812,68,F,55+,employes,CH,SU6,voiture,industrie,fr,14.85
F,6810-6811-6812,68,F,55+,employes,CH,SU6,voiture,public_sante,fr,6.89
F,6810-6811-6812,68,F,55+,employes,CH,SU7,voiture,commerce_services,fr,7.74
F,6810-6811-6812,68,F,55+,employes,CH,SU9,voiture,public_sante,fr,3.52
F,6810-6811-6812,68,F,55+,employes,CH,SUD,voiture,commerce_services,fr,3.68
F,6810-6811-6812,68,F,55+,employes,CH,SUD,voiture,public_sante,fr,3.96
F,6810-6811-6812,68,F,55+,employes,DE,AL3,voiture,commerce_services,fr,8.1
F,6810-6811-6812,68,F,55+,employes,DE,AL3,voiture,industrie,etr,3.89
F,6810-6811-6812,68,F,55+,employes,DE,AL3,voiture,public_sante,etr,3.69
F,6810-6811-6812,68,F,55+,employes,DE,AL3,voiture,public_sante,fr,3.42
F,6810-6811-6812,68,F,55+,ouvriers,CH,SU6,tc,industrie,fr,4.06
F,6810-6811-6812,68,F,55+,ouvriers,CH,SU7,voiture,commerce_services,fr,3.83
F,6810-6811-6812,68,F,55+,ouvriers,CH,SU7,voiture,industrie,fr,1.18
F,6810-6811-6812,68,F,55+,ouvriers,DE,AL3,voiture,commerce_services,etr,8.16
F,6810-6811-6812,68,F,55+,ouvriers,DE,AL3,voiture,commerce_services,fr,6.99
F,6810-6811-6812,68,F,55+,ouvriers,DE,AL3,voiture,industrie,fr,1.3
F,6810-6811-6812,68,F,55+,prof_inter,CH,SU1,tc,commerce_services,fr,3.44
F,6810-6811-6812,68,F,55+,prof_inter,CH,SU1,voiture,commerce_services,fr,7.75
F,6810-6811-6812,68,F,55+,prof_inter,CH,SU2,tc,public_sante,etr,3.65
F,6810-6811-6812,68,F,55+,prof_inter,CH,SU6,tc,commerce_services,fr,1.31
F,6810-6811-6812,68,F,55+,prof_inter,CH,SU6,tc,industrie,fr,3.63
F,6810-6811-6812,68,F,55+,prof_inter,CH,SU6,tc,public_sante,etr,3.61
F,6810-6811-6812,68,F,55+,prof_inter,CH,SU6,voiture,commerce_services,fr,3.55
F,6810-6811-6812,68,F,55+,prof_inter,CH,SU6,voiture,public_sante,fr,3.52
F,6810-6811-6812,68,F,55+,prof_inter,CH,SU7,voiture,commerce_services,fr,3.39
F,6810-6811-6812,68,F,55+,prof_inter,CH,SUD,voiture,public_sante,fr,4.27
F,6810-6811-6812,68,F,55+,prof_inter,DE,AL3,voiture,industrie,etr,3.61
F,6810-6811-6812,68,H,15-29,cadres,CH,SU6,tc,commerce_services,fr,8.76
F,6810-6811-6812,68,H,15-29,cadres,CH,SU6,tc,public_sante,fr,3.36
F,6810-6811-6812,68,H,15-29,cadres,CH,SU6,voiture,commerce_services,fr,12.33
F,6810-6811-6812,68,H,15-29,cadres,CH,SU7,voiture,industrie,fr,8.17
F,6810-6811-6812,68,H,15-29,cadres,CH,SU7,voiture,public_sante,fr,3.36
F,6810-6811-6812,68,H,15-29,cadres,CH,SU8,voiture,commerce_services,fr,4.11
F,6810-6811-6812,68,H,15-29,cadres,CH,SU9,voiture,industrie,fr,1.21
F,6810-6811-6812,68,H,15-29,cadres,DE,AL3,voiture,commerce_services,fr,3.04
F,6810-6811-6812,68,H,15-29,employes,CH,SU6,deux_roues,commerce_services,fr,7.48
F,6810-6811-6812,68,H,15-29,employes,CH,SU6,tc,commerce_services,fr,1.14
F,6810-6811-6812,68,H,15-29,employes,CH,SU6,voiture,commerce_services,etr,3.72
F,6810-6811-6812,68,H,15-29,employes,CH,SU6,voiture,commerce_services,fr,15.61
F,6810-6811-6812,68,H,15-29,employes,CH,SU7,voiture,commerce_services,etr,3.75
F,6810-6811-6812,68,H,15-29,employes,CH,SU7,voiture,commerce_services,fr,3.59
F,6810-6811-6812,68,H,15-29,employes,CH,SU9,tc,public_sante,fr,3.96
F,6810-6811-6812,68,H,15-29,employes,DE,AL3,voiture,commerce_services,fr,3.22
F,6810-6811-6812,68,H,15-29,ouvriers,CH,SU1,voiture,construction,fr,3.97
F,6810-6811-6812,68,H,15-29,ouvriers,CH,SU5,voiture,commerce_services,fr,1.32
F,6810-6811-6812,68,H,15-29,ouvriers,CH,SU6,tc,commerce_services,fr,3.6
F,6810-6811-6812,68,H,15-29,ouvriers,CH,SU6,voiture,commerce_services,fr,73.46
F,6810-6811-6812,68,H,15-29,ouvriers,CH,SU6,voiture,construction,fr,4.23
F,6810-6811-6812,68,H,15-29,ouvriers,CH,SU6,voiture,industrie,etr,3.47
F,6810-6811-6812,68,H,15-29,ouvriers,CH,SU6,voiture,industrie,fr,36.68
F,6810-6811-6812,68,H,15-29,ouvriers,CH,SU7,tc,commerce_services,etr,3.86
F,6810-6811-6812,68,H,15-29,ouvriers,CH,SU7,voiture,commerce_services,fr,8.87
F,6810-6811-6812,68,H,15-29,ouvriers,CH,SU7,voiture,construction,fr,3.43
F,6810-6811-6812,68,H,15-29,ouvriers,CH,SU7,voiture,industrie,fr,5.25
F,6810-6811-6812,68,H,15-29,ouvriers,CH,SU7,voiture,public_sante,fr,6.87
F,6810-6811-6812,68,H,15-29,ouvriers,CH,SU8,voiture,commerce_services,etr,6.98
F,6810-6811-6812,68,H,15-29,ouvriers,CH,SU8,voiture,commerce_services,fr,6.98
F,6810-6811-6812,68,H,15-29,ouvriers,CH,SUC,voiture,commerce_services,fr,3.84
F,6810-6811-6812,68,H,15-29,ouvriers,CH,SUD,voiture,commerce_services,fr,3.59
F,6810-6811-6812,68,H,15-29,ouvriers,DE,AL3,voiture,commerce_services,etr,3.65
F,6810-6811-6812,68,H,15-29,ouvriers,DE,AL3,voiture,commerce_services,fr,4.86
F,6810-6811-6812,68,H,15-29,ouvriers,DE,AL3,voiture,construction,fr,6.9
F,6810-6811-6812,68,H,15-29,ouvriers,autre,ZZZ,velo,commerce_services,fr,1.32
F,6810-6811-6812,68,H,15-29,prof_inter,CH,SU1,voiture,commerce_services,fr,4.21
F,6810-6811-6812,68,H,15-29,prof_inter,CH,SU1,voiture,public_sante,fr,4.12
F,6810-6811-6812,68,H,15-29,prof_inter,CH,SU2,voiture,commerce_services,fr,3.53
F,6810-6811-6812,68,H,15-29,prof_inter,CH,SU2,voiture,industrie,fr,3.89
F,6810-6811-6812,68,H,15-29,prof_inter,CH,SU2,voiture,public_sante,fr,3.63
F,6810-6811-6812,68,H,15-29,prof_inter,CH,SU4,voiture,public_sante,fr,4.69
F,6810-6811-6812,68,H,15-29,prof_inter,CH,SU6,marche,commerce_services,fr,3.86
F,6810-6811-6812,68,H,15-29,prof_inter,CH,SU6,tc,commerce_services,fr,7.2
F,6810-6811-6812,68,H,15-29,prof_inter,CH,SU6,tc,industrie,fr,8.24
F,6810-6811-6812,68,H,15-29,prof_inter,CH,SU6,tc,public_sante,fr,1.22
F,6810-6811-6812,68,H,15-29,prof_inter,CH,SU6,voiture,commerce_services,fr,19.44
F,6810-6811-6812,68,H,15-29,prof_inter,CH,SU6,voiture,industrie,fr,7.76
F,6810-6811-6812,68,H,15-29,prof_inter,CH,SU7,voiture,commerce_services,fr,3.44
F,6810-6811-6812,68,H,15-29,prof_inter,CH,SUD,voiture,industrie,fr,3.85
F,6810-6811-6812,68,H,15-29,prof_inter,CH,SUD,voiture,public_sante,fr,3.81
F,6810-6811-6812,68,H,15-29,prof_inter,DE,AL3,voiture,industrie,fr,4.21
F,6810-6811-6812,68,H,15-29,prof_inter,autre,ZZZ,voiture,commerce_services,fr,2.97
F,6810-6811-6812,68,H,30-44,cadres,CH,SU1,tc,commerce_services,etr,1.19
F,6810-6811-6812,68,H,30-44,cadres,CH,SU1,tc,commerce_services,fr,14.53
F,6810-6811-6812,68,H,30-44,cadres,CH,SU1,tc,industrie,fr,4.27
F,6810-6811-6812,68,H,30-44,cadres,CH,SU1,voiture,commerce_services,fr,12.15
F,6810-6811-6812,68,H,30-44,cadres,CH,SU1,voiture,industrie,fr,3.78
F,6810-6811-6812,68,H,30-44,cadres,CH,SU2,voiture,commerce_services,fr,1.25
F,6810-6811-6812,68,H,30-44,cadres,CH,SU5,tc,commerce_services,fr,1.24
F,6810-6811-6812,68,H,30-44,cadres,CH,SU6,tc,commerce_services,fr,28.88
F,6810-6811-6812,68,H,30-44,cadres,CH,SU6,tc,industrie,etr,8.75
F,6810-6811-6812,68,H,30-44,cadres,CH,SU6,tc,industrie,fr,14.85
F,6810-6811-6812,68,H,30-44,cadres,CH,SU6,tc,public_sante,fr,1.22
F,6810-6811-6812,68,H,30-44,cadres,CH,SU6,voiture,commerce_services,etr,3.47
F,6810-6811-6812,68,H,30-44,cadres,CH,SU6,voiture,commerce_services,fr,38.92
F,6810-6811-6812,68,H,30-44,cadres,CH,SU6,voiture,construction,fr,4.14
F,6810-6811-6812,68,H,30-44,cadres,CH,SU6,voiture,industrie,fr,3.59
F,6810-6811-6812,68,H,30-44,cadres,CH,SU6,voiture,public_sante,etr,3.39
F,6810-6811-6812,68,H,30-44,cadres,CH,SU6,voiture,public_sante,fr,3.71
F,6810-6811-6812,68,H,30-44,cadres,CH,SU7,tc,commerce_services,fr,3.63
F,6810-6811-6812,68,H,30-44,cadres,CH,SU7,tc,industrie,etr,3.97
F,6810-6811-6812,68,H,30-44,cadres,CH,SU7,tc,industrie,fr,3.91
F,6810-6811-6812,68,H,30-44,cadres,CH,SU7,tc,public_sante,etr,3.7
F,6810-6811-6812,68,H,30-44,cadres,CH,SU7,voiture,commerce_services,fr,3.39
F,6810-6811-6812,68,H,30-44,cadres,CH,SU7,voiture,industrie,fr,3.87
F,6810-6811-6812,68,H,30-44,cadres,CH,SU8,voiture,commerce_services,fr,3.14
F,6810-6811-6812,68,H,30-44,cadres,CH,SUB,voiture,commerce_services,fr,1.33
F,6810-6811-6812,68,H,30-44,cadres,CH,SUD,voiture,commerce_services,fr,3.97
F,6810-6811-6812,68,H,30-44,cadres,CH,SUD,voiture,public_sante,etr,4.31
F,6810-6811-6812,68,H,30-44,cadres,DE,AL3,voiture,commerce_services,etr,7.65
F,6810-6811-6812,68,H,30-44,cadres,DE,AL3,voiture,commerce_services,fr,7.29
F,6810-6811-6812,68,H,30-44,cadres,DE,AL3,voiture,public_sante,etr,3.61
F,6810-6811-6812,68,H,30-44,cadres,DE,AL3,voiture,public_sante,fr,3.6
F,6810-6811-6812,68,H,30-44,employes,CH,SU5,voiture,commerce_services,fr,3.85
F,6810-6811-6812,68,H,30-44,employes,CH,SU6,tc,commerce_services,etr,3.42
F,6810-6811-6812,68,H,30-44,employes,CH,SU6,tc,commerce_services,fr,11.51
F,6810-6811-6812,68,H,30-44,employes,CH,SU6,voiture,commerce_services,fr,30.4
F,6810-6811-6812,68,H,30-44,employes,CH,SU6,voiture,industrie,fr,4.79
F,6810-6811-6812,68,H,30-44,employes,CH,SU6,voiture,public_sante,etr,3.52
F,6810-6811-6812,68,H,30-44,employes,CH,SU6,voiture,public_sante,fr,1.37
F,6810-6811-6812,68,H,30-44,employes,CH,SU7,voiture,commerce_services,etr,7.55
F,6810-6811-6812,68,H,30-44,employes,DE,AL3,voiture,commerce_services,etr,3.74
F,6810-6811-6812,68,H,30-44,employes,DE,AL3,voiture,commerce_services,fr,3.3
F,6810-6811-6812,68,H,30-44,ouvriers,CH,SU1,voiture,commerce_services,fr,3.36
F,6810-6811-6812,68,H,30-44,ouvriers,CH,SU2,voiture,commerce_services,fr,4.92
F,6810-6811-6812,68,H,30-44,ouvriers,CH,SU3,voiture,commerce_services,fr,3.41
F,6810-6811-6812,68,H,30-44,ouvriers,CH,SU4,voiture,commerce_services,fr,5.0
F,6810-6811-6812,68,H,30-44,ouvriers,CH,SU4,voiture,industrie,fr,7.45
F,6810-6811-6812,68,H,30-44,ouvriers,CH,SU5,voiture,commerce_services,fr,8.96
F,6810-6811-6812,68,H,30-44,ouvriers,CH,SU6,deux_roues,commerce_services,fr,3.45
F,6810-6811-6812,68,H,30-44,ouvriers,CH,SU6,tc,commerce_services,fr,1.22
F,6810-6811-6812,68,H,30-44,ouvriers,CH,SU6,tc,industrie,fr,1.22
F,6810-6811-6812,68,H,30-44,ouvriers,CH,SU6,voiture,commerce_services,etr,7.29
F,6810-6811-6812,68,H,30-44,ouvriers,CH,SU6,voiture,commerce_services,fr,86.35
F,6810-6811-6812,68,H,30-44,ouvriers,CH,SU6,voiture,construction,etr,7.27
F,6810-6811-6812,68,H,30-44,ouvriers,CH,SU6,voiture,construction,fr,32.67
F,6810-6811-6812,68,H,30-44,ouvriers,CH,SU6,voiture,industrie,etr,3.82
F,6810-6811-6812,68,H,30-44,ouvriers,CH,SU6,voiture,industrie,fr,41.03
F,6810-6811-6812,68,H,30-44,ouvriers,CH,SU6,voiture,public_sante,fr,1.18
F,6810-6811-6812,68,H,30-44,ouvriers,CH,SU7,tc,construction,fr,4.32
F,6810-6811-6812,68,H,30-44,ouvriers,CH,SU7,voiture,commerce_services,etr,3.68
F,6810-6811-6812,68,H,30-44,ouvriers,CH,SU7,voiture,commerce_services,fr,28.47
F,6810-6811-6812,68,H,30-44,ouvriers,CH,SU7,voiture,construction,etr,4.81
F,6810-6811-6812,68,H,30-44,ouvriers,CH,SU7,voiture,construction,fr,17.99
F,6810-6811-6812,68,H,30-44,ouvriers,CH,SU7,voiture,industrie,fr,17.25
F,6810-6811-6812,68,H,30-44,ouvriers,CH,SU8,voiture,commerce_services,fr,2.66
F,6810-6811-6812,68,H,30-44,ouvriers,CH,SU8,voiture,industrie,fr,4.75
F,6810-6811-6812,68,H,30-44,ouvriers,CH,SU9,voiture,industrie,etr,3.85
F,6810-6811-6812,68,H,30-44,ouvriers,CH,SUB,voiture,commerce_services,fr,7.17
F,6810-6811-6812,68,H,30-44,ouvriers,CH,SUC,tc,commerce_services,fr,3.36
F,6810-6811-6812,68,H,30-44,ouvriers,CH,SUC,voiture,commerce_services,fr,7.34
F,6810-6811-6812,68,H,30-44,ouvriers,CH,SUC,voiture,industrie,fr,3.75
F,6810-6811-6812,68,H,30-44,ouvriers,CH,SUD,voiture,construction,fr,3.22
F,6810-6811-6812,68,H,30-44,ouvriers,DE,AL2,voiture,commerce_services,fr,3.68
F,6810-6811-6812,68,H,30-44,ouvriers,DE,AL3,voiture,commerce_services,etr,18.43
F,6810-6811-6812,68,H,30-44,ouvriers,DE,AL3,voiture,commerce_services,fr,3.77
F,6810-6811-6812,68,H,30-44,ouvriers,DE,AL3,voiture,construction,fr,3.59
F,6810-6811-6812,68,H,30-44,ouvriers,DE,AL3,voiture,industrie,etr,3.89
F,6810-6811-6812,68,H,30-44,ouvriers,DE,AL3,voiture,industrie,fr,8.72
F,6810-6811-6812,68,H,30-44,ouvriers,DE,AL3,voiture,public_sante,fr,3.85
F,6810-6811-6812,68,H,30-44,prof_inter,CH,SU2,voiture,commerce_services,fr,1.22
F,6810-6811-6812,68,H,30-44,prof_inter,CH,SU4,voiture,public_sante,fr,5.0
F,6810-6811-6812,68,H,30-44,prof_inter,CH,SU5,voiture,commerce_services,fr,3.58
F,6810-6811-6812,68,H,30-44,prof_inter,CH,SU5,voiture,industrie,fr,1.49
F,6810-6811-6812,68,H,30-44,prof_inter,CH,SU6,tc,commerce_services,etr,7.13
F,6810-6811-6812,68,H,30-44,prof_inter,CH,SU6,tc,commerce_services,fr,6.95
F,6810-6811-6812,68,H,30-44,prof_inter,CH,SU6,tc,public_sante,fr,3.43
F,6810-6811-6812,68,H,30-44,prof_inter,CH,SU6,voiture,commerce_services,etr,1.0
F,6810-6811-6812,68,H,30-44,prof_inter,CH,SU6,voiture,commerce_services,fr,22.42
F,6810-6811-6812,68,H,30-44,prof_inter,CH,SU6,voiture,industrie,fr,12.0
F,6810-6811-6812,68,H,30-44,prof_inter,CH,SU6,voiture,public_sante,etr,1.0
F,6810-6811-6812,68,H,30-44,prof_inter,CH,SU7,voiture,commerce_services,fr,10.5
F,6810-6811-6812,68,H,30-44,prof_inter,CH,SU7,voiture,construction,fr,1.18
F,6810-6811-6812,68,H,30-44,prof_inter,CH,SU7,voiture,industrie,fr,7.26
F,6810-6811-6812,68,H,30-44,prof_inter,CH,SU8,voiture,industrie,fr,3.43
F,6810-6811-6812,68,H,30-44,prof_inter,CH,SU9,voiture,commerce_services,fr,7.64
F,6810-6811-6812,68,H,30-44,prof_inter,CH,SU9,voiture,public_sante,fr,3.14
F,6810-6811-6812,68,H,30-44,prof_inter,CH,SUC,voiture,industrie,fr,3.41
F,6810-6811-6812,68,H,30-44,prof_inter,CH,SUC,voiture,public_sante,fr,3.84
F,6810-6811-6812,68,H,30-44,prof_inter,DE,AL3,voiture,commerce_services,fr,5.0
F,6810-6811-6812,68,H,30-44,prof_inter,DE,AL3,voiture,industrie,fr,3.85
F,6810-6811-6812,68,H,45-54,artisans,CH,SU6,voiture,commerce_services,fr,6.8
F,6810-6811-6812,68,H,45-54,artisans,CH,SU7,voiture,commerce_services,fr,3.41
F,6810-6811-6812,68,H,45-54,artisans,DE,AL3,voiture,construction,fr,3.5
F,6810-6811-6812,68,H,45-54,cadres,CH,SU1,tc,commerce_services,fr,7.26
F,6810-6811-6812,68,H,45-54,cadres,CH,SU5,tc,commerce_services,fr,3.95
F,6810-6811-6812,68,H,45-54,cadres,CH,SU6,tc,commerce_services,etr,3.51
F,6810-6811-6812,68,H,45-54,cadres,CH,SU6,tc,commerce_services,fr,36.59
F,6810-6811-6812,68,H,45-54,cadres,CH,SU6,tc,industrie,etr,3.87
F,6810-6811-6812,68,H,45-54,cadres,CH,SU6,tc,industrie,fr,11.89
F,6810-6811-6812,68,H,45-54,cadres,CH,SU6,voiture,commerce_services,fr,31.43
F,6810-6811-6812,68,H,45-54,cadres,CH,SU6,voiture,industrie,fr,15.81
F,6810-6811-6812,68,H,45-54,cadres,CH,SU6,voiture,public_sante,fr,3.55
F,6810-6811-6812,68,H,45-54,cadres,CH,SU7,tc,commerce_services,fr,1.22
F,6810-6811-6812,68,H,45-54,cadres,CH,SU7,voiture,commerce_services,fr,3.55
F,6810-6811-6812,68,H,45-54,cadres,CH,SU7,voiture,construction,fr,3.49
F,6810-6811-6812,68,H,45-54,cadres,CH,SU8,tc,industrie,fr,3.87
F,6810-6811-6812,68,H,45-54,cadres,CH,SU8,voiture,industrie,fr,4.78
F,6810-6811-6812,68,H,45-54,cadres,DE,AL3,voiture,industrie,fr,3.96
F,6810-6811-6812,68,H,45-54,cadres,autre,ZZZ,voiture,industrie,etr,3.95
F,6810-6811-6812,68,H,45-54,employes,CH,SU6,tc,commerce_services,fr,4.97
F,6810-6811-6812,68,H,45-54,employes,CH,SU6,voiture,commerce_services,fr,7.74
F,6810-6811-6812,68,H,45-54,employes,CH,SU7,voiture,commerce_services,fr,7.35
F,6810-6811-6812,68,H,45-54,employes,CH,SU9,voiture,public_sante,etr,3.82
F,6810-6811-6812,68,H,45-54,employes,DE,AL2,voiture,commerce_services,etr,1.21
F,6810-6811-6812,68,H,45-54,employes,DE,AL3,voiture,commerce_services,etr,3.22
F,6810-6811-6812,68,H,45-54,employes,DE,AL3,voiture,commerce_services,fr,4.08
F,6810-6811-6812,68,H,45-54,employes,DE,AL3,voiture,industrie,fr,3.46
F,6810-6811-6812,68,H,45-54,ouvriers,CH,SU2,voiture,commerce_services,etr,3.75
F,6810-6811-6812,68,H,45-54,ouvriers,CH,SU4,voiture,construction,fr,1.36
F,6810-6811-6812,68,H,45-54,ouvriers,CH,SU5,deux_roues,construction,fr,3.95
F,6810-6811-6812,68,H,45-54,ouvriers,CH,SU6,tc,commerce_services,fr,8.21
F,6810-6811-6812,68,H,45-54,ouvriers,CH,SU6,tc,construction,fr,3.81
F,6810-6811-6812,68,H,45-54,ouvriers,CH,SU6,tc,industrie,fr,2.89
F,6810-6811-6812,68,H,45-54,ouvriers,CH,SU6,velo,commerce_services,fr,7.67
F,6810-6811-6812,68,H,45-54,ouvriers,CH,SU6,velo,industrie,fr,3.65
F,6810-6811-6812,68,H,45-54,ouvriers,CH,SU6,voiture,commerce_services,fr,42.15
F,6810-6811-6812,68,H,45-54,ouvriers,CH,SU6,voiture,construction,etr,1.3
F,6810-6811-6812,68,H,45-54,ouvriers,CH,SU6,voiture,construction,fr,40.86
F,6810-6811-6812,68,H,45-54,ouvriers,CH,SU6,voiture,industrie,fr,13.76
F,6810-6811-6812,68,H,45-54,ouvriers,CH,SU6,voiture,public_sante,fr,4.57
F,6810-6811-6812,68,H,45-54,ouvriers,CH,SU7,voiture,commerce_services,fr,22.47
F,6810-6811-6812,68,H,45-54,ouvriers,CH,SU7,voiture,construction,etr,1.25
F,6810-6811-6812,68,H,45-54,ouvriers,CH,SU7,voiture,industrie,fr,14.89
F,6810-6811-6812,68,H,45-54,ouvriers,CH,SU8,voiture,commerce_services,fr,7.56
F,6810-6811-6812,68,H,45-54,ouvriers,CH,SU8,voiture,construction,fr,1.14
F,6810-6811-6812,68,H,45-54,ouvriers,CH,SU9,voiture,commerce_services,fr,7.44
F,6810-6811-6812,68,H,45-54,ouvriers,CH,SUA,tc,commerce_services,fr,3.92
F,6810-6811-6812,68,H,45-54,ouvriers,CH,SUD,voiture,industrie,fr,3.83
F,6810-6811-6812,68,H,45-54,ouvriers,DE,AL2,voiture,commerce_services,fr,3.46
F,6810-6811-6812,68,H,45-54,ouvriers,DE,AL3,voiture,commerce_services,etr,11.36
F,6810-6811-6812,68,H,45-54,ouvriers,DE,AL3,voiture,commerce_services,fr,7.47
F,6810-6811-6812,68,H,45-54,ouvriers,DE,AL3,voiture,industrie,etr,4.21
F,6810-6811-6812,68,H,45-54,ouvriers,DE,AL3,voiture,industrie,fr,4.94
F,6810-6811-6812,68,H,45-54,ouvriers,DE,AL6,voiture,industrie,fr,3.54
F,6810-6811-6812,68,H,45-54,prof_inter,CH,SU6,tc,construction,fr,3.97
F,6810-6811-6812,68,H,45-54,prof_inter,CH,SU6,voiture,commerce_services,etr,3.47
F,6810-6811-6812,68,H,45-54,prof_inter,CH,SU6,voiture,commerce_services,fr,8.86
F,6810-6811-6812,68,H,45-54,prof_inter,CH,SU6,voiture,construction,fr,3.89
F,6810-6811-6812,68,H,45-54,prof_inter,CH,SU6,voiture,industrie,fr,11.32
F,6810-6811-6812,68,H,45-54,prof_inter,CH,SU7,voiture,industrie,fr,6.91
F,6810-6811-6812,68,H,45-54,prof_inter,CH,SU9,tc,commerce_services,etr,1.22
F,6810-6811-6812,68,H,45-54,prof_inter,DE,AL3,tc,industrie,etr,3.65
F,6810-6811-6812,68,H,45-54,prof_inter,DE,AL3,tc,public_sante,etr,3.82
F,6810-6811-6812,68,H,45-54,prof_inter,DE,AL3,voiture,commerce_services,etr,3.74
F,6810-6811-6812,68,H,45-54,prof_inter,DE,AL3,voiture,industrie,etr,3.42
F,6810-6811-6812,68,H,55+,cadres,CH,SU1,voiture,commerce_services,fr,3.59
F,6810-6811-6812,68,H,55+,cadres,CH,SU4,voiture,commerce_services,fr,1.49
F,6810-6811-6812,68,H,55+,cadres,CH,SU6,marche,industrie,fr,1.14
F,6810-6811-6812,68,H,55+,cadres,CH,SU6,tc,commerce_services,fr,17.51
F,6810-6811-6812,68,H,55+,cadres,CH,SU6,tc,industrie,fr,10.69
F,6810-6811-6812,68,H,55+,cadres,CH,SU6,voiture,commerce_services,fr,7.92
F,6810-6811-6812,68,H,55+,cadres,CH,SU6,voiture,industrie,fr,8.05
F,6810-6811-6812,68,H,55+,cadres,CH,SU7,tc,commerce_services,fr,6.73
F,6810-6811-6812,68,H,55+,cadres,CH,SU7,voiture,industrie,fr,6.99
F,6810-6811-6812,68,H,55+,cadres,CH,SU9,voiture,commerce_services,fr,3.96
F,6810-6811-6812,68,H,55+,cadres,DE,AL3,voiture,commerce_services,fr,3.83
F,6810-6811-6812,68,H,55+,cadres,DE,AL3,voiture,industrie,fr,5.03
F,6810-6811-6812,68,H,55+,employes,CH,SU6,tc,commerce_services,fr,3.59
F,6810-6811-6812,68,H,55+,employes,CH,SU6,voiture,commerce_services,fr,12.08
F,6810-6811-6812,68,H,55+,employes,CH,SU6,voiture,industrie,fr,3.69
F,6810-6811-6812,68,H,55+,employes,CH,SU7,voiture,commerce_services,fr,7.65
F,6810-6811-6812,68,H,55+,employes,CH,SUD,voiture,commerce_services,fr,3.52
F,6810-6811-6812,68,H,55+,employes,DE,AL3,voiture,commerce_services,etr,1.2
F,6810-6811-6812,68,H,55+,employes,DE,AL3,voiture,commerce_services,fr,3.6
F,6810-6811-6812,68,H,55+,employes,DE,AL3,voiture,public_sante,etr,7.21
F,6810-6811-6812,68,H,55+,ouvriers,CH,SU2,voiture,commerce_services,fr,3.74
F,6810-6811-6812,68,H,55+,ouvriers,CH,SU2,voiture,construction,fr,3.74
F,6810-6811-6812,68,H,55+,ouvriers,CH,SU5,voiture,construction,fr,3.52
F,6810-6811-6812,68,H,55+,ouvriers,CH,SU6,tc,commerce_services,etr,3.87
F,6810-6811-6812,68,H,55+,ouvriers,CH,SU6,voiture,commerce_services,fr,15.88
F,6810-6811-6812,68,H,55+,ouvriers,CH,SU6,voiture,construction,etr,3.18
F,6810-6811-6812,68,H,55+,ouvriers,CH,SU6,voiture,construction,fr,13.44
F,6810-6811-6812,68,H,55+,ouvriers,CH,SU6,voiture,industrie,fr,14.31
F,6810-6811-6812,68,H,55+,ouvriers,CH,SU7,tc,commerce_services,fr,3.51
F,6810-6811-6812,68,H,55+,ouvriers,CH,SU7,voiture,commerce_services,fr,17.04
F,6810-6811-6812,68,H,55+,ouvriers,CH,SU7,voiture,construction,etr,3.88
F,6810-6811-6812,68,H,55+,ouvriers,CH,SU7,voiture,construction,fr,4.69
F,6810-6811-6812,68,H,55+,ouvriers,CH,SU7,voiture,industrie,fr,10.77
F,6810-6811-6812,68,H,55+,ouvriers,CH,SU8,voiture,industrie,fr,3.78
F,6810-6811-6812,68,H,55+,ouvriers,CH,SUD,voiture,commerce_services,fr,1.22
F,6810-6811-6812,68,H,55+,ouvriers,DE,AL3,tc,industrie,fr,3.85
F,6810-6811-6812,68,H,55+,ouvriers,DE,AL3,voiture,commerce_services,etr,1.3
F,6810-6811-6812,68,H,55+,ouvriers,DE,AL3,voiture,commerce_services,fr,7.6
F,6810-6811-6812,68,H,55+,ouvriers,DE,AL3,voiture,industrie,fr,4.32
F,6810-6811-6812,68,H,55+,ouvriers,autre,ZZZ,voiture,commerce_services,fr,3.52
F,6810-6811-6812,68,H,55+,prof_inter,CH,SU1,voiture,industrie,fr,3.18
F,6810-6811-6812,68,H,55+,prof_inter,CH,SU6,tc,commerce_services,fr,3.51
F,6810-6811-6812,68,H,55+,prof_inter,CH,SU6,tc,public_sante,etr,3.38
F,6810-6811-6812,68,H,55+,prof_inter,CH,SU6,voiture,commerce_services,fr,15.44
F,6810-6811-6812,68,H,55+,prof_inter,CH,SU6,voiture,industrie,fr,13.46
F,6810-6811-6812,68,H,55+,prof_inter,CH,SU7,voiture,commerce_services,fr,3.45
F,6810-6811-6812,68,H,55+,prof_inter,CH,SU7,voiture,construction,fr,3.63
F,6810-6811-6812,68,H,55+,prof_inter,CH,SU7,voiture,industrie,fr,4.82
F,6810-6811-6812,68,H,55+,prof_inter,CH,SU9,voiture,commerce_services,fr,3.95
F,6810-6811-6812,68,H,55+,prof_inter,DE,AL3,voiture,construction,fr,3.89
F,6813,68,F,15-29,artisans,DE,AL3,voiture,commerce_services,etr,4.91
F,6813,68,F,15-29,cadres,CH,SU6,tc,commerce_services,fr,3.26
F,6813,68,F,15-29,cadres,CH,SU7,voiture,industrie,fr,5.08
F,6813,68,F,15-29,cadres,CH,SUC,tc,public_sante,fr,3.11
F,6813,68,F,15-29,employes,CH,SU5,voiture,commerce_services,fr,3.9
F,6813,68,F,15-29,employes,CH,SU6,tc,commerce_services,fr,3.42
F,6813,68,F,15-29,employes,CH,SU6,voiture,commerce_services,fr,20.39
F,6813,68,F,15-29,employes,CH,SU6,voiture,public_sante,fr,11.86
F,6813,68,F,15-29,employes,CH,SU7,voiture,public_sante,fr,3.39
F,6813,68,F,15-29,employes,DE,AL2,voiture,commerce_services,fr,3.63
F,6813,68,F,15-29,employes,DE,AL3,voiture,commerce_services,etr,14.89
F,6813,68,F,15-29,employes,DE,AL3,voiture,industrie,fr,4.98
F,6813,68,F,15-29,employes,DE,AL3,voiture,public_sante,etr,12.73
F,6813,68,F,15-29,employes,DE,AL3,voiture,public_sante,fr,3.26
F,6813,68,F,15-29,ouvriers,CH,SU6,tc,commerce_services,etr,3.51
F,6813,68,F,15-29,ouvriers,CH,SU6,voiture,commerce_services,fr,13.92
F,6813,68,F,15-29,ouvriers,CH,SU6,voiture,industrie,fr,9.97
F,6813,68,F,15-29,ouvriers,CH,SU7,voiture,commerce_services,fr,8.71
F,6813,68,F,15-29,ouvriers,CH,SU8,voiture,industrie,fr,4.94
F,6813,68,F,15-29,ouvriers,DE,AL3,voiture,construction,fr,4.92
F,6813,68,F,15-29,ouvriers,DE,AL3,voiture,industrie,fr,1.35
F,6813,68,F,15-29,prof_inter,CH,SU2,voiture,public_sante,fr,3.04
F,6813,68,F,15-29,prof_inter,CH,SU6,tc,commerce_services,fr,10.26
F,6813,68,F,15-29,prof_inter,CH,SU6,voiture,commerce_services,fr,11.0
F,6813,68,F,15-29,prof_inter,CH,SU6,voiture,industrie,fr,5.08
F,6813,68,F,15-29,prof_inter,CH,SU6,voiture,public_sante,fr,8.08
F,6813,68,F,15-29,prof_inter,CH,SU7,voiture,commerce_services,fr,3.39
F,6813,68,F,15-29,prof_inter,CH,SU7,voiture,industrie,fr,2.91
F,6813,68,F,15-29,prof_inter,CH,SU8,voiture,industrie,fr,4.61
F,6813,68,F,15-29,prof_inter,CH,SUC,tc,public_sante,fr,4.95
F,6813,68,F,15-29,prof_inter,CH,SUD,voiture,commerce_services,fr,4.82
F,6813,68,F,15-29,prof_inter,DE,AL3,tc,public_sante,fr,3.9
F,6813,68,F,15-29,prof_inter,DE,AL3,voiture,construction,fr,4.91
F,6813,68,F,15-29,prof_inter,DE,AL3,voiture,public_sante,etr,8.07
F,6813,68,F,30-44,artisans,CH,SU6,voiture,industrie,fr,5.0
F,6813,68,F,30-44,cadres,CH,SU1,tc,commerce_services,fr,3.79
F,6813,68,F,30-44,cadres,CH,SU1,voiture,industrie,fr,3.42
F,6813,68,F,30-44,cadres,CH,SU6,tc,commerce_services,etr,7.22
F,6813,68,F,30-44,cadres,CH,SU6,tc,commerce_services,fr,4.04
F,6813,68,F,30-44,cadres,CH,SU6,tc,industrie,fr,12.12
F,6813,68,F,30-44,cadres,CH,SU6,voiture,commerce_services,fr,16.14
F,6813,68,F,30-44,cadres,CH,SU6,voiture,industrie,fr,34.14
F,6813,68,F,30-44,cadres,CH,SU6,voiture,public_sante,fr,3.74
F,6813,68,F,30-44,cadres,CH,SU7,voiture,commerce_services,fr,24.39
F,6813,68,F,30-44,cadres,CH,SU7,voiture,industrie,fr,12.29
F,6813,68,F,30-44,cadres,CH,SU7,voiture,public_sante,fr,4.98
F,6813,68,F,30-44,cadres,CH,SU8,voiture,commerce_services,fr,5.18
F,6813,68,F,30-44,cadres,CH,SU8,voiture,industrie,fr,8.38
F,6813,68,F,30-44,cadres,CH,SU9,voiture,industrie,fr,4.92
F,6813,68,F,30-44,cadres,CH,SUD,voiture,commerce_services,fr,3.63
F,6813,68,F,30-44,cadres,DE,AL3,voiture,commerce_services,etr,8.6
F,6813,68,F,30-44,cadres,DE,AL3,voiture,industrie,fr,7.25
F,6813,68,F,30-44,cadres,DE,AL3,voiture,public_sante,etr,5.0
F,6813,68,F,30-44,employes,CH,SU6,tc,commerce_services,fr,12.74
F,6813,68,F,30-44,employes,CH,SU6,tc,public_sante,etr,3.39
F,6813,68,F,30-44,employes,CH,SU6,voiture,commerce_services,etr,5.01
F,6813,68,F,30-44,employes,CH,SU6,voiture,commerce_services,fr,85.01
F,6813,68,F,30-44,employes,CH,SU6,voiture,public_sante,fr,8.24
F,6813,68,F,30-44,employes,CH,SU7,voiture,commerce_services,fr,25.83
F,6813,68,F,30-44,employes,CH,SU7,voiture,industrie,fr,10.08
F,6813,68,F,30-44,employes,CH,SU8,voiture,commerce_services,fr,3.21
F,6813,68,F,30-44,employes,CH,SU8,voiture,industrie,fr,1.32
F,6813,68,F,30-44,employes,CH,SU8,voiture,public_sante,etr,5.08
F,6813,68,F,30-44,employes,CH,SU9,voiture,commerce_services,fr,3.72
F,6813,68,F,30-44,employes,DE,AL3,voiture,commerce_services,etr,13.66
F,6813,68,F,30-44,employes,DE,AL3,voiture,construction,etr,4.98
F,6813,68,F,30-44,employes,DE,AL3,voiture,industrie,fr,5.0
F,6813,68,F,30-44,employes,DE,AL3,voiture,public_sante,etr,14.8
F,6813,68,F,30-44,ouvriers,CH,SU5,voiture,industrie,fr,1.23
F,6813,68,F,30-44,ouvriers,CH,SU6,voiture,commerce_services,fr,23.72
F,6813,68,F,30-44,ouvriers,CH,SU6,voiture,industrie,fr,13.9
F,6813,68,F,30-44,ouvriers,CH,SU7,voiture,commerce_services,etr,4.88
F,6813,68,F,30-44,ouvriers,CH,SU7,voiture,commerce_services,fr,6.97
F,6813,68,F,30-44,ouvriers,CH,SU7,voiture,industrie,fr,4.73
F,6813,68,F,30-44,ouvriers,CH,SU8,tc,industrie,fr,3.63
F,6813,68,F,30-44,ouvriers,DE,AL3,voiture,commerce_services,fr,3.83
F,6813,68,F,30-44,ouvriers,DE,AL3,voiture,industrie,etr,5.01
F,6813,68,F,30-44,ouvriers,DE,AL3,voiture,industrie,fr,5.08
F,6813,68,F,30-44,ouvriers,DE,AL6,voiture,industrie,fr,4.96
F,6813,68,F,30-44,prof_inter,CH,SU6,tc,commerce_services,fr,3.59
F,6813,68,F,30-44,prof_inter,CH,SU6,tc,public_sante,etr,3.77
F,6813,68,F,30-44,prof_inter,CH,SU6,tc,public_sante,fr,10.04
F,6813,68,F,30-44,prof_inter,CH,SU6,voiture,commerce_services,fr,36.93
F,6813,68,F,30-44,prof_inter,CH,SU6,voiture,industrie,fr,21.94
F,6813,68,F,30-44,prof_inter,CH,SU6,voiture,public_sante,etr,8.64
F,6813,68,F,30-44,prof_inter,CH,SU6,voiture,public_sante,fr,10.07
F,6813,68,F,30-44,prof_inter,CH,SU7,voiture,commerce_services,etr,10.09
F,6813,68,F,30-44,prof_inter,CH,SU7,voiture,commerce_services,fr,12.06
F,6813,68,F,30-44,prof_inter,CH,SU7,voiture,industrie,fr,18.77
F,6813,68,F,30-44,prof_inter,CH,SU7,voiture,public_sante,fr,11.8
F,6813,68,F,30-44,prof_inter,CH,SU8,voiture,commerce_services,fr,4.96
F,6813,68,F,30-44,prof_inter,CH,SU8,voiture,public_sante,etr,1.32
F,6813,68,F,30-44,prof_inter,CH,SU9,voiture,industrie,fr,3.57
F,6813,68,F,30-44,prof_inter,DE,AL3,aucun,commerce_services,etr,5.02
F,6813,68,F,30-44,prof_inter,DE,AL3,voiture,industrie,etr,5.0
F,6813,68,F,30-44,prof_inter,DE,AL3,voiture,public_sante,etr,4.98
F,6813,68,F,30-44,prof_inter,DE,AL3,voiture,public_sante,fr,5.0
F,6813,68,F,45-54,cadres,CH,SU6,tc,commerce_services,fr,7.22
F,6813,68,F,45-54,cadres,CH,SU6,tc,industrie,fr,3.5
F,6813,68,F,45-54,cadres,CH,SU6,voiture,commerce_services,fr,9.89
F,6813,68,F,45-54,cadres,CH,SU6,voiture,industrie,etr,3.38
F,6813,68,F,45-54,cadres,CH,SU6,voiture,industrie,fr,34.54
F,6813,68,F,45-54,cadres,CH,SU7,voiture,commerce_services,fr,14.33
F,6813,68,F,45-54,cadres,CH,SU7,voiture,industrie,fr,3.51
F,6813,68,F,45-54,cadres,CH,SU8,tc,industrie,fr,4.03
F,6813,68,F,45-54,cadres,DE,AL3,voiture,public_sante,etr,4.95
F,6813,68,F,45-54,employes,CH,SU1,voiture,commerce_services,fr,7.44
F,6813,68,F,45-54,employes,CH,SU5,tc,commerce_services,fr,3.83
F,6813,68,F,45-54,employes,CH,SU6,deux_roues,commerce_services,fr,3.32
F,6813,68,F,45-54,employes,CH,SU6,tc,commerce_services,fr,15.08
F,6813,68,F,45-54,employes,CH,SU6,tc,public_sante,fr,8.67
F,6813,68,F,45-54,employes,CH,SU6,voiture,commerce_services,etr,3.79
F,6813,68,F,45-54,employes,CH,SU6,voiture,commerce_services,fr,50.75
F,6813,68,F,45-54,employes,CH,SU6,voiture,industrie,fr,3.39
F,6813,68,F,45-54,employes,CH,SU6,voiture,public_sante,etr,3.9
F,6813,68,F,45-54,employes,CH,SU6,voiture,public_sante,fr,9.29
F,6813,68,F,45-54,employes,CH,SU7,voiture,commerce_services,fr,9.0
F,6813,68,F,45-54,employes,CH,SU8,voiture,industrie,fr,4.89
F,6813,68,F,45-54,employes,CH,SUD,voiture,public_sante,fr,5.07
F,6813,68,F,45-54,employes,DE,AL2,voiture,commerce_services,fr,3.57
F,6813,68,F,45-54,employes,DE,AL3,velo,commerce_services,etr,5.19
F,6813,68,F,45-54,employes,DE,AL3,voiture,commerce_services,etr,5.18
F,6813,68,F,45-54,employes,DE,AL3,voiture,commerce_services,fr,18.91
F,6813,68,F,45-54,employes,DE,AL3,voiture,industrie,fr,5.01
F,6813,68,F,45-54,ouvriers,CH,SU1,voiture,industrie,fr,4.8
F,6813,68,F,45-54,ouvriers,CH,SU6,tc,industrie,fr,3.54
F,6813,68,F,45-54,ouvriers,CH,SU6,voiture,commerce_services,fr,13.28
F,6813,68,F,45-54,ouvriers,CH,SU6,voiture,industrie,fr,9.96
F,6813,68,F,45-54,ouvriers,CH,SU6,voiture,public_sante,etr,1.23
F,6813,68,F,45-54,ouvriers,CH,SU7,voiture,industrie,fr,22.8
F,6813,68,F,45-54,ouvriers,CH,SUB,voiture,industrie,fr,3.59
F,6813,68,F,45-54,ouvriers,DE,AL3,voiture,commerce_services,etr,5.08
F,6813,68,F,45-54,ouvriers,DE,AL3,voiture,public_sante,fr,5.0
F,6813,68,F,45-54,prof_inter,CH,SU2,voiture,commerce_services,fr,5.08
F,6813,68,F,45-54,prof_inter,CH,SU5,voiture,commerce_services,fr,3.51
F,6813,68,F,45-54,prof_inter,CH,SU6,tc,commerce_services,fr,13.88
F,6813,68,F,45-54,prof_inter,CH,SU6,tc,public_sante,fr,4.74
F,6813,68,F,45-54,prof_inter,CH,SU6,voiture,commerce_services,fr,19.46
F,6813,68,F,45-54,prof_inter,CH,SU6,voiture,industrie,etr,1.31
F,6813,68,F,45-54,prof_inter,CH,SU6,voiture,industrie,fr,16.83
F,6813,68,F,45-54,prof_inter,CH,SU6,voiture,public_sante,etr,5.2
F,6813,68,F,45-54,prof_inter,CH,SU6,voiture,public_sante,fr,11.17
F,6813,68,F,45-54,prof_inter,CH,SU7,voiture,commerce_services,fr,12.92
F,6813,68,F,45-54,prof_inter,CH,SU7,voiture,public_sante,fr,4.98
F,6813,68,F,45-54,prof_inter,CH,SU8,voiture,industrie,fr,3.74
F,6813,68,F,45-54,prof_inter,CH,SU8,voiture,public_sante,fr,4.79
F,6813,68,F,45-54,prof_inter,DE,AL3,voiture,commerce_services,etr,5.01
F,6813,68,F,45-54,prof_inter,DE,AL3,voiture,public_sante,etr,9.18
F,6813,68,F,45-54,prof_inter,DE,AL3,voiture,public_sante,fr,8.87
F,6813,68,F,45-54,prof_inter,DE,AL4,voiture,commerce_services,fr,5.2
F,6813,68,F,55+,artisans,CH,SU6,voiture,commerce_services,fr,4.95
F,6813,68,F,55+,cadres,CH,SU5,voiture,public_sante,fr,2.91
F,6813,68,F,55+,cadres,CH,SU6,tc,commerce_services,fr,4.67
F,6813,68,F,55+,cadres,CH,SU6,tc,public_sante,etr,3.5
F,6813,68,F,55+,cadres,CH,SU6,voiture,commerce_services,etr,3.32
F,6813,68,F,55+,cadres,CH,SU6,voiture,commerce_services,fr,3.54
F,6813,68,F,55+,cadres,CH,SU6,voiture,industrie,fr,17.94
F,6813,68,F,55+,cadres,CH,SU6,voiture,public_sante,fr,3.59
F,6813,68,F,55+,cadres,CH,SU7,voiture,commerce_services,fr,3.11
F,6813,68,F,55+,cadres,CH,SU7,voiture,industrie,etr,3.94
F,6813,68,F,55+,cadres,CH,SU7,voiture,industrie,fr,4.97
F,6813,68,F,55+,cadres,DE,AL3,voiture,public_sante,etr,3.66
F,6813,68,F,55+,employes,CH,SU1,voiture,commerce_services,fr,5.18
F,6813,68,F,55+,employes,CH,SU6,tc,commerce_services,etr,5.18
F,6813,68,F,55+,employes,CH,SU6,tc,commerce_services,fr,7.63
F,6813,68,F,55+,employes,CH,SU6,voiture,commerce_services,fr,23.7
F,6813,68,F,55+,employes,CH,SU6,voiture,industrie,fr,14.6
F,6813,68,F,55+,employes,CH,SU6,voiture,public_sante,fr,16.04
F,6813,68,F,55+,employes,CH,SU7,tc,commerce_services,etr,3.39
F,6813,68,F,55+,employes,CH,SU7,voiture,commerce_services,fr,8.5
F,6813,68,F,55+,employes,CH,SU7,voiture,industrie,fr,8.69
F,6813,68,F,55+,employes,CH,SU7,voiture,public_sante,fr,20.23
F,6813,68,F,55+,employes,CH,SU8,voiture,public_sante,etr,3.79
F,6813,68,F,55+,employes,CH,SU8,voiture,public_sante,fr,4.98
F,6813,68,F,55+,employes,DE,AL2,voiture,commerce_services,fr,4.97
F,6813,68,F,55+,employes,DE,AL3,velo,commerce_services,etr,4.97
F,6813,68,F,55+,employes,DE,AL3,voiture,commerce_services,etr,1.32
F,6813,68,F,55+,employes,DE,AL3,voiture,commerce_services,fr,8.71
F,6813,68,F,55+,employes,DE,AL3,voiture,industrie,fr,5.05
F,6813,68,F,55+,ouvriers,CH,SU6,voiture,commerce_services,fr,4.95
F,6813,68,F,55+,ouvriers,CH,SU6,voiture,industrie,etr,3.76
F,6813,68,F,55+,ouvriers,CH,SU6,voiture,industrie,fr,5.13
F,6813,68,F,55+,ouvriers,CH,SU7,voiture,commerce_services,etr,4.79
F,6813,68,F,55+,ouvriers,DE,AL3,voiture,commerce_services,etr,4.82
F,6813,68,F,55+,ouvriers,DE,AL3,voiture,commerce_services,fr,20.14
F,6813,68,F,55+,ouvriers,DE,AL3,voiture,industrie,fr,23.03
F,6813,68,F,55+,ouvriers,DE,AL3,voiture,public_sante,fr,16.9
F,6813,68,F,55+,prof_inter,CH,SU5,voiture,commerce_services,fr,5.26
F,6813,68,F,55+,prof_inter,CH,SU6,tc,commerce_services,fr,4.14
F,6813,68,F,55+,prof_inter,CH,SU6,tc,industrie,fr,9.21
F,6813,68,F,55+,prof_inter,CH,SU6,tc,public_sante,fr,3.57
F,6813,68,F,55+,prof_inter,CH,SU6,voiture,commerce_services,fr,19.8
F,6813,68,F,55+,prof_inter,CH,SU6,voiture,industrie,etr,5.2
F,6813,68,F,55+,prof_inter,CH,SU6,voiture,industrie,fr,4.77
F,6813,68,F,55+,prof_inter,CH,SU6,voiture,public_sante,etr,4.96
F,6813,68,F,55+,prof_inter,CH,SU6,voiture,public_sante,fr,25.12
F,6813,68,F,55+,prof_inter,CH,SU7,voiture,commerce_services,fr,4.95
F,6813,68,F,55+,prof_inter,CH,SU7,voiture,industrie,fr,3.83
F,6813,68,F,55+,prof_inter,CH,SU7,voiture,public_sante,fr,13.04
F,6813,68,F,55+,prof_inter,DE,AL3,voiture,commerce_services,fr,3.39
F,6813,68,F,55+,prof_inter,DE,AL3,voiture,industrie,etr,10.06
F,6813,68,F,55+,prof_inter,DE,AL3,voiture,public_sante,etr,4.82
F,6813,68,H,15-29,artisans,CH,SU7,voiture,commerce_services,fr,3.42
F,6813,68,H,15-29,artisans,DE,AL3,voiture,commerce_services,etr,4.98
F,6813,68,H,15-29,cadres,CH,SU1,tc,commerce_services,etr,5.08
F,6813,68,H,15-29,cadres,CH,SU6,tc,commerce_services,fr,3.21
F,6813,68,H,15-29,cadres,CH,SU6,tc,industrie,fr,1.23
F,6813,68,H,15-29,cadres,CH,SU6,voiture,commerce_services,fr,9.16
F,6813,68,H,15-29,cadres,CH,SU6,voiture,industrie,fr,8.5
F,6813,68,H,15-29,cadres,CH,SU7,tc,industrie,fr,3.8
F,6813,68,H,15-29,cadres,CH,SU8,voiture,commerce_services,fr,1.31
F,6813,68,H,15-29,cadres,CH,SUD,voiture,commerce_services,fr,3.83
F,6813,68,H,15-29,cadres,autre,ZZZ,voiture,industrie,fr,2.89
F,6813,68,H,15-29,employes,CH,SU6,tc,commerce_services,fr,2.89
F,6813,68,H,15-29,employes,CH,SU6,voiture,commerce_services,etr,7.44
F,6813,68,H,15-29,employes,CH,SU6,voiture,commerce_services,fr,24.7
F,6813,68,H,15-29,employes,CH,SU6,voiture,public_sante,fr,1.31
F,6813,68,H,15-29,employes,CH,SU7,voiture,commerce_services,fr,3.72
F,6813,68,H,15-29,employes,CH,SU7,voiture,construction,fr,2.89
F,6813,68,H,15-29,employes,CH,SU8,voiture,commerce_services,etr,3.26
F,6813,68,H,15-29,employes,CH,SUD,voiture,public_sante,fr,4.97
F,6813,68,H,15-29,employes,DE,AL3,voiture,commerce_services,fr,4.91
F,6813,68,H,15-29,ouvriers,CH,SU2,voiture,commerce_services,etr,5.02
F,6813,68,H,15-29,ouvriers,CH,SU3,voiture,commerce_services,fr,7.31
F,6813,68,H,15-29,ouvriers,CH,SU5,voiture,commerce_services,fr,4.82
F,6813,68,H,15-29,ouvriers,CH,SU6,voiture,commerce_services,etr,4.96
F,6813,68,H,15-29,ouvriers,CH,SU6,voiture,commerce_services,fr,41.31
F,6813,68,H,15-29,ouvriers,CH,SU6,voiture,construction,fr,18.36
F,6813,68,H,15-29,ouvriers,CH,SU6,voiture,industrie,etr,5.2
F,6813,68,H,15-29,ouvriers,CH,SU6,voiture,industrie,fr,20.84
F,6813,68,H,15-29,ouvriers,CH,SU7,voiture,commerce_services,fr,34.76
F,6813,68,H,15-29,ouvriers,CH,SU7,voiture,industrie,fr,4.91
F,6813,68,H,15-29,ouvriers,CH,SU8,voiture,commerce_services,fr,7.33
F,6813,68,H,15-29,ouvriers,CH,SU9,voiture,commerce_services,fr,3.72
F,6813,68,H,15-29,ouvriers,CH,SUB,voiture,commerce_services,fr,2.89
F,6813,68,H,15-29,ouvriers,CH,SUD,voiture,commerce_services,fr,3.92
F,6813,68,H,15-29,ouvriers,DE,AL3,voiture,commerce_services,fr,10.01
F,6813,68,H,15-29,ouvriers,DE,AL3,voiture,industrie,etr,5.19
F,6813,68,H,15-29,prof_inter,CH,SU6,voiture,commerce_services,fr,13.51
F,6813,68,H,15-29,prof_inter,CH,SU6,voiture,construction,fr,1.28
F,6813,68,H,15-29,prof_inter,CH,SU6,voiture,industrie,fr,11.96
F,6813,68,H,15-29,prof_inter,CH,SU6,voiture,public_sante,fr,3.59
F,6813,68,H,15-29,prof_inter,CH,SU7,voiture,commerce_services,fr,7.82
F,6813,68,H,15-29,prof_inter,CH,SU7,voiture,industrie,etr,5.18
F,6813,68,H,15-29,prof_inter,CH,SU8,voiture,construction,fr,3.04
F,6813,68,H,15-29,prof_inter,CH,SU9,voiture,industrie,fr,4.95
F,6813,68,H,15-29,prof_inter,CH,SUD,voiture,commerce_services,fr,5.08
F,6813,68,H,15-29,prof_inter,DE,AL3,velo,public_sante,etr,5.01
F,6813,68,H,30-44,agriculteurs,CH,SU7,voiture,agriculture,fr,5.2
F,6813,68,H,30-44,artisans,CH,SU6,marche,construction,fr,1.35
F,6813,68,H,30-44,artisans,CH,SU6,voiture,construction,fr,4.88
F,6813,68,H,30-44,artisans,CH,SU6,voiture,industrie,fr,3.9
F,6813,68,H,30-44,cadres,CH,SU1,voiture,commerce_services,fr,3.26
F,6813,68,H,30-44,cadres,CH,SU1,voiture,public_sante,fr,4.71
F,6813,68,H,30-44,cadres,CH,SU4,voiture,industrie,fr,3.74
F,6813,68,H,30-44,cadres,CH,SU6,tc,commerce_services,etr,7.79
F,6813,68,H,30-44,cadres,CH,SU6,tc,commerce_services,fr,16.19
F,6813,68,H,30-44,cadres,CH,SU6,tc,industrie,etr,4.89
F,6813,68,H,30-44,cadres,CH,SU6,tc,industrie,fr,8.5
F,6813,68,H,30-44,cadres,CH,SU6,voiture,commerce_services,fr,45.04
F,6813,68,H,30-44,cadres,CH,SU6,voiture,industrie,fr,31.1
F,6813,68,H,30-44,cadres,CH,SU7,tc,commerce_services,fr,8.36
F,6813,68,H,30-44,cadres,CH,SU7,voiture,commerce_services,fr,29.51
F,6813,68,H,30-44,cadres,CH,SU7,voiture,industrie,fr,19.35
F,6813,68,H,30-44,cadres,CH,SU8,tc,industrie,fr,1.32
F,6813,68,H,30-44,cadres,CH,SU8,voiture,industrie,fr,8.31
F,6813,68,H,30-44,cadres,CH,SUB,voiture,industrie,fr,6.84
F,6813,68,H,30-44,cadres,CH,SUD,voiture,commerce_services,fr,8.43
F,6813,68,H,30-44,cadres,CH,SUD,voiture,industrie,fr,7.01
F,6813,68,H,30-44,cadres,DE,AL1,voiture,public_sante,fr,3.8
F,6813,68,H,30-44,cadres,DE,AL3,deux_roues,commerce_services,etr,4.91
F,6813,68,H,30-44,cadres,DE,AL3,velo,industrie,fr,3.63
F,6813,68,H,30-44,cadres,DE,AL3,voiture,construction,fr,4.98
F,6813,68,H,30-44,cadres,DE,AL3,voiture,industrie,etr,18.7
F,6813,68,H,30-44,cadres,DE,AL3,voiture,industrie,fr,5.18
F,6813,68,H,30-44,cadres,autre,LU3,voiture,commerce_services,fr,5.0
F,6813,68,H,30-44,employes,CH,SU1,voiture,commerce_services,etr,4.89
F,6813,68,H,30-44,employes,CH,SU1,voiture,commerce_services,fr,3.83
F,6813,68,H,30-44,employes,CH,SU2,voiture,commerce_services,fr,1.31
F,6813,68,H,30-44,employes,CH,SU6,tc,commerce_services,fr,5.28
F,6813,68,H,30-44,employes,CH,SU6,tc,industrie,fr,4.98
F,6813,68,H,30-44,employes,CH,SU6,voiture,commerce_services,etr,2.41
F,6813,68,H,30-44,employes,CH,SU6,voiture,commerce_services,fr,41.67
F,6813,68,H,30-44,employes,CH,SU6,voiture,construction,fr,3.59
F,6813,68,H,30-44,employes,CH,SU6,voiture,public_sante,fr,1.23
F,6813,68,H,30-44,employes,CH,SU7,voiture,commerce_services,fr,16.68
F,6813,68,H,30-44,employes,CH,SU7,voiture,construction,fr,3.42
F,6813,68,H,30-44,employes,CH,SU9,voiture,commerce_services,fr,5.18
F,6813,68,H,30-44,employes,CH,SUD,voiture,commerce_services,fr,4.88
F,6813,68,H,30-44,employes,DE,AL1,voiture,public_sante,etr,5.01
F,6813,68,H,30-44,employes,DE,AL3,voiture,commerce_services,etr,4.97
F,6813,68,H,30-44,employes,DE,AL3,voiture,commerce_services,fr,3.54
F,6813,68,H,30-44,employes,DE,AL3,voiture,public_sante,etr,3.5
F,6813,68,H,30-44,ouvriers,CH,SU1,voiture,commerce_services,fr,3.7
F,6813,68,H,30-44,ouvriers,CH,SU2,voiture,commerce_services,fr,13.17
F,6813,68,H,30-44,ouvriers,CH,SU5,voiture,commerce_services,fr,3.66
F,6813,68,H,30-44,ouvriers,CH,SU5,voiture,industrie,fr,8.31
F,6813,68,H,30-44,ouvriers,CH,SU5,voiture,public_sante,fr,3.57
F,6813,68,H,30-44,ouvriers,CH,SU6,tc,commerce_services,fr,6.96
F,6813,68,H,30-44,ouvriers,CH,SU6,tc,construction,fr,2.91
F,6813,68,H,30-44,ouvriers,CH,SU6,tc,industrie,fr,3.43
F,6813,68,H,30-44,ouvriers,CH,SU6,voiture,commerce_services,etr,5.19
F,6813,68,H,30-44,ouvriers,CH,SU6,voiture,commerce_services,fr,91.95
F,6813,68,H,30-44,ouvriers,CH,SU6,voiture,construction,fr,52.36
F,6813,68,H,30-44,ouvriers,CH,SU6,voiture,industrie,fr,77.5
F,6813,68,H,30-44,ouvriers,CH,SU7,voiture,commerce_services,fr,30.0
F,6813,68,H,30-44,ouvriers,CH,SU7,voiture,construction,fr,20.08
F,6813,68,H,30-44,ouvriers,CH,SU7,voiture,industrie,fr,39.56
F,6813,68,H,30-44,ouvriers,CH,SU8,voiture,agriculture,fr,4.98
F,6813,68,H,30-44,ouvriers,CH,SU8,voiture,commerce_services,fr,9.89
F,6813,68,H,30-44,ouvriers,CH,SU8,voiture,industrie,fr,8.72
F,6813,68,H,30-44,ouvriers,CH,SUD,voiture,construction,fr,3.9
F,6813,68,H,30-44,ouvriers,CH,SUD,voiture,industrie,fr,16.58
F,6813,68,H,30-44,ouvriers,DE,AL2,voiture,industrie,fr,3.42
F,6813,68,H,30-44,ouvriers,DE,AL3,tc,commerce_services,fr,5.0
F,6813,68,H,30-44,ouvriers,DE,AL3,voiture,commerce_services,etr,21.03
F,6813,68,H,30-44,ouvriers,DE,AL3,voiture,commerce_services,fr,11.37
F,6813,68,H,30-44,ouvriers,DE,AL3,voiture,construction,fr,3.83
F,6813,68,H,30-44,ouvriers,DE,AL3,voiture,industrie,etr,5.05
F,6813,68,H,30-44,ouvriers,DE,AL3,voiture,industrie,fr,7.38
F,6813,68,H,30-44,prof_inter,CH,SU2,voiture,commerce_services,fr,3.83
F,6813,68,H,30-44,prof_inter,CH,SU2,voiture,public_sante,fr,3.63
F,6813,68,H,30-44,prof_inter,CH,SU5,voiture,commerce_services,fr,1.32
F,6813,68,H,30-44,prof_inter,CH,SU6,tc,commerce_services,fr,11.84
F,6813,68,H,30-44,prof_inter,CH,SU6,tc,industrie,fr,10.35
F,6813,68,H,30-44,prof_inter,CH,SU6,voiture,commerce_services,etr,5.01
F,6813,68,H,30-44,prof_inter,CH,SU6,voiture,commerce_services,fr,64.91
F,6813,68,H,30-44,prof_inter,CH,SU6,voiture,construction,fr,8.59
F,6813,68,H,30-44,prof_inter,CH,SU6,voiture,industrie,fr,27.69
F,6813,68,H,30-44,prof_inter,CH,SU6,voiture,public_sante,fr,6.65
F,6813,68,H,30-44,prof_inter,CH,SU7,tc,industrie,fr,3.83
F,6813,68,H,30-44,prof_inter,CH,SU7,voiture,commerce_services,fr,13.62
F,6813,68,H,30-44,prof_inter,CH,SU7,voiture,construction,fr,7.97
F,6813,68,H,30-44,prof_inter,CH,SU7,voiture,industrie,etr,10.09
F,6813,68,H,30-44,prof_inter,CH,SU7,voiture,industrie,fr,12.25
F,6813,68,H,30-44,prof_inter,CH,SU7,voiture,public_sante,fr,9.89
F,6813,68,H,30-44,prof_inter,CH,SU8,voiture,industrie,fr,1.23
F,6813,68,H,30-44,prof_inter,CH,SU9,voiture,commerce_services,fr,5.13
F,6813,68,H,30-44,prof_inter,CH,SUD,voiture,commerce_services,fr,8.64
F,6813,68,H,30-44,prof_inter,CH,SUD,voiture,industrie,fr,4.98
F,6813,68,H,30-44,prof_inter,DE,AL3,voiture,commerce_services,etr,4.14
F,6813,68,H,30-44,prof_inter,DE,AL3,voiture,commerce_services,fr,3.9
F,6813,68,H,30-44,prof_inter,DE,AL3,voiture,construction,fr,3.32
F,6813,68,H,30-44,prof_inter,DE,AL3,voiture,industrie,etr,5.01
F,6813,68,H,30-44,prof_inter,DE,AL3,voiture,industrie,fr,4.98
F,6813,68,H,45-54,artisans,CH,SU1,voiture,commerce_services,fr,4.14
F,6813,68,H,45-54,artisans,CH,SU7,voiture,commerce_services,etr,4.97
F,6813,68,H,45-54,artisans,CH,SU9,voiture,commerce_services,etr,5.02
F,6813,68,H,45-54,cadres,CH,SU5,voiture,commerce_services,fr,5.11
F,6813,68,H,45-54,cadres,CH,SU5,voiture,industrie,fr,3.83
F,6813,68,H,45-54,cadres,CH,SU6,tc,commerce_services,fr,18.47
F,6813,68,H,45-54,cadres,CH,SU6,tc,industrie,fr,5.01
F,6813,68,H,45-54,cadres,CH,SU6,velo,public_sante,fr,3.59
F,6813,68,H,45-54,cadres,CH,SU6,voiture,commerce_services,fr,8.32
F,6813,68,H,45-54,cadres,CH,SU6,voiture,industrie,etr,3.54
F,6813,68,H,45-54,cadres,CH,SU6,voiture,industrie,fr,28.49
F,6813,68,H,45-54,cadres,CH,SU6,voiture,public_sante,fr,3.5
F,6813,68,H,45-54,cadres,CH,SU7,voiture,commerce_services,fr,16.81
F,6813,68,H,45-54,cadres,CH,SU7,voiture,construction,fr,5.08
F,6813,68,H,45-54,cadres,CH,SU7,voiture,industrie,fr,5.13
F,6813,68,H,45-54,cadres,CH,SU8,deux_roues,industrie,fr,3.7
F,6813,68,H,45-54,cadres,CH,SU8,tc,commerce_services,fr,4.03
F,6813,68,H,45-54,cadres,CH,SU8,voiture,industrie,fr,11.99
F,6813,68,H,45-54,cadres,CH,SUD,voiture,commerce_services,fr,3.63
F,6813,68,H,45-54,cadres,DE,AL3,voiture,commerce_services,etr,5.0
F,6813,68,H,45-54,cadres,DE,AL3,voiture,commerce_services,fr,8.67
F,6813,68,H,45-54,cadres,DE,AL3,voiture,industrie,fr,3.54
F,6813,68,H,45-54,cadres,autre,ZZZ,tc,commerce_services,fr,3.51
F,6813,68,H,45-54,cadres,autre,ZZZ,voiture,industrie,fr,3.7
F,6813,68,H,45-54,employes,CH,SU6,voiture,commerce_services,fr,28.64
F,6813,68,H,45-54,employes,CH,SU6,voiture,industrie,fr,4.98
F,6813,68,H,45-54,employes,CH,SU7,voiture,commerce_services,fr,13.79
F,6813,68,H,45-54,employes,CH,SU7,voiture,public_sante,fr,1.23
F,6813,68,H,45-54,employes,DE,AL2,voiture,public_sante,fr,4.8
F,6813,68,H,45-54,employes,DE,AL3,voiture,commerce_services,fr,10.07
F,6813,68,H,45-54,ouvriers,CH,SU2,voiture,commerce_services,fr,5.01
F,6813,68,H,45-54,ouvriers,CH,SU5,voiture,commerce_services,fr,4.88
F,6813,68,H,45-54,ouvriers,CH,SU5,voiture,construction,fr,4.85
F,6813,68,H,45-54,ouvriers,CH,SU5,voiture,industrie,fr,3.57
F,6813,68,H,45-54,ouvriers,CH,SU6,tc,commerce_services,fr,8.22
F,6813,68,H,45-54,ouvriers,CH,SU6,velo,commerce_services,fr,5.02
F,6813,68,H,45-54,ouvriers,CH,SU6,voiture,commerce_services,fr,86.91
F,6813,68,H,45-54,ouvriers,CH,SU6,voiture,construction,fr,17.3
F,6813,68,H,45-54,ouvriers,CH,SU6,voiture,industrie,etr,3.04
F,6813,68,H,45-54,ouvriers,CH,SU6,voiture,industrie,fr,47.43
F,6813,68,H,45-54,ouvriers,CH,SU6,voiture,public_sante,fr,3.77
F,6813,68,H,45-54,ouvriers,CH,SU7,voiture,commerce_services,fr,35.68
F,6813,68,H,45-54,ouvriers,CH,SU7,voiture,construction,fr,10.21
F,6813,68,H,45-54,ouvriers,CH,SU7,voiture,industrie,fr,11.39
F,6813,68,H,45-54,ouvriers,CH,SU8,tc,industrie,etr,3.54
F,6813,68,H,45-54,ouvriers,CH,SU8,voiture,commerce_services,fr,4.89
F,6813,68,H,45-54,ouvriers,CH,SU8,voiture,construction,fr,4.98
F,6813,68,H,45-54,ouvriers,CH,SU8,voiture,industrie,fr,6.68
F,6813,68,H,45-54,ouvriers,CH,SU9,voiture,commerce_services,fr,3.72
F,6813,68,H,45-54,ouvriers,CH,SU9,voiture,industrie,fr,3.38
F,6813,68,H,45-54,ouvriers,CH,SUD,voiture,construction,fr,6.87
F,6813,68,H,45-54,ouvriers,DE,AL1,voiture,commerce_services,fr,5.11
F,6813,68,H,45-54,ouvriers,DE,AL3,tc,industrie,fr,4.97
F,6813,68,H,45-54,ouvriers,DE,AL3,voiture,commerce_services,fr,4.73
F,6813,68,H,45-54,ouvriers,DE,AL3,voiture,construction,fr,4.97
F,6813,68,H,45-54,ouvriers,DE,AL3,voiture,industrie,etr,5.19
F,6813,68,H,45-54,ouvriers,DE,AL3,voiture,industrie,fr,11.9
F,6813,68,H,45-54,ouvriers,DE,AL3,voiture,public_sante,fr,5.08
F,6813,68,H,45-54,prof_inter,CH,SU3,voiture,industrie,fr,4.89
F,6813,68,H,45-54,prof_inter,CH,SU6,voiture,commerce_services,etr,3.92
F,6813,68,H,45-54,prof_inter,CH,SU6,voiture,commerce_services,fr,26.84
F,6813,68,H,45-54,prof_inter,CH,SU6,voiture,industrie,etr,6.17
F,6813,68,H,45-54,prof_inter,CH,SU6,voiture,industrie,fr,39.86
F,6813,68,H,45-54,prof_inter,CH,SU6,voiture,public_sante,fr,5.18
F,6813,68,H,45-54,prof_inter,CH,SU7,tc,commerce_services,fr,8.59
F,6813,68,H,45-54,prof_inter,CH,SU7,voiture,commerce_services,fr,6.41
F,6813,68,H,45-54,prof_inter,CH,SU7,voiture,industrie,fr,10.06
F,6813,68,H,45-54,prof_inter,CH,SU8,tc,industrie,fr,4.89
F,6813,68,H,45-54,prof_inter,CH,SU8,voiture,construction,fr,10.06
F,6813,68,H,45-54,prof_inter,CH,SU8,voiture,industrie,fr,3.39
F,6813,68,H,45-54,prof_inter,CH,SUB,marche,commerce_services,fr,4.95
F,6813,68,H,45-54,prof_inter,CH,SUD,voiture,industrie,fr,3.57
F,6813,68,H,45-54,prof_inter,DE,AL3,deux_roues,industrie,fr,5.01
F,6813,68,H,55+,artisans,CH,SU6,voiture,commerce_services,etr,4.79
F,6813,68,H,55+,artisans,CH,SU6,voiture,commerce_services,fr,7.31
F,6813,68,H,55+,artisans,CH,SU6,voiture,construction,fr,3.32
F,6813,68,H,55+,artisans,CH,SU6,voiture,industrie,fr,7.41
F,6813,68,H,55+,artisans,CH,SU7,voiture,industrie,fr,4.92
F,6813,68,H,55+,artisans,DE,AL3,voiture,public_sante,etr,5.05
F,6813,68,H,55+,cadres,CH,SU1,tc,commerce_services,fr,3.8
F,6813,68,H,55+,cadres,CH,SU1,voiture,industrie,fr,5.18
F,6813,68,H,55+,cadres,CH,SU6,tc,commerce_services,fr,18.0
F,6813,68,H,55+,cadres,CH,SU6,tc,industrie,fr,3.5
F,6813,68,H,55+,cadres,CH,SU6,tc,public_sante,etr,3.5
F,6813,68,H,55+,cadres,CH,SU6,voiture,commerce_services,etr,1.32
F,6813,68,H,55+,cadres,CH,SU6,voiture,commerce_services,fr,8.63
F,6813,68,H,55+,cadres,CH,SU6,voiture,industrie,fr,8.75
F,6813,68,H,55+,cadres,CH,SU6,voiture,public_sante,etr,1.23
F,6813,68,H,55+,cadres,CH,SU7,voiture,commerce_services,fr,12.92
F,6813,68,H,55+,cadres,CH,SU7,voiture,industrie,etr,4.97
F,6813,68,H,55+,cadres,CH,SU7,voiture,industrie,fr,5.08
F,6813,68,H,55+,cadres,CH,SU8,voiture,commerce_services,fr,3.62
F,6813,68,H,55+,cadres,CH,SU9,tc,commerce_services,fr,4.97
F,6813,68,H,55+,cadres,CH,SUB,tc,industrie,fr,1.28
F,6813,68,H,55+,cadres,CH,SUC,voiture,commerce_services,fr,7.71
F,6813,68,H,55+,cadres,CH,SUD,voiture,commerce_services,fr,3.11
F,6813,68,H,55+,cadres,CH,SUQ,voiture,industrie,fr,5.07
F,6813,68,H,55+,cadres,DE,AL2,voiture,commerce_services,fr,4.97
F,6813,68,H,55+,cadres,DE,AL3,voiture,industrie,fr,3.9
F,6813,68,H,55+,employes,CH,SU2,voiture,commerce_services,fr,3.63
F,6813,68,H,55+,employes,CH,SU6,voiture,commerce_services,fr,21.22
F,6813,68,H,55+,employes,CH,SU7,voiture,commerce_services,fr,9.86
F,6813,68,H,55+,employes,CH,SU8,tc,commerce_services,etr,3.8
F,6813,68,H,55+,employes,CH,SU8,voiture,commerce_services,fr,5.05
F,6813,68,H,55+,employes,DE,AL3,voiture,commerce_services,etr,1.32
F,6813,68,H,55+,employes,DE,AL3,voiture,industrie,fr,3.39
F,6813,68,H,55+,ouvriers,CH,SU1,voiture,construction,fr,1.28
F,6813,68,H,55+,ouvriers,CH,SU2,tc,commerce_services,fr,4.98
F,6813,68,H,55+,ouvriers,CH,SU3,tc,commerce_services,fr,3.04
F,6813,68,H,55+,ouvriers,CH,SU5,voiture,commerce_services,fr,4.88
F,6813,68,H,55+,ouvriers,CH,SU6,voiture,commerce_services,fr,29.08
F,6813,68,H,55+,ouvriers,CH,SU6,voiture,construction,fr,24.04
F,6813,68,H,55+,ouvriers,CH,SU6,voiture,industrie,fr,29.67
F,6813,68,H,55+,ouvriers,CH,SU7,voiture,commerce_services,fr,34.07
F,6813,68,H,55+,ouvriers,CH,SU7,voiture,construction,fr,19.5
F,6813,68,H,55+,ouvriers,CH,SU7,voiture,industrie,etr,3.54
F,6813,68,H,55+,ouvriers,CH,SU7,voiture,industrie,fr,29.67
F,6813,68,H,55+,ouvriers,CH,SU8,voiture,industrie,fr,15.55
F,6813,68,H,55+,ouvriers,DE,AL3,velo,industrie,fr,4.97
F,6813,68,H,55+,ouvriers,DE,AL3,voiture,commerce_services,fr,22.73
F,6813,68,H,55+,ouvriers,DE,AL3,voiture,industrie,etr,1.32
F,6813,68,H,55+,ouvriers,DE,AL3,voiture,industrie,fr,22.0
F,6813,68,H,55+,ouvriers,autre,MO0,voiture,commerce_services,fr,4.98
F,6813,68,H,55+,prof_inter,CH,SU6,voiture,commerce_services,fr,41.56
F,6813,68,H,55+,prof_inter,CH,SU6,voiture,industrie,fr,13.08
F,6813,68,H,55+,prof_inter,CH,SU6,voiture,public_sante,etr,4.03
F,6813,68,H,55+,prof_inter,CH,SU6,voiture,public_sante,fr,1.23
F,6813,68,H,55+,prof_inter,CH,SU7,tc,industrie,fr,3.8
F,6813,68,H,55+,prof_inter,CH,SU7,tc,public_sante,etr,3.11
F,6813,68,H,55+,prof_inter,CH,SU7,voiture,commerce_services,etr,3.57
F,6813,68,H,55+,prof_inter,CH,SU7,voiture,commerce_services,fr,24.22
F,6813,68,H,55+,prof_inter,CH,SU7,voiture,construction,fr,10.1
F,6813,68,H,55+,prof_inter,CH,SU7,voiture,industrie,fr,12.35
F,6813,68,H,55+,prof_inter,CH,SU7,voiture,public_sante,fr,3.21
F,6813,68,H,55+,prof_inter,CH,SU8,voiture,industrie,etr,3.83
F,6813,68,H,55+,prof_inter,CH,SUA,voiture,public_sante,fr,5.01
F,6813,68,H,55+,prof_inter,CH,SUD,voiture,industrie,fr,6.22
F,6813,68,H,55+,prof_inter,DE,AL3,voiture,commerce_services,fr,4.04
F,6813,68,H,55+,prof_inter,DE,AL3,voiture,construction,fr,5.05
F,6813,68,H,55+,prof_inter,DE,AL3,voiture,industrie,fr,5.07
F,6813,68,H,55+,prof_inter,DE,AL3,voiture,public_sante,fr,15.95
F,6814,68,F,15-29,artisans,CH,SU6,tc,commerce_services,fr,3.83
F,6814,68,F,15-29,artisans,CH,SU6,voiture,commerce_services,etr,5.12
F,6814,68,F,15-29,artisans,CH,SU8,tc,commerce_services,fr,3.99
F,6814,68,F,15-29,artisans,DE,AL3,voiture,commerce_services,etr,4.87
F,6814,68,F,15-29,cadres,CH,SU1,tc,commerce_services,fr,1.39
F,6814,68,F,15-29,cadres,CH,SU2,tc,public_sante,etr,4.22
F,6814,68,F,15-29,cadres,CH,SU5,voiture,commerce_services,fr,12.28
F,6814,68,F,15-29,cadres,CH,SU6,marche,commerce_services,fr,3.85
F,6814,68,F,15-29,cadres,CH,SU6,marche,industrie,fr,1.39
F,6814,68,F,15-29,cadres,CH,SU6,tc,commerce_services,fr,16.89
F,6814,68,F,15-29,cadres,CH,SU6,tc,industrie,etr,1.14
F,6814,68,F,15-29,cadres,CH,SU6,tc,industrie,fr,5.55
F,6814,68,F,15-29,cadres,CH,SU6,tc,public_sante,etr,1.32
F,6814,68,F,15-29,cadres,CH,SU6,tc,public_sante,fr,1.39
F,6814,68,F,15-29,cadres,CH,SU6,velo,commerce_services,fr,9.57
F,6814,68,F,15-29,cadres,CH,SU6,velo,industrie,fr,9.33
F,6814,68,F,15-29,cadres,CH,SU6,velo,public_sante,etr,9.51
F,6814,68,F,15-29,cadres,CH,SU6,voiture,commerce_services,fr,9.67
F,6814,68,F,15-29,cadres,CH,SU6,voiture,industrie,fr,2.28
F,6814,68,F,15-29,cadres,CH,SU6,voiture,public_sante,etr,1.14
F,6814,68,F,15-29,cadres,CH,SU6,voiture,public_sante,fr,4.42
F,6814,68,F,15-29,cadres,CH,SU7,marche,industrie,etr,4.53
F,6814,68,F,15-29,cadres,CH,SU7,voiture,commerce_services,fr,14.25
F,6814,68,F,15-29,cadres,CH,SU7,voiture,industrie,fr,6.95
F,6814,68,F,15-29,cadres,CH,SU8,tc,commerce_services,fr,4.78
F,6814,68,F,15-29,cadres,CH,SU8,tc,industrie,fr,1.39
F,6814,68,F,15-29,cadres,CH,SU8,voiture,commerce_services,etr,1.26
F,6814,68,F,15-29,cadres,CH,SU8,voiture,industrie,fr,4.78
F,6814,68,F,15-29,cadres,CH,SU8,voiture,public_sante,fr,3.92
F,6814,68,F,15-29,cadres,CH,SUC,tc,industrie,fr,4.23
F,6814,68,F,15-29,cadres,CH,SUD,voiture,public_sante,fr,3.9
F,6814,68,F,15-29,cadres,DE,AL3,voiture,public_sante,etr,1.31
F,6814,68,F,15-29,cadres,autre,LU3,tc,public_sante,fr,5.18
F,6814,68,F,15-29,employes,CH,SU1,voiture,commerce_services,fr,5.28
F,6814,68,F,15-29,employes,CH,SU2,voiture,commerce_services,fr,1.39
F,6814,68,F,15-29,employes,CH,SU2,voiture,industrie,etr,1.31
F,6814,68,F,15-29,employes,CH,SU6,deux_roues,commerce_services,fr,5.23
F,6814,68,F,15-29,employes,CH,SU6,marche,commerce_services,etr,4.23
F,6814,68,F,15-29,employes,CH,SU6,tc,commerce_services,etr,12.71
F,6814,68,F,15-29,employes,CH,SU6,tc,commerce_services,fr,36.82
F,6814,68,F,15-29,employes,CH,SU6,tc,public_sante,fr,13.35
F,6814,68,F,15-29,employes,CH,SU6,velo,commerce_services,etr,9.08
F,6814,68,F,15-29,employes,CH,SU6,velo,commerce_services,fr,5.61
F,6814,68,F,15-29,employes,CH,SU6,velo,industrie,fr,6.48
F,6814,68,F,15-29,employes,CH,SU6,velo,public_sante,etr,5.33
F,6814,68,F,15-29,employes,CH,SU6,velo,public_sante,fr,1.11
F,6814,68,F,15-29,employes,CH,SU6,voiture,commerce_services,etr,34.94
F,6814,68,F,15-29,employes,CH,SU6,voiture,commerce_services,fr,57.16
F,6814,68,F,15-29,employes,CH,SU6,voiture,industrie,fr,5.01
F,6814,68,F,15-29,employes,CH,SU6,voiture,public_sante,etr,13.63
F,6814,68,F,15-29,employes,CH,SU6,voiture,public_sante,fr,21.36
F,6814,68,F,15-29,employes,CH,SU7,tc,commerce_services,etr,4.78
F,6814,68,F,15-29,employes,CH,SU7,tc,public_sante,etr,2.65
F,6814,68,F,15-29,employes,CH,SU7,velo,commerce_services,fr,1.39
F,6814,68,F,15-29,employes,CH,SU7,velo,industrie,fr,3.38
F,6814,68,F,15-29,employes,CH,SU7,voiture,commerce_services,etr,11.43
F,6814,68,F,15-29,employes,CH,SU7,voiture,commerce_services,fr,32.48
F,6814,68,F,15-29,employes,CH,SU7,voiture,construction,fr,5.17
F,6814,68,F,15-29,employes,CH,SU7,voiture,industrie,fr,5.62
F,6814,68,F,15-29,employes,CH,SU7,voiture,public_sante,fr,4.05
F,6814,68,F,15-29,employes,CH,SU8,voiture,public_sante,fr,4.95
F,6814,68,F,15-29,employes,CH,SU9,voiture,commerce_services,etr,1.39
F,6814,68,F,15-29,employes,CH,SU9,voiture,commerce_services,fr,1.31
F,6814,68,F,15-29,employes,CH,SU9,voiture,public_sante,fr,1.39
F,6814,68,F,15-29,employes,CH,SUD,voiture,commerce_services,fr,1.14
F,6814,68,F,15-29,employes,CH,SUD,voiture,public_sante,fr,4.64
F,6814,68,F,15-29,employes,DE,AL3,tc,commerce_services,fr,4.3
F,6814,68,F,15-29,employes,DE,AL3,tc,public_sante,fr,3.37
F,6814,68,F,15-29,employes,DE,AL3,velo,commerce_services,etr,5.01
F,6814,68,F,15-29,employes,DE,AL3,voiture,commerce_services,etr,8.52
F,6814,68,F,15-29,employes,DE,AL3,voiture,commerce_services,fr,6.55
F,6814,68,F,15-29,ouvriers,CH,SU6,marche,industrie,etr,4.23
F,6814,68,F,15-29,ouvriers,CH,SU6,tc,commerce_services,etr,6.71
F,6814,68,F,15-29,ouvriers,CH,SU6,tc,commerce_services,fr,4.04
F,6814,68,F,15-29,ouvriers,CH,SU6,tc,industrie,fr,4.64
F,6814,68,F,15-29,ouvriers,CH,SU6,velo,public_sante,fr,5.27
F,6814,68,F,15-29,ouvriers,CH,SU6,voiture,commerce_services,etr,8.59
F,6814,68,F,15-29,ouvriers,CH,SU6,voiture,commerce_services,fr,16.3
F,6814,68,F,15-29,ouvriers,CH,SU6,voiture,industrie,etr,3.99
F,6814,68,F,15-29,ouvriers,CH,SU7,voiture,commerce_services,etr,4.39
F,6814,68,F,15-29,ouvriers,CH,SU7,voiture,commerce_services,fr,17.93
F,6814,68,F,15-29,ouvriers,CH,SU7,voiture,industrie,fr,9.69
F,6814,68,F,15-29,ouvriers,CH,SU9,voiture,commerce_services,fr,4.95
F,6814,68,F,15-29,ouvriers,DE,AL3,voiture,industrie,etr,4.75
F,6814,68,F,15-29,prof_inter,CH,SU2,tc,commerce_services,fr,4.64
F,6814,68,F,15-29,prof_inter,CH,SU2,voiture,commerce_services,fr,4.79
F,6814,68,F,15-29,prof_inter,CH,SU2,voiture,public_sante,etr,1.31
F,6814,68,F,15-29,prof_inter,CH,SU6,deux_roues,public_sante,fr,2.77
F,6814,68,F,15-29,prof_inter,CH,SU6,tc,commerce_services,etr,3.86
F,6814,68,F,15-29,prof_inter,CH,SU6,tc,commerce_services,fr,7.47
F,6814,68,F,15-29,prof_inter,CH,SU6,tc,industrie,fr,3.86
F,6814,68,F,15-29,prof_inter,CH,SU6,tc,public_sante,etr,16.07
F,6814,68,F,15-29,prof_inter,CH,SU6,tc,public_sante,fr,18.11
F,6814,68,F,15-29,prof_inter,CH,SU6,velo,commerce_services,etr,1.39
F,6814,68,F,15-29,prof_inter,CH,SU6,velo,industrie,fr,6.16
F,6814,68,F,15-29,prof_inter,CH,SU6,velo,public_sante,etr,1.39
F,6814,68,F,15-29,prof_inter,CH,SU6,velo,public_sante,fr,11.46
F,6814,68,F,15-29,prof_inter,CH,SU6,voiture,commerce_services,etr,3.92
F,6814,68,F,15-29,prof_inter,CH,SU6,voiture,commerce_services,fr,44.62
F,6814,68,F,15-29,prof_inter,CH,SU6,voiture,industrie,fr,16.36
F,6814,68,F,15-29,prof_inter,CH,SU6,voiture,public_sante,etr,16.57
F,6814,68,F,15-29,prof_inter,CH,SU6,voiture,public_sante,fr,21.34
F,6814,68,F,15-29,prof_inter,CH,SU7,tc,public_sante,fr,3.99
F,6814,68,F,15-29,prof_inter,CH,SU7,voiture,commerce_services,fr,2.53
F,6814,68,F,15-29,prof_inter,CH,SU7,voiture,public_sante,etr,10.31
F,6814,68,F,15-29,prof_inter,CH,SU7,voiture,public_sante,fr,22.74
F,6814,68,F,15-29,prof_inter,CH,SU8,voiture,commerce_services,etr,3.24
F,6814,68,F,15-29,prof_inter,CH,SU8,voiture,commerce_services,fr,6.15
F,6814,68,F,15-29,prof_inter,CH,SU8,voiture,public_sante,fr,1.39
F,6814,68,F,15-29,prof_inter,DE,AL3,tc,public_sante,etr,5.23
F,6814,68,F,15-29,prof_inter,DE,AL3,voiture,public_sante,etr,1.39
F,6814,68,F,30-44,artisans,CH,SU1,tc,commerce_services,etr,5.14
F,6814,68,F,30-44,artisans,CH,SU6,marche,commerce_services,fr,4.87
F,6814,68,F,30-44,artisans,CH,SU6,tc,industrie,fr,3.3
F,6814,68,F,30-44,artisans,CH,SU6,voiture,commerce_services,etr,4.05
F,6814,68,F,30-44,artisans,CH,SU7,voiture,commerce_services,etr,4.75
F,6814,68,F,30-44,cadres,CH,SU1,tc,public_sante,etr,5.08
F,6814,68,F,30-44,cadres,CH,SU1,tc,public_sante,fr,3.43
F,6814,68,F,30-44,cadres,CH,SU1,voiture,commerce_services,fr,4.8
F,6814,68,F,30-44,cadres,CH,SU1,voiture,public_sante,fr,4.39
F,6814,68,F,30-44,cadres,CH,SU5,velo,public_sante,etr,3.37
F,6814,68,F,30-44,cadres,CH,SU5,voiture,commerce_services,fr,9.09
F,6814,68,F,30-44,cadres,CH,SU5,voiture,industrie,fr,7.83
F,6814,68,F,30-44,cadres,CH,SU5,voiture,public_sante,etr,4.95
F,6814,68,F,30-44,cadres,CH,SU6,aucun,industrie,fr,1.31
F,6814,68,F,30-44,cadres,CH,SU6,deux_roues,industrie,fr,5.18
F,6814,68,F,30-44,cadres,CH,SU6,marche,commerce_services,etr,1.39
F,6814,68,F,30-44,cadres,CH,SU6,marche,industrie,fr,21.56
F,6814,68,F,30-44,cadres,CH,SU6,tc,commerce_services,etr,7.72
F,6814,68,F,30-44,cadres,CH,SU6,tc,commerce_services,fr,22.98
F,6814,68,F,30-44,cadres,CH,SU6,tc,industrie,etr,5.16
F,6814,68,F,30-44,cadres,CH,SU6,tc,industrie,fr,5.61
F,6814,68,F,30-44,cadres,CH,SU6,tc,public_sante,fr,1.39
F,6814,68,F,30-44,cadres,CH,SU6,velo,commerce_services,etr,13.98
F,6814,68,F,30-44,cadres,CH,SU6,velo,commerce_services,fr,18.53
F,6814,68,F,30-44,cadres,CH,SU6,velo,industrie,etr,25.05
F,6814,68,F,30-44,cadres,CH,SU6,velo,industrie,fr,57.47
F,6814,68,F,30-44,cadres,CH,SU6,velo,public_sante,etr,34.06
F,6814,68,F,30-44,cadres,CH,SU6,velo,public_sante,fr,16.84
F,6814,68,F,30-44,cadres,CH,SU6,voiture,commerce_services,etr,37.69
F,6814,68,F,30-44,cadres,CH,SU6,voiture,commerce_services,fr,80.09
F,6814,68,F,30-44,cadres,CH,SU6,voiture,industrie,etr,35.74
F,6814,68,F,30-44,cadres,CH,SU6,voiture,industrie,fr,115.31
F,6814,68,F,30-44,cadres,CH,SU6,voiture,public_sante,etr,1.39
F,6814,68,F,30-44,cadres,CH,SU6,voiture,public_sante,fr,11.62
F,6814,68,F,30-44,cadres,CH,SU7,tc,commerce_services,etr,3.92
F,6814,68,F,30-44,cadres,CH,SU7,tc,commerce_services,fr,9.26
F,6814,68,F,30-44,cadres,CH,SU7,tc,public_sante,etr,4.64
F,6814,68,F,30-44,cadres,CH,SU7,velo,commerce_services,fr,5.14
F,6814,68,F,30-44,cadres,CH,SU7,velo,industrie,fr,1.31
F,6814,68,F,30-44,cadres,CH,SU7,voiture,commerce_services,etr,16.15
F,6814,68,F,30-44,cadres,CH,SU7,voiture,commerce_services,fr,59.24
F,6814,68,F,30-44,cadres,CH,SU7,voiture,industrie,etr,1.31
F,6814,68,F,30-44,cadres,CH,SU7,voiture,industrie,fr,17.89
F,6814,68,F,30-44,cadres,CH,SU8,tc,commerce_services,etr,4.23
F,6814,68,F,30-44,cadres,CH,SU8,voiture,commerce_services,etr,12.99
F,6814,68,F,30-44,cadres,CH,SU8,voiture,commerce_services,fr,1.26
F,6814,68,F,30-44,cadres,CH,SU8,voiture,industrie,etr,3.84
F,6814,68,F,30-44,cadres,CH,SU8,voiture,industrie,fr,36.37
F,6814,68,F,30-44,cadres,CH,SUB,voiture,commerce_services,fr,1.26
F,6814,68,F,30-44,cadres,CH,SUC,velo,commerce_services,fr,5.16
F,6814,68,F,30-44,cadres,CH,SUD,voiture,public_sante,fr,4.05
F,6814,68,F,30-44,cadres,DE,AL3,tc,commerce_services,fr,5.12
F,6814,68,F,30-44,cadres,DE,AL3,velo,public_sante,etr,4.3
F,6814,68,F,30-44,cadres,DE,AL3,voiture,commerce_services,etr,8.77
F,6814,68,F,30-44,cadres,DE,AL3,voiture,commerce_services,fr,4.95
F,6814,68,F,30-44,cadres,DE,AL3,voiture,construction,fr,10.61
F,6814,68,F,30-44,cadres,DE,AL3,voiture,industrie,etr,11.6
F,6814,68,F,30-44,cadres,DE,AL3,voiture,public_sante,etr,16.05
F,6814,68,F,30-44,employes,CH,SU5,voiture,commerce_services,fr,10.28
F,6814,68,F,30-44,employes,CH,SU6,aucun,public_sante,fr,1.31
F,6814,68,F,30-44,employes,CH,SU6,deux_roues,commerce_services,fr,5.18
F,6814,68,F,30-44,employes,CH,SU6,tc,commerce_services,etr,34.6
F,6814,68,F,30-44,employes,CH,SU6,tc,commerce_services,fr,35.92
F,6814,68,F,30-44,employes,CH,SU6,tc,construction,etr,5.01
F,6814,68,F,30-44,employes,CH,SU6,tc,construction,fr,4.23
F,6814,68,F,30-44,employes,CH,SU6,tc,industrie,etr,4.3
F,6814,68,F,30-44,employes,CH,SU6,tc,public_sante,etr,5.53
F,6814,68,F,30-44,employes,CH,SU6,tc,public_sante,fr,17.12
F,6814,68,F,30-44,employes,CH,SU6,velo,commerce_services,etr,11.0
F,6814,68,F,30-44,employes,CH,SU6,velo,industrie,etr,5.17
F,6814,68,F,30-44,employes,CH,SU6,velo,public_sante,fr,4.22
F,6814,68,F,30-44,employes,CH,SU6,voiture,commerce_services,etr,65.43
F,6814,68,F,30-44,employes,CH,SU6,voiture,commerce_services,fr,192.14
F,6814,68,F,30-44,employes,CH,SU6,voiture,industrie,etr,14.21
F,6814,68,F,30-44,employes,CH,SU6,voiture,industrie,fr,29.69
F,6814,68,F,30-44,employes,CH,SU6,voiture,public_sante,etr,35.28
F,6814,68,F,30-44,employes,CH,SU6,voiture,public_sante,fr,48.37
F,6814,68,F,30-44,employes,CH,SU7,tc,commerce_services,etr,11.89
F,6814,68,F,30-44,employes,CH,SU7,tc,public_sante,fr,4.53
F,6814,68,F,30-44,employes,CH,SU7,voiture,commerce_services,etr,24.74
F,6814,68,F,30-44,employes,CH,SU7,voiture,commerce_services,fr,64.48
F,6814,68,F,30-44,employes,CH,SU7,voiture,industrie,fr,14.97
F,6814,68,F,30-44,employes,CH,SU7,voiture,public_sante,fr,17.03
F,6814,68,F,30-44,employes,CH,SU8,voiture,commerce_services,etr,10.36
F,6814,68,F,30-44,employes,CH,SU8,voiture,commerce_services,fr,4.53
F,6814,68,F,30-44,employes,CH,SU8,voiture,public_sante,etr,4.14
F,6814,68,F,30-44,employes,CH,SU9,tc,commerce_services,etr,1.31
F,6814,68,F,30-44,employes,CH,SU9,voiture,commerce_services,fr,4.95
F,6814,68,F,30-44,employes,CH,SUD,voiture,commerce_services,fr,1.11
F,6814,68,F,30-44,employes,DE,AL2,tc,public_sante,etr,3.84
F,6814,68,F,30-44,employes,DE,AL3,marche,commerce_services,etr,5.1
F,6814,68,F,30-44,employes,DE,AL3,tc,commerce_services,etr,10.65
F,6814,68,F,30-44,employes,DE,AL3,velo,commerce_services,etr,5.23
F,6814,68,F,30-44,employes,DE,AL3,voiture,commerce_services,etr,15.43
F,6814,68,F,30-44,employes,DE,AL3,voiture,commerce_services,fr,5.18
F,6814,68,F,30-44,employes,DE,AL3,voiture,industrie,etr,5.08
F,6814,68,F,30-44,employes,DE,AL3,voiture,public_sante,etr,5.09
F,6814,68,F,30-44,ouvriers,CH,SU1,voiture,commerce_services,etr,5.38
F,6814,68,F,30-44,ouvriers,CH,SU2,voiture,commerce_services,fr,1.31
F,6814,68,F,30-44,ouvriers,CH,SU2,voiture,industrie,fr,1.32
F,6814,68,F,30-44,ouvriers,CH,SU5,voiture,construction,etr,9.82
F,6814,68,F,30-44,ouvriers,CH,SU6,deux_roues,commerce_services,fr,5.55
F,6814,68,F,30-44,ouvriers,CH,SU6,tc,commerce_services,etr,21.39
F,6814,68,F,30-44,ouvriers,CH,SU6,tc,commerce_services,fr,1.39
F,6814,68,F,30-44,ouvriers,CH,SU6,velo,commerce_services,fr,7.99
F,6814,68,F,30-44,ouvriers,CH,SU6,voiture,commerce_services,etr,47.93
F,6814,68,F,30-44,ouvriers,CH,SU6,voiture,commerce_services,fr,39.91
F,6814,68,F,30-44,ouvriers,CH,SU6,voiture,industrie,etr,12.66
F,6814,68,F,30-44,ouvriers,CH,SU6,voiture,industrie,fr,15.48
F,6814,68,F,30-44,ouvriers,CH,SU6,voiture,public_sante,etr,3.85
F,6814,68,F,30-44,ouvriers,CH,SU7,tc,commerce_services,etr,9.01
F,6814,68,F,30-44,ouvriers,CH,SU7,tc,commerce_services,fr,3.38
F,6814,68,F,30-44,ouvriers,CH,SU7,velo,commerce_services,fr,3.38
F,6814,68,F,30-44,ouvriers,CH,SU7,voiture,agriculture,fr,3.99
F,6814,68,F,30-44,ouvriers,CH,SU7,voiture,commerce_services,etr,4.75
F,6814,68,F,30-44,ouvriers,CH,SU7,voiture,commerce_services,fr,11.45
F,6814,68,F,30-44,ouvriers,CH,SU7,voiture,industrie,fr,16.89
F,6814,68,F,30-44,ouvriers,CH,SU7,voiture,public_sante,etr,5.08
F,6814,68,F,30-44,ouvriers,CH,SU8,voiture,construction,etr,9.74
F,6814,68,F,30-44,ouvriers,CH,SU8,voiture,industrie,fr,5.23
F,6814,68,F,30-44,ouvriers,CH,SU9,voiture,commerce_services,fr,3.9
F,6814,68,F,30-44,ouvriers,CH,SUD,voiture,industrie,fr,7.16
F,6814,68,F,30-44,ouvriers,DE,AL3,tc,industrie,etr,5.12
F,6814,68,F,30-44,prof_inter,CH,SU1,tc,commerce_services,fr,9.99
F,6814,68,F,30-44,prof_inter,CH,SU1,voiture,commerce_services,fr,4.39
F,6814,68,F,30-44,prof_inter,CH,SU2,tc,public_sante,fr,5.26
F,6814,68,F,30-44,prof_inter,CH,SU2,voiture,industrie,fr,1.31
F,6814,68,F,30-44,prof_inter,CH,SU5,voiture,commerce_services,etr,3.54
F,6814,68,F,30-44,prof_inter,CH,SU5,voiture,commerce_services,fr,4.22
F,6814,68,F,30-44,prof_inter,CH,SU5,voiture,industrie,fr,3.54
F,6814,68,F,30-44,prof_inter,CH,SU6,deux_roues,public_sante,etr,5.18
F,6814,68,F,30-44,prof_inter,CH,SU6,tc,commerce_services,etr,11.3
F,6814,68,F,30-44,prof_inter,CH,SU6,tc,commerce_services,fr,24.55
F,6814,68,F,30-44,prof_inter,CH,SU6,tc,industrie,etr,1.39
F,6814,68,F,30-44,prof_inter,CH,SU6,tc,industrie,fr,11.31
F,6814,68,F,30-44,prof_inter,CH,SU6,tc,public_sante,etr,5.25
F,6814,68,F,30-44,prof_inter,CH,SU6,tc,public_sante,fr,9.06
F,6814,68,F,30-44,prof_inter,CH,SU6,velo,commerce_services,etr,10.05
F,6814,68,F,30-44,prof_inter,CH,SU6,velo,commerce_services,fr,13.45
F,6814,68,F,30-44,prof_inter,CH,SU6,velo,industrie,etr,10.23
F,6814,68,F,30-44,prof_inter,CH,SU6,velo,industrie,fr,12.21
F,6814,68,F,30-44,prof_inter,CH,SU6,velo,public_sante,etr,23.96
F,6814,68,F,30-44,prof_inter,CH,SU6,velo,public_sante,fr,2.77
F,6814,68,F,30-44,prof_inter,CH,SU6,voiture,commerce_services,etr,41.29
F,6814,68,F,30-44,prof_inter,CH,SU6,voiture,commerce_services,fr,53.99
F,6814,68,F,30-44,prof_inter,CH,SU6,voiture,industrie,etr,21.36
F,6814,68,F,30-44,prof_inter,CH,SU6,voiture,industrie,fr,49.51
F,6814,68,F,30-44,prof_inter,CH,SU6,voiture,public_sante,etr,37.52
F,6814,68,F,30-44,prof_inter,CH,SU6,voiture,public_sante,fr,37.58
F,6814,68,F,30-44,prof_inter,CH,SU7,tc,commerce_services,fr,5.1
F,6814,68,F,30-44,prof_inter,CH,SU7,tc,public_sante,etr,3.86
F,6814,68,F,30-44,prof_inter,CH,SU7,velo,commerce_services,fr,9.24
F,6814,68,F,30-44,prof_inter,CH,SU7,voiture,commerce_services,etr,14.4
F,6814,68,F,30-44,prof_inter,CH,SU7,voiture,commerce_services,fr,15.75
F,6814,68,F,30-44,prof_inter,CH,SU7,voiture,industrie,fr,4.95
F,6814,68,F,30-44,prof_inter,CH,SU7,voiture,public_sante,etr,20.02
F,6814,68,F,30-44,prof_inter,CH,SU7,voiture,public_sante,fr,30.59
F,6814,68,F,30-44,prof_inter,CH,SU8,tc,commerce_services,fr,1.39
F,6814,68,F,30-44,prof_inter,CH,SU8,voiture,commerce_services,etr,1.32
F,6814,68,F,30-44,prof_inter,CH,SU8,voiture,commerce_services,fr,3.25
F,6814,68,F,30-44,prof_inter,CH,SU8,voiture,construction,fr,4.42
F,6814,68,F,30-44,prof_inter,CH,SU8,voiture,industrie,etr,5.33
F,6814,68,F,30-44,prof_inter,CH,SU8,voiture,industrie,fr,8.41
F,6814,68,F,30-44,prof_inter,CH,SU8,voiture,public_sante,etr,5.12
F,6814,68,F,30-44,prof_inter,CH,SUB,voiture,commerce_services,fr,4.78
F,6814,68,F,30-44,prof_inter,CH,SUC,tc,commerce_services,etr,4.22
F,6814,68,F,30-44,prof_inter,CH,SUD,voiture,industrie,fr,4.89
F,6814,68,F,30-44,prof_inter,CH,SUD,voiture,public_sante,fr,4.91
F,6814,68,F,30-44,prof_inter,DE,AL3,velo,commerce_services,etr,4.9
F,6814,68,F,30-44,prof_inter,DE,AL3,voiture,commerce_services,etr,1.26
F,6814,68,F,30-44,prof_inter,DE,AL3,voiture,commerce_services,fr,4.64
F,6814,68,F,30-44,prof_inter,DE,AL3,voiture,industrie,fr,4.77
F,6814,68,F,30-44,prof_inter,DE,AL3,voiture,public_sante,etr,20.09
F,6814,68,F,30-44,prof_inter,DE,AL3,voiture,public_sante,fr,4.05
F,6814,68,F,45-54,artisans,CH,SU2,tc,industrie,fr,4.42
F,6814,68,F,45-54,artisans,CH,SU6,voiture,commerce_services,etr,4.53
F,6814,68,F,45-54,artisans,CH,SU6,voiture,commerce_services,fr,9.32
F,6814,68,F,45-54,artisans,CH,SU6,voiture,industrie,etr,4.95
F,6814,68,F,45-54,artisans,CH,SU6,voiture,public_sante,etr,4.23
F,6814,68,F,45-54,artisans,CH,SU6,voiture,public_sante,fr,10.54
F,6814,68,F,45-54,artisans,CH,SU7,voiture,commerce_services,fr,5.0
F,6814,68,F,45-54,artisans,autre,ZZZ,tc,commerce_services,etr,4.22
F,6814,68,F,45-54,cadres,CH,SU1,tc,commerce_services,etr,5.14
F,6814,68,F,45-54,cadres,CH,SU1,tc,commerce_services,fr,10.03
F,6814,68,F,45-54,cadres,CH,SU1,tc,public_sante,etr,4.3
F,6814,68,F,45-54,cadres,CH,SU5,voiture,commerce_services,fr,5.28
F,6814,68,F,45-54,cadres,CH,SU6,deux_roues,industrie,fr,1.31
F,6814,68,F,45-54,cadres,CH,SU6,marche,commerce_services,fr,4.78
F,6814,68,F,45-54,cadres,CH,SU6,marche,industrie,fr,7.78
F,6814,68,F,45-54,cadres,CH,SU6,tc,commerce_services,fr,5.33
F,6814,68,F,45-54,cadres,CH,SU6,tc,industrie,etr,10.23
F,6814,68,F,45-54,cadres,CH,SU6,tc,industrie,fr,14.58
F,6814,68,F,45-54,cadres,CH,SU6,velo,commerce_services,etr,8.16
F,6814,68,F,45-54,cadres,CH,SU6,velo,industrie,etr,4.3
F,6814,68,F,45-54,cadres,CH,SU6,velo,industrie,fr,46.8
F,6814,68,F,45-54,cadres,CH,SU6,voiture,commerce_services,etr,12.63
F,6814,68,F,45-54,cadres,CH,SU6,voiture,commerce_services,fr,63.33
F,6814,68,F,45-54,cadres,CH,SU6,voiture,industrie,etr,15.42
F,6814,68,F,45-54,cadres,CH,SU6,voiture,industrie,fr,103.01
F,6814,68,F,45-54,cadres,CH,SU6,voiture,public_sante,etr,4.3
F,6814,68,F,45-54,cadres,CH,SU6,voiture,public_sante,fr,8.63
F,6814,68,F,45-54,cadres,CH,SU7,tc,industrie,fr,8.88
F,6814,68,F,45-54,cadres,CH,SU7,velo,industrie,fr,5.02
F,6814,68,F,45-54,cadres,CH,SU7,voiture,commerce_services,etr,20.26
F,6814,68,F,45-54,cadres,CH,SU7,voiture,commerce_services,fr,55.79
F,6814,68,F,45-54,cadres,CH,SU7,voiture,industrie,etr,1.39
F,6814,68,F,45-54,cadres,CH,SU7,voiture,industrie,fr,20.0
F,6814,68,F,45-54,cadres,CH,SU7,voiture,public_sante,etr,11.28
F,6814,68,F,45-54,cadres,CH,SU7,voiture,public_sante,fr,9.61
F,6814,68,F,45-54,cadres,CH,SU8,voiture,commerce_services,fr,10.27
F,6814,68,F,45-54,cadres,CH,SU8,voiture,industrie,fr,24.53
F,6814,68,F,45-54,cadres,CH,SUC,voiture,industrie,fr,4.64
F,6814,68,F,45-54,cadres,DE,AL3,velo,public_sante,etr,5.18
F,6814,68,F,45-54,cadres,DE,AL3,voiture,commerce_services,etr,5.33
F,6814,68,F,45-54,cadres,DE,AL3,voiture,commerce_services,fr,5.09
F,6814,68,F,45-54,cadres,DE,AL3,voiture,industrie,fr,5.33
F,6814,68,F,45-54,cadres,DE,AL3,voiture,public_sante,etr,11.42
F,6814,68,F,45-54,cadres,DE,AL3,voiture,public_sante,fr,4.89
F,6814,68,F,45-54,employes,CH,SU1,voiture,commerce_services,fr,5.23
F,6814,68,F,45-54,employes,CH,SU2,voiture,commerce_services,etr,1.31
F,6814,68,F,45-54,employes,CH,SU2,voiture,commerce_services,fr,5.0
F,6814,68,F,45-54,employes,CH,SU5,voiture,commerce_services,fr,6.32
F,6814,68,F,45-54,employes,CH,SU6,deux_roues,public_sante,etr,4.91
F,6814,68,F,45-54,employes,CH,SU6,marche,commerce_services,fr,4.01
F,6814,68,F,45-54,employes,CH,SU6,tc,commerce_services,etr,31.09
F,6814,68,F,45-54,employes,CH,SU6,tc,commerce_services,fr,30.8
F,6814,68,F,45-54,employes,CH,SU6,tc,construction,fr,1.11
F,6814,68,F,45-54,employes,CH,SU6,tc,public_sante,etr,15.96
F,6814,68,F,45-54,employes,CH,SU6,tc,public_sante,fr,14.31
F,6814,68,F,45-54,employes,CH,SU6,velo,commerce_services,etr,10.27
F,6814,68,F,45-54,employes,CH,SU6,velo,commerce_services,fr,5.23
F,6814,68,F,45-54,employes,CH,SU6,velo,public_sante,etr,3.5
F,6814,68,F,45-54,employes,CH,SU6,velo,public_sante,fr,4.78
F,6814,68,F,45-54,employes,CH,SU6,voiture,commerce_services,etr,26.56
F,6814,68,F,45-54,employes,CH,SU6,voiture,commerce_services,fr,79.23
F,6814,68,F,45-54,employes,CH,SU6,voiture,industrie,fr,49.45
F,6814,68,F,45-54,employes,CH,SU6,voiture,public_sante,etr,28.59
F,6814,68,F,45-54,employes,CH,SU6,voiture,public_sante,fr,40.45
F,6814,68,F,45-54,employes,CH,SU7,marche,commerce_services,fr,5.1
F,6814,68,F,45-54,employes,CH,SU7,tc,commerce_services,fr,5.24
F,6814,68,F,45-54,employes,CH,SU7,tc,public_sante,fr,5.18
F,6814,68,F,45-54,employes,CH,SU7,velo,commerce_services,fr,9.92
F,6814,68,F,45-54,employes,CH,SU7,voiture,commerce_services,etr,7.69
F,6814,68,F,45-54,employes,CH,SU7,voiture,commerce_services,fr,65.83
F,6814,68,F,45-54,employes,CH,SU7,voiture,industrie,fr,34.4
F,6814,68,F,45-54,employes,CH,SU7,voiture,public_sante,fr,15.17
F,6814,68,F,45-54,employes,CH,SU8,tc,public_sante,etr,4.14
F,6814,68,F,45-54,employes,CH,SU8,voiture,commerce_services,fr,8.94
F,6814,68,F,45-54,employes,CH,SU8,voiture,public_sante,fr,3.99
F,6814,68,F,45-54,employes,CH,SU9,tc,public_sante,etr,1.11
F,6814,68,F,45-54,employes,CH,SUD,voiture,commerce_services,etr,4.78
F,6814,68,F,45-54,employes,DE,AL3,tc,commerce_services,etr,3.85
F,6814,68,F,45-54,employes,DE,AL3,tc,commerce_services,fr,4.19
F,6814,68,F,45-54,employes,DE,AL3,voiture,commerce_services,fr,5.14
F,6814,68,F,45-54,employes,DE,AL3,voiture,industrie,fr,5.01
F,6814,68,F,45-54,ouvriers,CH,SU3,voiture,commerce_services,fr,4.05
F,6814,68,F,45-54,ouvriers,CH,SU6,marche,commerce_services,etr,4.22
F,6814,68,F,45-54,ouvriers,CH,SU6,marche,commerce_services,fr,3.92
F,6814,68,F,45-54,ouvriers,CH,SU6,tc,commerce_services,etr,10.39
F,6814,68,F,45-54,ouvriers,CH,SU6,tc,commerce_services,fr,14.48
F,6814,68,F,45-54,ouvriers,CH,SU6,velo,commerce_services,etr,1.32
F,6814,68,F,45-54,ouvriers,CH,SU6,velo,commerce_services,fr,5.28
F,6814,68,F,45-54,ouvriers,CH,SU6,velo,industrie,etr,5.33
F,6814,68,F,45-54,ouvriers,CH,SU6,voiture,commerce_services,etr,15.8
F,6814,68,F,45-54,ouvriers,CH,SU6,voiture,commerce_services,fr,52.03
F,6814,68,F,45-54,ouvriers,CH,SU6,voiture,construction,fr,1.31
F,6814,68,F,45-54,ouvriers,CH,SU6,voiture,industrie,fr,38.71
F,6814,68,F,45-54,ouvriers,CH,SU6,voiture,public_sante,fr,3.38
F,6814,68,F,45-54,ouvriers,CH,SU7,tc,commerce_services,fr,4.3
F,6814,68,F,45-54,ouvriers,CH,SU7,voiture,commerce_services,etr,17.27
F,6814,68,F,45-54,ouvriers,CH,SU7,voiture,commerce_services,fr,6.56
F,6814,68,F,45-54,ouvriers,CH,SU7,voiture,industrie,etr,3.5
F,6814,68,F,45-54,ouvriers,CH,SU7,voiture,industrie,fr,5.1
F,6814,68,F,45-54,ouvriers,CH,SU8,voiture,commerce_services,fr,4.79
F,6814,68,F,45-54,ouvriers,CH,SU8,voiture,industrie,fr,10.39
F,6814,68,F,45-54,ouvriers,DE,AL3,tc,commerce_services,etr,3.38
F,6814,68,F,45-54,prof_inter,CH,SU1,tc,industrie,fr,4.22
F,6814,68,F,45-54,prof_inter,CH,SU1,voiture,commerce_services,fr,4.95
F,6814,68,F,45-54,prof_inter,CH,SU1,voiture,public_sante,etr,4.82
F,6814,68,F,45-54,prof_inter,CH,SU6,marche,commerce_services,fr,5.18
F,6814,68,F,45-54,prof_inter,CH,SU6,tc,commerce_services,fr,8.99
F,6814,68,F,45-54,prof_inter,CH,SU6,tc,construction,etr,5.33
F,6814,68,F,45-54,prof_inter,CH,SU6,tc,industrie,fr,6.67
F,6814,68,F,45-54,prof_inter,CH,SU6,tc,public_sante,etr,5.54
F,6814,68,F,45-54,prof_inter,CH,SU6,tc,public_sante,fr,15.39
F,6814,68,F,45-54,prof_inter,CH,SU6,velo,commerce_services,fr,4.53
F,6814,68,F,45-54,prof_inter,CH,SU6,velo,public_sante,fr,5.16
F,6814,68,F,45-54,prof_inter,CH,SU6,voiture,commerce_services,etr,13.46
F,6814,68,F,45-54,prof_inter,CH,SU6,voiture,commerce_services,fr,52.35
F,6814,68,F,45-54,prof_inter,CH,SU6,voiture,industrie,etr,5.01
F,6814,68,F,45-54,prof_inter,CH,SU6,voiture,industrie,fr,46.54
F,6814,68,F,45-54,prof_inter,CH,SU6,voiture,public_sante,etr,32.12
F,6814,68,F,45-54,prof_inter,CH,SU6,voiture,public_sante,fr,28.09
F,6814,68,F,45-54,prof_inter,CH,SU7,aucun,public_sante,fr,5.27
F,6814,68,F,45-54,prof_inter,CH,SU7,tc,public_sante,fr,4.42
F,6814,68,F,45-54,prof_inter,CH,SU7,voiture,commerce_services,etr,5.18
F,6814,68,F,45-54,prof_inter,CH,SU7,voiture,commerce_services,fr,8.99
F,6814,68,F,45-54,prof_inter,CH,SU7,voiture,industrie,fr,9.76
F,6814,68,F,45-54,prof_inter,CH,SU7,voiture,public_sante,etr,4.95
F,6814,68,F,45-54,prof_inter,CH,SU7,voiture,public_sante,fr,5.01
F,6814,68,F,45-54,prof_inter,CH,SU8,voiture,commerce_services,etr,3.5
F,6814,68,F,45-54,prof_inter,CH,SU8,voiture,commerce_services,fr,4.79
F,6814,68,F,45-54,prof_inter,CH,SU8,voiture,public_sante,etr,4.95
F,6814,68,F,45-54,prof_inter,CH,SU8,voiture,public_sante,fr,9.72
F,6814,68,F,45-54,prof_inter,CH,SU9,voiture,public_sante,fr,4.95
F,6814,68,F,45-54,prof_inter,CH,SUD,tc,commerce_services,etr,5.12
F,6814,68,F,45-54,prof_inter,DE,AL3,voiture,commerce_services,fr,4.64
F,6814,68,F,45-54,prof_inter,DE,AL3,voiture,industrie,etr,4.82
F,6814,68,F,45-54,prof_inter,DE,AL3,voiture,industrie,fr,5.0
F,6814,68,F,55+,agriculteurs,CH,SU7,voiture,public_sante,etr,4.9
F,6814,68,F,55+,artisans,CH,SU6,voiture,commerce_services,fr,10.09
F,6814,68,F,55+,artisans,CH,SU7,voiture,commerce_services,fr,5.01
F,6814,68,F,55+,cadres,CH,SU6,deux_roues,public_sante,etr,4.9
F,6814,68,F,55+,cadres,CH,SU6,tc,commerce_services,etr,3.85
F,6814,68,F,55+,cadres,CH,SU6,tc,commerce_services,fr,4.64
F,6814,68,F,55+,cadres,CH,SU6,tc,industrie,etr,3.86
F,6814,68,F,55+,cadres,CH,SU6,tc,industrie,fr,1.39
F,6814,68,F,55+,cadres,CH,SU6,tc,public_sante,etr,3.99
F,6814,68,F,55+,cadres,CH,SU6,velo,industrie,etr,5.1
F,6814,68,F,55+,cadres,CH,SU6,voiture,commerce_services,etr,13.33
F,6814,68,F,55+,cadres,CH,SU6,voiture,commerce_services,fr,23.68
F,6814,68,F,55+,cadres,CH,SU6,voiture,industrie,etr,3.49
F,6814,68,F,55+,cadres,CH,SU6,voiture,industrie,fr,10.13
F,6814,68,F,55+,cadres,CH,SU6,voiture,public_sante,etr,4.95
F,6814,68,F,55+,cadres,CH,SU7,voiture,commerce_services,fr,6.97
F,6814,68,F,55+,cadres,CH,SU8,voiture,commerce_services,fr,4.86
F,6814,68,F,55+,cadres,CH,SU8,voiture,public_sante,etr,7.72
F,6814,68,F,55+,employes,CH,SU1,voiture,commerce_services,etr,4.78
F,6814,68,F,55+,employes,CH,SU5,voiture,commerce_services,fr,5.14
F,6814,68,F,55+,employes,CH,SU5,voiture,industrie,fr,5.01
F,6814,68,F,55+,employes,CH,SU6,marche,industrie,fr,4.22
F,6814,68,F,55+,employes,CH,SU6,tc,commerce_services,etr,22.24
F,6814,68,F,55+,employes,CH,SU6,tc,commerce_services,fr,42.87
F,6814,68,F,55+,employes,CH,SU6,tc,industrie,fr,16.57
F,6814,68,F,55+,employes,CH,SU6,tc,public_sante,etr,8.37
F,6814,68,F,55+,employes,CH,SU6,tc,public_sante,fr,9.97
F,6814,68,F,55+,employes,CH,SU6,velo,commerce_services,fr,9.77
F,6814,68,F,55+,employes,CH,SU6,velo,industrie,fr,4.22
F,6814,68,F,55+,employes,CH,SU6,velo,public_sante,etr,8.77
F,6814,68,F,55+,employes,CH,SU6,voiture,commerce_services,etr,34.79
F,6814,68,F,55+,employes,CH,SU6,voiture,commerce_services,fr,70.91
F,6814,68,F,55+,employes,CH,SU6,voiture,industrie,etr,5.01
F,6814,68,F,55+,employes,CH,SU6,voiture,industrie,fr,23.73
F,6814,68,F,55+,employes,CH,SU6,voiture,public_sante,etr,22.77
F,6814,68,F,55+,employes,CH,SU6,voiture,public_sante,fr,62.07
F,6814,68,F,55+,employes,CH,SU7,velo,public_sante,etr,3.86
F,6814,68,F,55+,employes,CH,SU7,velo,public_sante,fr,5.02
F,6814,68,F,55+,employes,CH,SU7,voiture,commerce_services,fr,64.78
F,6814,68,F,55+,employes,CH,SU7,voiture,industrie,etr,5.01
F,6814,68,F,55+,employes,CH,SU7,voiture,industrie,fr,15.21
F,6814,68,F,55+,employes,CH,SU7,voiture,public_sante,etr,5.17
F,6814,68,F,55+,employes,CH,SU7,voiture,public_sante,fr,9.06
F,6814,68,F,55+,employes,CH,SU8,tc,commerce_services,etr,4.95
F,6814,68,F,55+,employes,CH,SU8,tc,commerce_services,fr,1.39
F,6814,68,F,55+,employes,CH,SU8,voiture,commerce_services,etr,4.95
F,6814,68,F,55+,employes,CH,SU8,voiture,commerce_services,fr,14.63
F,6814,68,F,55+,employes,CH,SU8,voiture,public_sante,etr,4.64
F,6814,68,F,55+,employes,CH,SU8,voiture,public_sante,fr,8.94
F,6814,68,F,55+,employes,CH,SU9,voiture,public_sante,fr,4.86
F,6814,68,F,55+,employes,DE,AL3,velo,industrie,fr,8.47
F,6814,68,F,55+,employes,DE,AL3,voiture,commerce_services,etr,5.01
F,6814,68,F,55+,employes,DE,AL3,voiture,commerce_services,fr,14.43
F,6814,68,F,55+,employes,DE,AL3,voiture,public_sante,etr,4.99
F,6814,68,F,55+,employes,DE,AL3,voiture,public_sante,fr,4.3
F,6814,68,F,55+,employes,DE,AL6,voiture,industrie,etr,5.09
F,6814,68,F,55+,ouvriers,CH,SU2,voiture,commerce_services,fr,4.93
F,6814,68,F,55+,ouvriers,CH,SU6,tc,commerce_services,etr,8.17
F,6814,68,F,55+,ouvriers,CH,SU6,tc,commerce_services,fr,8.45
F,6814,68,F,55+,ouvriers,CH,SU6,tc,industrie,fr,3.98
F,6814,68,F,55+,ouvriers,CH,SU6,tc,public_sante,fr,9.38
F,6814,68,F,55+,ouvriers,CH,SU6,velo,commerce_services,fr,5.23
F,6814,68,F,55+,ouvriers,CH,SU6,voiture,commerce_services,etr,7.36
F,6814,68,F,55+,ouvriers,CH,SU6,voiture,commerce_services,fr,26.32
F,6814,68,F,55+,ouvriers,CH,SU6,voiture,industrie,etr,10.11
F,6814,68,F,55+,ouvriers,CH,SU6,voiture,industrie,fr,20.72
F,6814,68,F,55+,ouvriers,CH,SU7,tc,commerce_services,fr,3.86
F,6814,68,F,55+,ouvriers,CH,SU7,velo,industrie,fr,4.9
F,6814,68,F,55+,ouvriers,CH,SU7,voiture,commerce_services,etr,4.9
F,6814,68,F,55+,ouvriers,CH,SU7,voiture,commerce_services,fr,23.06
F,6814,68,F,55+,ouvriers,CH,SU7,voiture,industrie,fr,9.06
F,6814,68,F,55+,ouvriers,CH,SU7,voiture,public_sante,fr,3.54
F,6814,68,F,55+,ouvriers,CH,SU8,marche,commerce_services,fr,4.03
F,6814,68,F,55+,ouvriers,CH,SU8,voiture,industrie,fr,14.18
F,6814,68,F,55+,ouvriers,CH,SUD,voiture,commerce_services,fr,3.84
F,6814,68,F,55+,ouvriers,DE,AL3,voiture,commerce_services,etr,3.25
F,6814,68,F,55+,prof_inter,CH,SU1,voiture,commerce_services,fr,4.95
F,6814,68,F,55+,prof_inter,CH,SU1,voiture,public_sante,etr,4.42
F,6814,68,F,55+,prof_inter,CH,SU3,voiture,public_sante,etr,5.09
F,6814,68,F,55+,prof_inter,CH,SU6,tc,commerce_services,etr,3.3
F,6814,68,F,55+,prof_inter,CH,SU6,tc,commerce_services,fr,4.22
F,6814,68,F,55+,prof_inter,CH,SU6,tc,industrie,fr,5.18
F,6814,68,F,55+,prof_inter,CH,SU6,tc,public_sante,etr,7.65
F,6814,68,F,55+,prof_inter,CH,SU6,tc,public_sante,fr,8.87
F,6814,68,F,55+,prof_inter,CH,SU6,velo,commerce_services,fr,3.98
F,6814,68,F,55+,prof_inter,CH,SU6,velo,industrie,fr,3.38
F,6814,68,F,55+,prof_inter,CH,SU6,velo,public_sante,etr,8.75
F,6814,68,F,55+,prof_inter,CH,SU6,velo,public_sante,fr,8.31
F,6814,68,F,55+,prof_inter,CH,SU6,voiture,commerce_services,etr,9.76
F,6814,68,F,55+,prof_inter,CH,SU6,voiture,commerce_services,fr,37.44
F,6814,68,F,55+,prof_inter,CH,SU6,voiture,industrie,fr,24.86
F,6814,68,F,55+,prof_inter,CH,SU6,voiture,public_sante,etr,20.68
F,6814,68,F,55+,prof_inter,CH,SU6,voiture,public_sante,fr,50.33
F,6814,68,F,55+,prof_inter,CH,SU7,tc,public_sante,etr,4.91
F,6814,68,F,55+,prof_inter,CH,SU7,voiture,commerce_services,etr,14.44
F,6814,68,F,55+,prof_inter,CH,SU7,voiture,industrie,fr,9.5
F,6814,68,F,55+,prof_inter,CH,SU7,voiture,public_sante,etr,4.86
F,6814,68,F,55+,prof_inter,CH,SU7,voiture,public_sante,fr,9.15
F,6814,68,F,55+,prof_inter,CH,SU8,voiture,industrie,fr,5.28
F,6814,68,F,55+,prof_inter,CH,SU8,voiture,public_sante,etr,4.78
F,6814,68,F,55+,prof_inter,CH,SUD,tc,public_sante,fr,1.14
F,6814,68,F,55+,prof_inter,DE,AL3,tc,public_sante,etr,5.1
F,6814,68,F,55+,prof_inter,DE,AL3,voiture,commerce_services,fr,4.95
F,6814,68,F,55+,prof_inter,DE,AL3,voiture,public_sante,etr,5.38
F,6814,68,F,55+,prof_inter,DE,AL3,voiture,public_sante,fr,8.4
F,6814,68,H,15-29,artisans,CH,SU6,marche,commerce_services,fr,1.11
F,6814,68,H,15-29,artisans,CH,SU6,tc,commerce_services,etr,8.09
F,6814,68,H,15-29,artisans,CH,SU7,tc,commerce_services,etr,5.12
F,6814,68,H,15-29,artisans,CH,SU7,voiture,commerce_services,fr,4.79
F,6814,68,H,15-29,artisans,CH,SU8,tc,commerce_services,fr,1.39
F,6814,68,H,15-29,artisans,DE,AL3,voiture,commerce_services,etr,4.87
F,6814,68,H,15-29,artisans,DE,AL3,voiture,public_sante,fr,5.33
F,6814,68,H,15-29,cadres,CH,SU1,voiture,industrie,fr,10.19
F,6814,68,H,15-29,cadres,CH,SU2,voiture,commerce_services,fr,4.42
F,6814,68,H,15-29,cadres,CH,SU5,voiture,industrie,fr,1.39
F,6814,68,H,15-29,cadres,CH,SU6,marche,commerce_services,etr,5.16
F,6814,68,H,15-29,cadres,CH,SU6,marche,commerce_services,fr,1.11
F,6814,68,H,15-29,cadres,CH,SU6,marche,public_sante,fr,4.3
F,6814,68,H,15-29,cadres,CH,SU6,tc,commerce_services,etr,4.89
F,6814,68,H,15-29,cadres,CH,SU6,tc,commerce_services,fr,11.93
F,6814,68,H,15-29,cadres,CH,SU6,tc,construction,fr,1.31
F,6814,68,H,15-29,cadres,CH,SU6,tc,industrie,etr,1.39
F,6814,68,H,15-29,cadres,CH,SU6,tc,industrie,fr,12.64
F,6814,68,H,15-29,cadres,CH,SU6,velo,commerce_services,etr,3.24
F,6814,68,H,15-29,cadres,CH,SU6,velo,commerce_services,fr,30.34
F,6814,68,H,15-29,cadres,CH,SU6,velo,industrie,fr,12.61
F,6814,68,H,15-29,cadres,CH,SU6,velo,public_sante,fr,5.62
F,6814,68,H,15-29,cadres,CH,SU6,voiture,commerce_services,etr,4.22
F,6814,68,H,15-29,cadres,CH,SU6,voiture,commerce_services,fr,27.83
F,6814,68,H,15-29,cadres,CH,SU6,voiture,construction,fr,4.78
F,6814,68,H,15-29,cadres,CH,SU6,voiture,industrie,etr,5.26
F,6814,68,H,15-29,cadres,CH,SU6,voiture,industrie,fr,20.85
F,6814,68,H,15-29,cadres,CH,SU6,voiture,public_sante,etr,4.77
F,6814,68,H,15-29,cadres,CH,SU6,voiture,public_sante,fr,4.53
F,6814,68,H,15-29,cadres,CH,SU7,deux_roues,commerce_services,fr,1.26
F,6814,68,H,15-29,cadres,CH,SU7,tc,commerce_services,fr,4.23
F,6814,68,H,15-29,cadres,CH,SU7,velo,commerce_services,fr,5.1
F,6814,68,H,15-29,cadres,CH,SU7,velo,public_sante,etr,4.22
F,6814,68,H,15-29,cadres,CH,SU7,voiture,commerce_services,etr,10.03
F,6814,68,H,15-29,cadres,CH,SU7,voiture,industrie,fr,5.1
F,6814,68,H,15-29,cadres,CH,SU7,voiture,public_sante,etr,8.97
F,6814,68,H,15-29,cadres,CH,SU8,voiture,industrie,fr,1.14
F,6814,68,H,15-29,cadres,CH,SU9,tc,industrie,fr,1.39
F,6814,68,H,15-29,cadres,CH,SUA,marche,commerce_services,fr,4.39
F,6814,68,H,15-29,cadres,CH,SUB,tc,commerce_services,fr,3.84
F,6814,68,H,15-29,cadres,DE,AL3,tc,public_sante,fr,1.39
F,6814,68,H,15-29,cadres,DE,AL3,velo,industrie,fr,1.39
F,6814,68,H,15-29,employes,CH,SU6,marche,commerce_services,etr,4.39
F,6814,68,H,15-29,employes,CH,SU6,tc,commerce_services,etr,4.78
F,6814,68,H,15-29,employes,CH,SU6,tc,commerce_services,fr,11.76
F,6814,68,H,15-29,employes,CH,SU6,tc,public_sante,fr,6.02
F,6814,68,H,15-29,employes,CH,SU6,velo,commerce_services,fr,1.32
F,6814,68,H,15-29,employes,CH,SU6,velo,industrie,fr,5.1
F,6814,68,H,15-29,employes,CH,SU6,voiture,commerce_services,etr,24.42
F,6814,68,H,15-29,employes,CH,SU6,voiture,commerce_services,fr,29.0
F,6814,68,H,15-29,employes,CH,SU6,voiture,public_sante,etr,3.5
F,6814,68,H,15-29,employes,CH,SU6,voiture,public_sante,fr,6.75
F,6814,68,H,15-29,employes,CH,SU7,marche,commerce_services,fr,3.3
F,6814,68,H,15-29,employes,CH,SU7,tc,commerce_services,fr,4.9
F,6814,68,H,15-29,employes,CH,SU7,voiture,commerce_services,etr,3.43
F,6814,68,H,15-29,employes,CH,SU7,voiture,commerce_services,fr,22.18
F,6814,68,H,15-29,employes,CH,SU8,voiture,commerce_services,fr,1.39
F,6814,68,H,15-29,employes,CH,SU9,voiture,commerce_services,fr,1.31
F,6814,68,H,15-29,employes,CH,SUD,tc,commerce_services,fr,4.23
F,6814,68,H,15-29,employes,DE,AL3,velo,commerce_services,etr,5.01
F,6814,68,H,15-29,ouvriers,CH,SU1,marche,industrie,fr,4.39
F,6814,68,H,15-29,ouvriers,CH,SU2,tc,commerce_services,etr,1.31
F,6814,68,H,15-29,ouvriers,CH,SU2,velo,commerce_services,etr,4.3
F,6814,68,H,15-29,ouvriers,CH,SU2,voiture,construction,etr,4.75
F,6814,68,H,15-29,ouvriers,CH,SU3,voiture,commerce_services,fr,5.2
F,6814,68,H,15-29,ouvriers,CH,SU5,deux_roues,construction,fr,1.31
F,6814,68,H,15-29,ouvriers,CH,SU5,voiture,commerce_services,fr,16.19
F,6814,68,H,15-29,ouvriers,CH,SU5,voiture,construction,fr,1.11
F,6814,68,H,15-29,ouvriers,CH,SU6,deux_roues,commerce_services,etr,13.1
F,6814,68,H,15-29,ouvriers,CH,SU6,marche,construction,etr,3.38
F,6814,68,H,15-29,ouvriers,CH,SU6,marche,industrie,fr,13.9
F,6814,68,H,15-29,ouvriers,CH,SU6,tc,commerce_services,etr,2.77
F,6814,68,H,15-29,ouvriers,CH,SU6,tc,commerce_services,fr,16.09
F,6814,68,H,15-29,ouvriers,CH,SU6,tc,construction,etr,15.88
F,6814,68,H,15-29,ouvriers,CH,SU6,tc,industrie,etr,1.31
F,6814,68,H,15-29,ouvriers,CH,SU6,velo,commerce_services,fr,9.12
F,6814,68,H,15-29,ouvriers,CH,SU6,velo,construction,etr,4.91
F,6814,68,H,15-29,ouvriers,CH,SU6,velo,industrie,fr,13.79
F,6814,68,H,15-29,ouvriers,CH,SU6,voiture,commerce_services,etr,26.32
F,6814,68,H,15-29,ouvriers,CH,SU6,voiture,commerce_services,fr,69.88
F,6814,68,H,15-29,ouvriers,CH,SU6,voiture,construction,etr,23.35
F,6814,68,H,15-29,ouvriers,CH,SU6,voiture,construction,fr,35.67
F,6814,68,H,15-29,ouvriers,CH,SU6,voiture,industrie,etr,7.97
F,6814,68,H,15-29,ouvriers,CH,SU6,voiture,industrie,fr,27.38
F,6814,68,H,15-29,ouvriers,CH,SU7,deux_roues,commerce_services,fr,5.62
F,6814,68,H,15-29,ouvriers,CH,SU7,tc,commerce_services,etr,3.83
F,6814,68,H,15-29,ouvriers,CH,SU7,tc,commerce_services,fr,3.86
F,6814,68,H,15-29,ouvriers,CH,SU7,velo,industrie,fr,3.38
F,6814,68,H,15-29,ouvriers,CH,SU7,voiture,commerce_services,etr,5.15
F,6814,68,H,15-29,ouvriers,CH,SU7,voiture,commerce_services,fr,56.51
F,6814,68,H,15-29,ouvriers,CH,SU7,voiture,construction,etr,4.95
F,6814,68,H,15-29,ouvriers,CH,SU7,voiture,construction,fr,29.42
F,6814,68,H,15-29,ouvriers,CH,SU7,voiture,industrie,etr,4.78
F,6814,68,H,15-29,ouvriers,CH,SU7,voiture,industrie,fr,27.27
F,6814,68,H,15-29,ouvriers,CH,SU8,tc,commerce_services,etr,4.3
F,6814,68,H,15-29,ouvriers,CH,SU8,voiture,commerce_services,etr,5.18
F,6814,68,H,15-29,ouvriers,CH,SU8,voiture,commerce_services,fr,15.89
F,6814,68,H,15-29,ouvriers,CH,SU8,voiture,industrie,fr,8.84
F,6814,68,H,15-29,ouvriers,CH,SU9,voiture,commerce_services,fr,1.31
F,6814,68,H,15-29,ouvriers,CH,SU9,voiture,industrie,etr,4.3
F,6814,68,H,15-29,ouvriers,CH,SU9,voiture,industrie,fr,5.01
F,6814,68,H,15-29,ouvriers,CH,SUD,tc,commerce_services,fr,1.14
F,6814,68,H,15-29,ouvriers,CH,SUD,velo,commerce_services,etr,4.23
F,6814,68,H,15-29,ouvriers,DE,AL3,voiture,commerce_services,fr,1.39
F,6814,68,H,15-29,ouvriers,DE,AL3,voiture,construction,etr,9.95
F,6814,68,H,15-29,ouvriers,DE,AL3,voiture,industrie,etr,1.31
F,6814,68,H,15-29,ouvriers,autre,LU3,tc,commerce_services,fr,3.5
F,6814,68,H,15-29,prof_inter,CH,SU1,voiture,commerce_services,fr,10.61
F,6814,68,H,15-29,prof_inter,CH,SU1,voiture,construction,fr,1.39
F,6814,68,H,15-29,prof_inter,CH,SU1,voiture,industrie,fr,5.38
F,6814,68,H,15-29,prof_inter,CH,SU5,voiture,industrie,fr,2.69
F,6814,68,H,15-29,prof_inter,CH,SU6,tc,commerce_services,etr,3.86
F,6814,68,H,15-29,prof_inter,CH,SU6,tc,commerce_services,fr,9.92
F,6814,68,H,15-29,prof_inter,CH,SU6,tc,public_sante,etr,2.77
F,6814,68,H,15-29,prof_inter,CH,SU6,tc,public_sante,fr,1.32
F,6814,68,H,15-29,prof_inter,CH,SU6,velo,commerce_services,etr,3.3
F,6814,68,H,15-29,prof_inter,CH,SU6,velo,commerce_services,fr,5.48
F,6814,68,H,15-29,prof_inter,CH,SU6,velo,industrie,fr,1.39
F,6814,68,H,15-29,prof_inter,CH,SU6,velo,public_sante,fr,1.39
F,6814,68,H,15-29,prof_inter,CH,SU6,voiture,commerce_services,etr,13.75
F,6814,68,H,15-29,prof_inter,CH,SU6,voiture,commerce_services,fr,25.76
F,6814,68,H,15-29,prof_inter,CH,SU6,voiture,construction,fr,3.85
F,6814,68,H,15-29,prof_inter,CH,SU6,voiture,industrie,etr,5.28
F,6814,68,H,15-29,prof_inter,CH,SU6,voiture,industrie,fr,13.48
F,6814,68,H,15-29,prof_inter,CH,SU6,voiture,public_sante,etr,4.04
F,6814,68,H,15-29,prof_inter,CH,SU7,tc,commerce_services,etr,4.05
F,6814,68,H,15-29,prof_inter,CH,SU7,tc,public_sante,etr,1.39
F,6814,68,H,15-29,prof_inter,CH,SU7,voiture,commerce_services,fr,20.35
F,6814,68,H,15-29,prof_inter,CH,SU7,voiture,industrie,fr,9.67
F,6814,68,H,15-29,prof_inter,CH,SU8,voiture,commerce_services,etr,1.26
F,6814,68,H,15-29,prof_inter,CH,SU8,voiture,commerce_services,fr,1.26
F,6814,68,H,15-29,prof_inter,CH,SUC,voiture,commerce_services,fr,4.95
F,6814,68,H,15-29,prof_inter,CH,SUD,voiture,industrie,fr,6.97
F,6814,68,H,15-29,prof_inter,DE,AL3,voiture,commerce_services,fr,10.23
F,6814,68,H,15-29,prof_inter,DE,AL3,voiture,industrie,etr,7.47
F,6814,68,H,15-29,prof_inter,DE,AL3,voiture,industrie,fr,4.77
F,6814,68,H,15-29,prof_inter,DE,AL3,voiture,public_sante,fr,1.39
F,6814,68,H,30-44,artisans,CH,SU1,tc,commerce_services,etr,4.77
F,6814,68,H,30-44,artisans,CH,SU2,voiture,commerce_services,fr,4.1
F,6814,68,H,30-44,artisans,CH,SU6,deux_roues,commerce_services,fr,1.39
F,6814,68,H,30-44,artisans,CH,SU6,tc,commerce_services,etr,3.86
F,6814,68,H,30-44,artisans,CH,SU6,voiture,commerce_services,etr,4.95
F,6814,68,H,30-44,artisans,CH,SU6,voiture,commerce_services,fr,11.36
F,6814,68,H,30-44,artisans,CH,SU6,voiture,construction,etr,4.7
F,6814,68,H,30-44,artisans,CH,SU6,voiture,construction,fr,4.87
F,6814,68,H,30-44,artisans,CH,SU6,voiture,industrie,fr,3.24
F,6814,68,H,30-44,artisans,CH,SU7,voiture,commerce_services,etr,4.42
F,6814,68,H,30-44,artisans,CH,SU7,voiture,commerce_services,fr,5.16
F,6814,68,H,30-44,artisans,CH,SU7,voiture,construction,fr,5.18
F,6814,68,H,30-44,artisans,CH,SU7,voiture,industrie,etr,5.13
F,6814,68,H,30-44,artisans,CH,SU7,voiture,industrie,fr,5.28
F,6814,68,H,30-44,artisans,CH,SU8,voiture,commerce_services,fr,5.1
F,6814,68,H,30-44,artisans,CH,SU8,voiture,industrie,fr,5.01
F,6814,68,H,30-44,cadres,CH,SU1,tc,commerce_services,fr,9.07
F,6814,68,H,30-44,cadres,CH,SU1,tc,industrie,fr,5.16
F,6814,68,H,30-44,cadres,CH,SU1,voiture,commerce_services,etr,1.31
F,6814,68,H,30-44,cadres,CH,SU1,voiture,industrie,fr,5.02
F,6814,68,H,30-44,cadres,CH,SU1,voiture,public_sante,fr,5.1
F,6814,68,H,30-44,cadres,CH,SU2,tc,commerce_services,etr,5.09
F,6814,68,H,30-44,cadres,CH,SU2,voiture,commerce_services,etr,5.44
F,6814,68,H,30-44,cadres,CH,SU3,tc,industrie,fr,1.31
F,6814,68,H,30-44,cadres,CH,SU5,voiture,commerce_services,fr,4.8
F,6814,68,H,30-44,cadres,CH,SU5,voiture,industrie,fr,9.67
F,6814,68,H,30-44,cadres,CH,SU6,aucun,commerce_services,fr,4.82
F,6814,68,H,30-44,cadres,CH,SU6,deux_roues,commerce_services,etr,4.23
F,6814,68,H,30-44,cadres,CH,SU6,deux_roues,construction,fr,4.04
F,6814,68,H,30-44,cadres,CH,SU6,deux_roues,public_sante,fr,3.98
F,6814,68,H,30-44,cadres,CH,SU6,marche,industrie,fr,4.01
F,6814,68,H,30-44,cadres,CH,SU6,tc,commerce_services,fr,16.68
F,6814,68,H,30-44,cadres,CH,SU6,tc,construction,fr,4.3
F,6814,68,H,30-44,cadres,CH,SU6,tc,industrie,fr,22.69
F,6814,68,H,30-44,cadres,CH,SU6,tc,public_sante,etr,1.39
F,6814,68,H,30-44,cadres,CH,SU6,velo,commerce_services,etr,41.93
F,6814,68,H,30-44,cadres,CH,SU6,velo,commerce_services,fr,37.35
F,6814,68,H,30-44,cadres,CH,SU6,velo,industrie,etr,11.2
F,6814,68,H,30-44,cadres,CH,SU6,velo,industrie,fr,53.8
F,6814,68,H,30-44,cadres,CH,SU6,velo,public_sante,etr,20.34
F,6814,68,H,30-44,cadres,CH,SU6,velo,public_sante,fr,11.59
F,6814,68,H,30-44,cadres,CH,SU6,voiture,commerce_services,etr,28.59
F,6814,68,H,30-44,cadres,CH,SU6,voiture,commerce_services,fr,123.8
F,6814,68,H,30-44,cadres,CH,SU6,voiture,construction,fr,8.62
F,6814,68,H,30-44,cadres,CH,SU6,voiture,industrie,etr,26.77
F,6814,68,H,30-44,cadres,CH,SU6,voiture,industrie,fr,104.12
F,6814,68,H,30-44,cadres,CH,SU6,voiture,public_sante,etr,4.01
F,6814,68,H,30-44,cadres,CH,SU7,tc,industrie,etr,14.51
F,6814,68,H,30-44,cadres,CH,SU7,velo,commerce_services,etr,5.52
F,6814,68,H,30-44,cadres,CH,SU7,velo,commerce_services,fr,23.38
F,6814,68,H,30-44,cadres,CH,SU7,velo,construction,fr,4.95
F,6814,68,H,30-44,cadres,CH,SU7,velo,industrie,etr,5.14
F,6814,68,H,30-44,cadres,CH,SU7,velo,industrie,fr,14.93
F,6814,68,H,30-44,cadres,CH,SU7,velo,public_sante,fr,9.54
F,6814,68,H,30-44,cadres,CH,SU7,voiture,commerce_services,etr,16.58
F,6814,68,H,30-44,cadres,CH,SU7,voiture,commerce_services,fr,63.51
F,6814,68,H,30-44,cadres,CH,SU7,voiture,construction,fr,4.87
F,6814,68,H,30-44,cadres,CH,SU7,voiture,industrie,etr,6.79
F,6814,68,H,30-44,cadres,CH,SU7,voiture,industrie,fr,46.67
F,6814,68,H,30-44,cadres,CH,SU8,deux_roues,commerce_services,fr,4.22
F,6814,68,H,30-44,cadres,CH,SU8,tc,commerce_services,fr,13.22
F,6814,68,H,30-44,cadres,CH,SU8,tc,industrie,fr,5.18
F,6814,68,H,30-44,cadres,CH,SU8,velo,commerce_services,etr,3.24
F,6814,68,H,30-44,cadres,CH,SU8,velo,commerce_services,fr,3.85
F,6814,68,H,30-44,cadres,CH,SU8,voiture,commerce_services,etr,13.83
F,6814,68,H,30-44,cadres,CH,SU8,voiture,commerce_services,fr,4.95
F,6814,68,H,30-44,cadres,CH,SU8,voiture,industrie,etr,2.69
F,6814,68,H,30-44,cadres,CH,SU8,voiture,industrie,fr,27.22
F,6814,68,H,30-44,cadres,CH,SU9,tc,commerce_services,etr,7.76
F,6814,68,H,30-44,cadres,CH,SU9,tc,commerce_services,fr,4.95
F,6814,68,H,30-44,cadres,CH,SUC,voiture,commerce_services,etr,4.95
F,6814,68,H,30-44,cadres,CH,SUD,voiture,industrie,fr,8.73
F,6814,68,H,30-44,cadres,CH,SUD,voiture,public_sante,fr,4.91
F,6814,68,H,30-44,cadres,DE,AL3,voiture,commerce_services,fr,14.33
F,6814,68,H,30-44,cadres,DE,AL3,voiture,industrie,fr,9.17
F,6814,68,H,30-44,cadres,autre,ZZZ,tc,public_sante,etr,5.1
F,6814,68,H,30-44,employes,CH,SU1,deux_roues,commerce_services,fr,5.02
F,6814,68,H,30-44,employes,CH,SU1,tc,commerce_services,fr,4.3
F,6814,68,H,30-44,employes,CH,SU1,voiture,commerce_services,fr,4.75
F,6814,68,H,30-44,employes,CH,SU5,voiture,commerce_services,etr,4.78
F,6814,68,H,30-44,employes,CH,SU5,voiture,commerce_services,fr,1.32
F,6814,68,H,30-44,employes,CH,SU6,deux_roues,commerce_services,etr,4.83
F,6814,68,H,30-44,employes,CH,SU6,deux_roues,commerce_services,fr,4.87
F,6814,68,H,30-44,employes,CH,SU6,marche,commerce_services,fr,4.22
F,6814,68,H,30-44,employes,CH,SU6,marche,industrie,fr,1.39
F,6814,68,H,30-44,employes,CH,SU6,marche,public_sante,fr,4.23
F,6814,68,H,30-44,employes,CH,SU6,tc,commerce_services,etr,15.31
F,6814,68,H,30-44,employes,CH,SU6,tc,commerce_services,fr,10.8
F,6814,68,H,30-44,employes,CH,SU6,tc,industrie,fr,4.39
F,6814,68,H,30-44,employes,CH,SU6,tc,public_sante,etr,1.31
F,6814,68,H,30-44,employes,CH,SU6,velo,commerce_services,fr,3.85
F,6814,68,H,30-44,employes,CH,SU6,velo,industrie,etr,6.18
F,6814,68,H,30-44,employes,CH,SU6,velo,public_sante,etr,6.75
F,6814,68,H,30-44,employes,CH,SU6,velo,public_sante,fr,3.48
F,6814,68,H,30-44,employes,CH,SU6,voiture,commerce_services,etr,29.23
F,6814,68,H,30-44,employes,CH,SU6,voiture,commerce_services,fr,79.9
F,6814,68,H,30-44,employes,CH,SU6,voiture,industrie,etr,9.4
F,6814,68,H,30-44,employes,CH,SU6,voiture,industrie,fr,3.85
F,6814,68,H,30-44,employes,CH,SU6,voiture,public_sante,etr,22.02
F,6814,68,H,30-44,employes,CH,SU7,marche,commerce_services,fr,1.39
F,6814,68,H,30-44,employes,CH,SU7,tc,industrie,etr,1.31
F,6814,68,H,30-44,employes,CH,SU7,voiture,commerce_services,etr,23.71
F,6814,68,H,30-44,employes,CH,SU7,voiture,commerce_services,fr,38.85
F,6814,68,H,30-44,employes,CH,SU7,voiture,public_sante,etr,5.14
F,6814,68,H,30-44,employes,CH,SU8,tc,commerce_services,etr,3.3
F,6814,68,H,30-44,employes,CH,SU8,voiture,commerce_services,fr,4.16
F,6814,68,H,30-44,employes,CH,SU8,voiture,industrie,fr,4.95
F,6814,68,H,30-44,employes,CH,SU8,voiture,public_sante,fr,4.76
F,6814,68,H,30-44,employes,CH,SU9,velo,commerce_services,fr,4.22
F,6814,68,H,30-44,employes,CH,SU9,voiture,commerce_services,fr,4.0
F,6814,68,H,30-44,employes,CH,SUB,tc,commerce_services,etr,3.84
F,6814,68,H,30-44,employes,CH,SUC,voiture,commerce_services,fr,5.1
F,6814,68,H,30-44,employes,DE,AL3,voiture,commerce_services,etr,23.34
F,6814,68,H,30-44,employes,DE,AL3,voiture,commerce_services,fr,13.61
F,6814,68,H,30-44,employes,DE,AL3,voiture,construction,etr,5.08
F,6814,68,H,30-44,employes,DE,AL3,voiture,public_sante,etr,4.63
F,6814,68,H,30-44,ouvriers,CH,SU1,tc,commerce_services,fr,3.5
F,6814,68,H,30-44,ouvriers,CH,SU1,voiture,commerce_services,etr,9.82
F,6814,68,H,30-44,ouvriers,CH,SU1,voiture,commerce_services,fr,9.75
F,6814,68,H,30-44,ouvriers,CH,SU1,voiture,industrie,fr,3.24
F,6814,68,H,30-44,ouvriers,CH,SU2,voiture,commerce_services,fr,5.03
F,6814,68,H,30-44,ouvriers,CH,SU2,voiture,construction,fr,6.19
F,6814,68,H,30-44,ouvriers,CH,SU2,voiture,industrie,fr,1.32
F,6814,68,H,30-44,ouvriers,CH,SU3,voiture,commerce_services,fr,4.75
F,6814,68,H,30-44,ouvriers,CH,SU3,voiture,construction,fr,3.98
F,6814,68,H,30-44,ouvriers,CH,SU4,voiture,commerce_services,fr,5.01
F,6814,68,H,30-44,ouvriers,CH,SU5,tc,commerce_services,etr,3.9
F,6814,68,H,30-44,ouvriers,CH,SU5,voiture,commerce_services,fr,6.38
F,6814,68,H,30-44,ouvriers,CH,SU5,voiture,industrie,etr,7.26
F,6814,68,H,30-44,ouvriers,CH,SU5,voiture,industrie,fr,9.41
F,6814,68,H,30-44,ouvriers,CH,SU6,deux_roues,commerce_services,etr,3.83
F,6814,68,H,30-44,ouvriers,CH,SU6,deux_roues,commerce_services,fr,31.24
F,6814,68,H,30-44,ouvriers,CH,SU6,deux_roues,construction,fr,1.39
F,6814,68,H,30-44,ouvriers,CH,SU6,deux_roues,industrie,fr,3.5
F,6814,68,H,30-44,ouvriers,CH,SU6,marche,construction,fr,4.23
F,6814,68,H,30-44,ouvriers,CH,SU6,tc,commerce_services,etr,5.92
F,6814,68,H,30-44,ouvriers,CH,SU6,tc,commerce_services,fr,14.92
F,6814,68,H,30-44,ouvriers,CH,SU6,tc,construction,etr,31.48
F,6814,68,H,30-44,ouvriers,CH,SU6,tc,construction,fr,11.48
F,6814,68,H,30-44,ouvriers,CH,SU6,tc,industrie,etr,4.3
F,6814,68,H,30-44,ouvriers,CH,SU6,tc,industrie,fr,1.07
F,6814,68,H,30-44,ouvriers,CH,SU6,velo,commerce_services,fr,24.27
F,6814,68,H,30-44,ouvriers,CH,SU6,velo,construction,etr,10.54
F,6814,68,H,30-44,ouvriers,CH,SU6,velo,construction,fr,1.39
F,6814,68,H,30-44,ouvriers,CH,SU6,velo,industrie,etr,5.1
F,6814,68,H,30-44,ouvriers,CH,SU6,velo,industrie,fr,10.0
F,6814,68,H,30-44,ouvriers,CH,SU6,voiture,commerce_services,etr,80.63
F,6814,68,H,30-44,ouvriers,CH,SU6,voiture,commerce_services,fr,221.14
F,6814,68,H,30-44,ouvriers,CH,SU6,voiture,construction,etr,102.18
F,6814,68,H,30-44,ouvriers,CH,SU6,voiture,construction,fr,94.47
F,6814,68,H,30-44,ouvriers,CH,SU6,voiture,industrie,etr,43.62
F,6814,68,H,30-44,ouvriers,CH,SU6,voiture,industrie,fr,55.78
F,6814,68,H,30-44,ouvriers,CH,SU6,voiture,public_sante,etr,5.08
F,6814,68,H,30-44,ouvriers,CH,SU6,voiture,public_sante,fr,6.59
F,6814,68,H,30-44,ouvriers,CH,SU7,tc,commerce_services,etr,3.43
F,6814,68,H,30-44,ouvriers,CH,SU7,tc,commerce_services,fr,4.22
F,6814,68,H,30-44,ouvriers,CH,SU7,tc,construction,etr,7.27
F,6814,68,H,30-44,ouvriers,CH,SU7,tc,industrie,etr,9.34
F,6814,68,H,30-44,ouvriers,CH,SU7,velo,commerce_services,etr,3.83
F,6814,68,H,30-44,ouvriers,CH,SU7,velo,commerce_services,fr,18.31
F,6814,68,H,30-44,ouvriers,CH,SU7,velo,industrie,fr,5.38
F,6814,68,H,30-44,ouvriers,CH,SU7,voiture,commerce_services,etr,37.31
F,6814,68,H,30-44,ouvriers,CH,SU7,voiture,commerce_services,fr,100.8
F,6814,68,H,30-44,ouvriers,CH,SU7,voiture,construction,etr,21.67
F,6814,68,H,30-44,ouvriers,CH,SU7,voiture,construction,fr,50.22
F,6814,68,H,30-44,ouvriers,CH,SU7,voiture,industrie,etr,4.75
F,6814,68,H,30-44,ouvriers,CH,SU7,voiture,industrie,fr,55.52
F,6814,68,H,30-44,ouvriers,CH,SU8,voiture,commerce_services,etr,10.57
F,6814,68,H,30-44,ouvriers,CH,SU8,voiture,commerce_services,fr,23.44
F,6814,68,H,30-44,ouvriers,CH,SU8,voiture,construction,etr,12.67
F,6814,68,H,30-44,ouvriers,CH,SU8,voiture,construction,fr,4.23
F,6814,68,H,30-44,ouvriers,CH,SU8,voiture,industrie,etr,5.89
F,6814,68,H,30-44,ouvriers,CH,SU8,voiture,industrie,fr,3.37
F,6814,68,H,30-44,ouvriers,CH,SU9,tc,construction,etr,1.39
F,6814,68,H,30-44,ouvriers,CH,SU9,voiture,commerce_services,fr,5.02
F,6814,68,H,30-44,ouvriers,CH,SU9,voiture,construction,etr,1.39
F,6814,68,H,30-44,ouvriers,CH,SUB,voiture,commerce_services,fr,1.39
F,6814,68,H,30-44,ouvriers,CH,SUC,marche,construction,fr,4.23
F,6814,68,H,30-44,ouvriers,CH,SUD,tc,construction,etr,1.14
F,6814,68,H,30-44,ouvriers,CH,SUD,voiture,commerce_services,etr,1.11
F,6814,68,H,30-44,ouvriers,CH,SUD,voiture,commerce_services,fr,5.18
F,6814,68,H,30-44,ouvriers,CH,SUD,voiture,industrie,fr,1.32
F,6814,68,H,30-44,ouvriers,DE,AL3,voiture,commerce_services,etr,1.26
F,6814,68,H,30-44,ouvriers,DE,AL3,voiture,commerce_services,fr,23.55
F,6814,68,H,30-44,ouvriers,DE,AL3,voiture,construction,etr,4.01
F,6814,68,H,30-44,ouvriers,DE,AL3,voiture,industrie,fr,4.8
F,6814,68,H,30-44,prof_inter,CH,SU1,tc,commerce_services,fr,1.11
F,6814,68,H,30-44,prof_inter,CH,SU1,voiture,commerce_services,fr,5.71
F,6814,68,H,30-44,prof_inter,CH,SU1,voiture,public_sante,fr,1.39
F,6814,68,H,30-44,prof_inter,CH,SU2,voiture,commerce_services,etr,3.24
F,6814,68,H,30-44,prof_inter,CH,SU2,voiture,commerce_services,fr,4.42
F,6814,68,H,30-44,prof_inter,CH,SU2,voiture,industrie,etr,5.5
F,6814,68,H,30-44,prof_inter,CH,SU2,voiture,public_sante,fr,4.14
F,6814,68,H,30-44,prof_inter,CH,SU5,voiture,commerce_services,fr,9.61
F,6814,68,H,30-44,prof_inter,CH,SU5,voiture,industrie,fr,4.39
F,6814,68,H,30-44,prof_inter,CH,SU6,deux_roues,commerce_services,fr,9.21
F,6814,68,H,30-44,prof_inter,CH,SU6,deux_roues,industrie,fr,4.53
F,6814,68,H,30-44,prof_inter,CH,SU6,deux_roues,public_sante,etr,12.0
F,6814,68,H,30-44,prof_inter,CH,SU6,deux_roues,public_sante,fr,10.1
F,6814,68,H,30-44,prof_inter,CH,SU6,marche,commerce_services,etr,4.22
F,6814,68,H,30-44,prof_inter,CH,SU6,marche,construction,etr,3.5
F,6814,68,H,30-44,prof_inter,CH,SU6,tc,commerce_services,etr,14.19
F,6814,68,H,30-44,prof_inter,CH,SU6,tc,commerce_services,fr,5.15
F,6814,68,H,30-44,prof_inter,CH,SU6,tc,industrie,fr,8.7
F,6814,68,H,30-44,prof_inter,CH,SU6,tc,public_sante,etr,7.42
F,6814,68,H,30-44,prof_inter,CH,SU6,velo,commerce_services,etr,13.63
F,6814,68,H,30-44,prof_inter,CH,SU6,velo,commerce_services,fr,18.63
F,6814,68,H,30-44,prof_inter,CH,SU6,velo,industrie,etr,6.71
F,6814,68,H,30-44,prof_inter,CH,SU6,velo,industrie,fr,10.08
F,6814,68,H,30-44,prof_inter,CH,SU6,velo,public_sante,etr,8.46
F,6814,68,H,30-44,prof_inter,CH,SU6,velo,public_sante,fr,1.39
F,6814,68,H,30-44,prof_inter,CH,SU6,voiture,commerce_services,etr,33.73
F,6814,68,H,30-44,prof_inter,CH,SU6,voiture,commerce_services,fr,55.26
F,6814,68,H,30-44,prof_inter,CH,SU6,voiture,construction,etr,9.89
F,6814,68,H,30-44,prof_inter,CH,SU6,voiture,construction,fr,25.18
F,6814,68,H,30-44,prof_inter,CH,SU6,voiture,industrie,etr,4.87
F,6814,68,H,30-44,prof_inter,CH,SU6,voiture,industrie,fr,35.08
F,6814,68,H,30-44,prof_inter,CH,SU6,voiture,public_sante,etr,13.22
F,6814,68,H,30-44,prof_inter,CH,SU7,tc,commerce_services,etr,4.23
F,6814,68,H,30-44,prof_inter,CH,SU7,velo,commerce_services,fr,10.56
F,6814,68,H,30-44,prof_inter,CH,SU7,velo,industrie,fr,9.89
F,6814,68,H,30-44,prof_inter,CH,SU7,voiture,commerce_services,etr,18.27
F,6814,68,H,30-44,prof_inter,CH,SU7,voiture,commerce_services,fr,72.09
F,6814,68,H,30-44,prof_inter,CH,SU7,voiture,construction,fr,6.71
F,6814,68,H,30-44,prof_inter,CH,SU7,voiture,industrie,etr,5.16
F,6814,68,H,30-44,prof_inter,CH,SU7,voiture,industrie,fr,72.9
F,6814,68,H,30-44,prof_inter,CH,SU7,voiture,public_sante,etr,5.02
F,6814,68,H,30-44,prof_inter,CH,SU7,voiture,public_sante,fr,4.87
F,6814,68,H,30-44,prof_inter,CH,SU8,velo,public_sante,fr,4.95
F,6814,68,H,30-44,prof_inter,CH,SU8,voiture,industrie,etr,5.33
F,6814,68,H,30-44,prof_inter,CH,SU8,voiture,industrie,fr,15.06
F,6814,68,H,30-44,prof_inter,CH,SUB,voiture,commerce_services,fr,9.56
F,6814,68,H,30-44,prof_inter,CH,SUC,tc,public_sante,etr,10.23
F,6814,68,H,30-44,prof_inter,CH,SUC,voiture,commerce_services,fr,3.37
F,6814,68,H,30-44,prof_inter,CH,SUD,voiture,commerce_services,fr,5.14
F,6814,68,H,30-44,prof_inter,CH,SUD,voiture,industrie,fr,10.18
F,6814,68,H,30-44,prof_inter,CH,SUQ,voiture,commerce_services,fr,4.91
F,6814,68,H,30-44,prof_inter,DE,AL2,voiture,commerce_services,etr,1.39
F,6814,68,H,30-44,prof_inter,DE,AL3,velo,industrie,etr,5.14
F,6814,68,H,30-44,prof_inter,DE,AL3,voiture,commerce_services,etr,4.8
F,6814,68,H,30-44,prof_inter,DE,AL3,voiture,commerce_services,fr,16.81
F,6814,68,H,30-44,prof_inter,DE,AL3,voiture,construction,fr,5.14
F,6814,68,H,30-44,prof_inter,DE,AL3,voiture,industrie,etr,4.19
F,6814,68,H,30-44,prof_inter,autre,LU3,voiture,commerce_services,etr,5.1
F,6814,68,H,30-44,prof_inter,autre,ZZZ,voiture,commerce_services,etr,1.39
F,6814,68,H,45-54,artisans,CH,SU1,voiture,commerce_services,etr,5.01
F,6814,68,H,45-54,artisans,CH,SU6,tc,commerce_services,etr,5.18
F,6814,68,H,45-54,artisans,CH,SU6,velo,commerce_services,etr,1.39
F,6814,68,H,45-54,artisans,CH,SU6,velo,construction,etr,5.16
F,6814,68,H,45-54,artisans,CH,SU6,voiture,commerce_services,etr,6.75
F,6814,68,H,45-54,artisans,CH,SU6,voiture,commerce_services,fr,18.09
F,6814,68,H,45-54,artisans,CH,SU6,voiture,construction,fr,5.26
F,6814,68,H,45-54,artisans,CH,SU6,voiture,public_sante,etr,10.31
F,6814,68,H,45-54,artisans,CH,SU7,voiture,commerce_services,etr,5.01
F,6814,68,H,45-54,artisans,CH,SU7,voiture,commerce_services,fr,5.01
F,6814,68,H,45-54,artisans,CH,SU7,voiture,construction,fr,5.08
F,6814,68,H,45-54,artisans,CH,SU7,voiture,industrie,fr,3.98
F,6814,68,H,45-54,artisans,CH,SU8,marche,commerce_services,fr,3.3
F,6814,68,H,45-54,artisans,CH,SUD,voiture,industrie,fr,5.03
F,6814,68,H,45-54,artisans,DE,AL2,voiture,commerce_services,fr,3.84
F,6814,68,H,45-54,artisans,DE,AL3,voiture,commerce_services,etr,6.4
F,6814,68,H,45-54,artisans,DE,AL3,voiture,commerce_services,fr,5.14
F,6814,68,H,45-54,cadres,CH,SU1,tc,commerce_services,fr,13.36
F,6814,68,H,45-54,cadres,CH,SU1,voiture,commerce_services,fr,9.98
F,6814,68,H,45-54,cadres,CH,SU1,voiture,industrie,etr,5.29
F,6814,68,H,45-54,cadres,CH,SU2,voiture,industrie,etr,1.31
F,6814,68,H,45-54,cadres,CH,SU2,voiture,industrie,fr,5.1
F,6814,68,H,45-54,cadres,CH,SU2,voiture,public_sante,etr,5.14
F,6814,68,H,45-54,cadres,CH,SU5,voiture,commerce_services,etr,4.86
F,6814,68,H,45-54,cadres,CH,SU5,voiture,commerce_services,fr,5.12
F,6814,68,H,45-54,cadres,CH,SU5,voiture,industrie,fr,5.08
F,6814,68,H,45-54,cadres,CH,SU6,aucun,public_sante,fr,3.86
F,6814,68,H,45-54,cadres,CH,SU6,deux_roues,commerce_services,etr,5.26
F,6814,68,H,45-54,cadres,CH,SU6,deux_roues,public_sante,fr,5.14
F,6814,68,H,45-54,cadres,CH,SU6,marche,commerce_services,etr,6.96
F,6814,68,H,45-54,cadres,CH,SU6,tc,commerce_services,etr,4.22
F,6814,68,H,45-54,cadres,CH,SU6,tc,commerce_services,fr,19.53
F,6814,68,H,45-54,cadres,CH,SU6,tc,industrie,etr,4.95
F,6814,68,H,45-54,cadres,CH,SU6,tc,industrie,fr,4.3
F,6814,68,H,45-54,cadres,CH,SU6,velo,commerce_services,etr,19.37
F,6814,68,H,45-54,cadres,CH,SU6,velo,commerce_services,fr,14.83
F,6814,68,H,45-54,cadres,CH,SU6,velo,industrie,etr,19.29
F,6814,68,H,45-54,cadres,CH,SU6,velo,industrie,fr,67.61
F,6814,68,H,45-54,cadres,CH,SU6,velo,public_sante,etr,3.5
F,6814,68,H,45-54,cadres,CH,SU6,voiture,commerce_services,etr,35.76
F,6814,68,H,45-54,cadres,CH,SU6,voiture,commerce_services,fr,68.09
F,6814,68,H,45-54,cadres,CH,SU6,voiture,industrie,etr,28.08
F,6814,68,H,45-54,cadres,CH,SU6,voiture,industrie,fr,107.11
F,6814,68,H,45-54,cadres,CH,SU6,voiture,public_sante,fr,3.62
F,6814,68,H,45-54,cadres,CH,SU7,tc,commerce_services,fr,10.24
F,6814,68,H,45-54,cadres,CH,SU7,tc,public_sante,fr,4.95
F,6814,68,H,45-54,cadres,CH,SU7,velo,commerce_services,etr,5.16
F,6814,68,H,45-54,cadres,CH,SU7,velo,commerce_services,fr,4.03
F,6814,68,H,45-54,cadres,CH,SU7,velo,industrie,etr,5.14
F,6814,68,H,45-54,cadres,CH,SU7,voiture,commerce_services,etr,14.32
F,6814,68,H,45-54,cadres,CH,SU7,voiture,commerce_services,fr,32.59
F,6814,68,H,45-54,cadres,CH,SU7,voiture,industrie,fr,29.4
F,6814,68,H,45-54,cadres,CH,SU7,voiture,public_sante,etr,10.45
F,6814,68,H,45-54,cadres,CH,SU7,voiture,public_sante,fr,10.16
F,6814,68,H,45-54,cadres,CH,SU8,tc,commerce_services,fr,4.9
F,6814,68,H,45-54,cadres,CH,SU8,voiture,commerce_services,etr,4.75
F,6814,68,H,45-54,cadres,CH,SU8,voiture,commerce_services,fr,5.14
F,6814,68,H,45-54,cadres,CH,SU8,voiture,industrie,etr,5.33
F,6814,68,H,45-54,cadres,CH,SU8,voiture,industrie,fr,31.54
F,6814,68,H,45-54,cadres,CH,SU9,voiture,commerce_services,etr,5.14
F,6814,68,H,45-54,cadres,CH,SU9,voiture,industrie,etr,5.28
F,6814,68,H,45-54,cadres,CH,SUB,voiture,construction,fr,4.64
F,6814,68,H,45-54,cadres,DE,AL3,marche,commerce_services,fr,4.39
F,6814,68,H,45-54,cadres,DE,AL3,tc,commerce_services,etr,5.01
F,6814,68,H,45-54,cadres,DE,AL3,voiture,commerce_services,fr,10.23
F,6814,68,H,45-54,cadres,DE,AL3,voiture,industrie,etr,5.18
F,6814,68,H,45-54,employes,CH,SU1,voiture,commerce_services,etr,4.82
F,6814,68,H,45-54,employes,CH,SU1,voiture,industrie,fr,3.49
F,6814,68,H,45-54,employes,CH,SU2,tc,industrie,etr,4.82
F,6814,68,H,45-54,employes,CH,SU2,voiture,commerce_services,fr,6.19
F,6814,68,H,45-54,employes,CH,SU6,tc,commerce_services,etr,4.39
F,6814,68,H,45-54,employes,CH,SU6,tc,commerce_services,fr,1.39
F,6814,68,H,45-54,employes,CH,SU6,velo,commerce_services,fr,10.22
F,6814,68,H,45-54,employes,CH,SU6,voiture,commerce_services,etr,21.05
F,6814,68,H,45-54,employes,CH,SU6,voiture,commerce_services,fr,40.82
F,6814,68,H,45-54,employes,CH,SU6,voiture,construction,etr,3.86
F,6814,68,H,45-54,employes,CH,SU6,voiture,industrie,etr,10.81
F,6814,68,H,45-54,employes,CH,SU6,voiture,public_sante,fr,19.48
F,6814,68,H,45-54,employes,CH,SU7,marche,commerce_services,fr,3.5
F,6814,68,H,45-54,employes,CH,SU7,voiture,commerce_services,etr,4.95
F,6814,68,H,45-54,employes,CH,SU7,voiture,commerce_services,fr,23.74
F,6814,68,H,45-54,employes,CH,SU7,voiture,industrie,fr,8.03
F,6814,68,H,45-54,employes,CH,SU7,voiture,public_sante,etr,10.35
F,6814,68,H,45-54,employes,CH,SU8,voiture,commerce_services,fr,4.3
F,6814,68,H,45-54,employes,CH,SU8,voiture,public_sante,etr,3.86
F,6814,68,H,45-54,employes,CH,SUA,voiture,commerce_services,fr,5.08
F,6814,68,H,45-54,employes,CH,SUC,voiture,industrie,fr,10.23
F,6814,68,H,45-54,employes,DE,AL3,voiture,industrie,fr,8.47
F,6814,68,H,45-54,ouvriers,CH,SU1,tc,construction,etr,4.3
F,6814,68,H,45-54,ouvriers,CH,SU1,voiture,commerce_services,fr,4.14
F,6814,68,H,45-54,ouvriers,CH,SU1,voiture,industrie,fr,4.95
F,6814,68,H,45-54,ouvriers,CH,SU2,velo,industrie,fr,4.91
F,6814,68,H,45-54,ouvriers,CH,SU3,voiture,construction,fr,1.39
F,6814,68,H,45-54,ouvriers,CH,SU5,voiture,commerce_services,fr,17.3
F,6814,68,H,45-54,ouvriers,CH,SU5,voiture,construction,etr,4.75
F,6814,68,H,45-54,ouvriers,CH,SU6,deux_roues,commerce_services,etr,9.12
F,6814,68,H,45-54,ouvriers,CH,SU6,deux_roues,commerce_services,fr,6.38
F,6814,68,H,45-54,ouvriers,CH,SU6,deux_roues,industrie,etr,1.26
F,6814,68,H,45-54,ouvriers,CH,SU6,deux_roues,industrie,fr,3.24
F,6814,68,H,45-54,ouvriers,CH,SU6,tc,commerce_services,etr,6.75
F,6814,68,H,45-54,ouvriers,CH,SU6,tc,commerce_services,fr,14.09
F,6814,68,H,45-54,ouvriers,CH,SU6,tc,construction,etr,8.53
F,6814,68,H,45-54,ouvriers,CH,SU6,tc,construction,fr,6.5
F,6814,68,H,45-54,ouvriers,CH,SU6,tc,public_sante,etr,3.54
F,6814,68,H,45-54,ouvriers,CH,SU6,tc,public_sante,fr,4.77
F,6814,68,H,45-54,ouvriers,CH,SU6,velo,commerce_services,etr,7.72
F,6814,68,H,45-54,ouvriers,CH,SU6,velo,commerce_services,fr,14.24
F,6814,68,H,45-54,ouvriers,CH,SU6,velo,construction,etr,4.3
F,6814,68,H,45-54,ouvriers,CH,SU6,velo,construction,fr,10.3
F,6814,68,H,45-54,ouvriers,CH,SU6,velo,industrie,fr,8.69
F,6814,68,H,45-54,ouvriers,CH,SU6,voiture,commerce_services,etr,30.91
F,6814,68,H,45-54,ouvriers,CH,SU6,voiture,commerce_services,fr,115.93
F,6814,68,H,45-54,ouvriers,CH,SU6,voiture,construction,etr,64.91
F,6814,68,H,45-54,ouvriers,CH,SU6,voiture,construction,fr,28.47
F,6814,68,H,45-54,ouvriers,CH,SU6,voiture,industrie,etr,25.33
F,6814,68,H,45-54,ouvriers,CH,SU6,voiture,industrie,fr,60.83
F,6814,68,H,45-54,ouvriers,CH,SU6,voiture,public_sante,etr,6.96
F,6814,68,H,45-54,ouvriers,CH,SU6,voiture,public_sante,fr,9.97
F,6814,68,H,45-54,ouvriers,CH,SU7,deux_roues,commerce_services,fr,5.15
F,6814,68,H,45-54,ouvriers,CH,SU7,deux_roues,construction,etr,5.12
F,6814,68,H,45-54,ouvriers,CH,SU7,tc,commerce_services,fr,3.25
F,6814,68,H,45-54,ouvriers,CH,SU7,velo,commerce_services,fr,5.02
F,6814,68,H,45-54,ouvriers,CH,SU7,velo,industrie,fr,4.78
F,6814,68,H,45-54,ouvriers,CH,SU7,voiture,commerce_services,etr,14.55
F,6814,68,H,45-54,ouvriers,CH,SU7,voiture,commerce_services,fr,73.98
F,6814,68,H,45-54,ouvriers,CH,SU7,voiture,construction,etr,15.02
F,6814,68,H,45-54,ouvriers,CH,SU7,voiture,construction,fr,24.93
F,6814,68,H,45-54,ouvriers,CH,SU7,voiture,industrie,etr,5.83
F,6814,68,H,45-54,ouvriers,CH,SU7,voiture,industrie,fr,73.06
F,6814,68,H,45-54,ouvriers,CH,SU7,voiture,public_sante,etr,3.37
F,6814,68,H,45-54,ouvriers,CH,SU8,velo,commerce_services,etr,3.86
F,6814,68,H,45-54,ouvriers,CH,SU8,voiture,commerce_services,etr,7.01
F,6814,68,H,45-54,ouvriers,CH,SU8,voiture,commerce_services,fr,5.14
F,6814,68,H,45-54,ouvriers,CH,SU8,voiture,construction,etr,5.01
F,6814,68,H,45-54,ouvriers,CH,SU8,voiture,construction,fr,9.67
F,6814,68,H,45-54,ouvriers,CH,SU8,voiture,industrie,etr,21.78
F,6814,68,H,45-54,ouvriers,CH,SU8,voiture,industrie,fr,15.29
F,6814,68,H,45-54,ouvriers,CH,SU9,voiture,commerce_services,etr,3.83
F,6814,68,H,45-54,ouvriers,CH,SU9,voiture,industrie,fr,5.38
F,6814,68,H,45-54,ouvriers,CH,SUD,voiture,industrie,fr,5.01
F,6814,68,H,45-54,ouvriers,CH,SUQ,voiture,construction,fr,5.12
F,6814,68,H,45-54,ouvriers,DE,AL3,tc,commerce_services,etr,3.86
F,6814,68,H,45-54,ouvriers,DE,AL3,voiture,commerce_services,etr,3.37
F,6814,68,H,45-54,ouvriers,DE,AL3,voiture,commerce_services,fr,5.28
F,6814,68,H,45-54,ouvriers,DE,AL3,voiture,construction,etr,8.7
F,6814,68,H,45-54,ouvriers,DE,AL3,voiture,industrie,etr,5.28
F,6814,68,H,45-54,prof_inter,CH,SU1,voiture,commerce_services,fr,3.98
F,6814,68,H,45-54,prof_inter,CH,SU1,voiture,industrie,etr,5.33
F,6814,68,H,45-54,prof_inter,CH,SU1,voiture,industrie,fr,5.28
F,6814,68,H,45-54,prof_inter,CH,SU2,tc,commerce_services,etr,4.3
F,6814,68,H,45-54,prof_inter,CH,SU4,voiture,industrie,fr,3.48
F,6814,68,H,45-54,prof_inter,CH,SU5,voiture,commerce_services,etr,5.18
F,6814,68,H,45-54,prof_inter,CH,SU5,voiture,industrie,fr,9.48
F,6814,68,H,45-54,prof_inter,CH,SU6,deux_roues,commerce_services,fr,1.31
F,6814,68,H,45-54,prof_inter,CH,SU6,tc,industrie,etr,5.1
F,6814,68,H,45-54,prof_inter,CH,SU6,tc,industrie,fr,4.3
F,6814,68,H,45-54,prof_inter,CH,SU6,tc,public_sante,etr,8.01
F,6814,68,H,45-54,prof_inter,CH,SU6,velo,commerce_services,etr,8.48
F,6814,68,H,45-54,prof_inter,CH,SU6,velo,public_sante,etr,9.39
F,6814,68,H,45-54,prof_inter,CH,SU6,velo,public_sante,fr,10.46
F,6814,68,H,45-54,prof_inter,CH,SU6,voiture,commerce_services,etr,11.59
F,6814,68,H,45-54,prof_inter,CH,SU6,voiture,commerce_services,fr,53.02
F,6814,68,H,45-54,prof_inter,CH,SU6,voiture,construction,etr,5.14
F,6814,68,H,45-54,prof_inter,CH,SU6,voiture,construction,fr,1.39
F,6814,68,H,45-54,prof_inter,CH,SU6,voiture,industrie,etr,26.25
F,6814,68,H,45-54,prof_inter,CH,SU6,voiture,industrie,fr,60.8
F,6814,68,H,45-54,prof_inter,CH,SU6,voiture,public_sante,etr,9.22
F,6814,68,H,45-54,prof_inter,CH,SU6,voiture,public_sante,fr,5.09
F,6814,68,H,45-54,prof_inter,CH,SU7,marche,commerce_services,etr,5.14
F,6814,68,H,45-54,prof_inter,CH,SU7,tc,commerce_services,etr,1.31
F,6814,68,H,45-54,prof_inter,CH,SU7,tc,commerce_services,fr,4.66
F,6814,68,H,45-54,prof_inter,CH,SU7,velo,construction,etr,5.03
F,6814,68,H,45-54,prof_inter,CH,SU7,voiture,commerce_services,etr,5.01
F,6814,68,H,45-54,prof_inter,CH,SU7,voiture,commerce_services,fr,23.42
F,6814,68,H,45-54,prof_inter,CH,SU7,voiture,construction,fr,5.0
F,6814,68,H,45-54,prof_inter,CH,SU7,voiture,industrie,etr,9.56
F,6814,68,H,45-54,prof_inter,CH,SU7,voiture,industrie,fr,17.42
F,6814,68,H,45-54,prof_inter,CH,SU7,voiture,public_sante,etr,4.95
F,6814,68,H,45-54,prof_inter,CH,SU7,voiture,public_sante,fr,1.32
F,6814,68,H,45-54,prof_inter,CH,SU8,voiture,commerce_services,fr,9.11
F,6814,68,H,45-54,prof_inter,CH,SU8,voiture,industrie,etr,1.31
F,6814,68,H,45-54,prof_inter,CH,SU8,voiture,industrie,fr,5.33
F,6814,68,H,45-54,prof_inter,CH,SU9,voiture,commerce_services,fr,10.17
F,6814,68,H,45-54,prof_inter,CH,SUD,voiture,commerce_services,fr,11.86
F,6814,68,H,45-54,prof_inter,DE,AL3,tc,public_sante,fr,3.48
F,6814,68,H,45-54,prof_inter,DE,AL3,voiture,construction,etr,4.05
F,6814,68,H,45-54,prof_inter,DE,AL3,voiture,industrie,etr,5.16
F,6814,68,H,45-54,prof_inter,DE,AL3,voiture,industrie,fr,1.31
F,6814,68,H,55+,artisans,CH,SU6,tc,industrie,etr,5.02
F,6814,68,H,55+,artisans,CH,SU6,voiture,commerce_services,fr,7.1
F,6814,68,H,55+,artisans,CH,SU6,voiture,construction,fr,10.03
F,6814,68,H,55+,artisans,CH,SU6,voiture,industrie,fr,10.18
F,6814,68,H,55+,artisans,CH,SU7,velo,construction,fr,5.5
F,6814,68,H,55+,artisans,CH,SU7,voiture,commerce_services,etr,9.55
F,6814,68,H,55+,artisans,CH,SU7,voiture,construction,fr,5.02
F,6814,68,H,55+,cadres,CH,SU1,tc,public_sante,etr,5.18
F,6814,68,H,55+,cadres,CH,SU1,voiture,industrie,fr,1.32
F,6814,68,H,55+,cadres,CH,SU2,tc,commerce_services,fr,3.92
F,6814,68,H,55+,cadres,CH,SU2,tc,industrie,fr,4.64
F,6814,68,H,55+,cadres,CH,SU6,deux_roues,industrie,etr,3.49
F,6814,68,H,55+,cadres,CH,SU6,deux_roues,public_sante,etr,4.78
F,6814,68,H,55+,cadres,CH,SU6,tc,commerce_services,etr,8.25
F,6814,68,H,55+,cadres,CH,SU6,tc,commerce_services,fr,8.81
F,6814,68,H,55+,cadres,CH,SU6,tc,industrie,etr,4.89
F,6814,68,H,55+,cadres,CH,SU6,tc,industrie,fr,1.32
F,6814,68,H,55+,cadres,CH,SU6,tc,public_sante,etr,5.33
F,6814,68,H,55+,cadres,CH,SU6,velo,agriculture,fr,3.43
F,6814,68,H,55+,cadres,CH,SU6,velo,commerce_services,etr,5.23
F,6814,68,H,55+,cadres,CH,SU6,velo,commerce_services,fr,9.8
F,6814,68,H,55+,cadres,CH,SU6,velo,industrie,etr,9.77
F,6814,68,H,55+,cadres,CH,SU6,velo,industrie,fr,6.5
F,6814,68,H,55+,cadres,CH,SU6,velo,public_sante,fr,4.95
F,6814,68,H,55+,cadres,CH,SU6,voiture,commerce_services,etr,21.9
F,6814,68,H,55+,cadres,CH,SU6,voiture,commerce_services,fr,14.16
F,6814,68,H,55+,cadres,CH,SU6,voiture,industrie,etr,40.73
F,6814,68,H,55+,cadres,CH,SU6,voiture,industrie,fr,45.74
F,6814,68,H,55+,cadres,CH,SU6,voiture,public_sante,etr,9.33
F,6814,68,H,55+,cadres,CH,SU6,voiture,public_sante,fr,8.83
F,6814,68,H,55+,cadres,CH,SU7,tc,industrie,fr,5.01
F,6814,68,H,55+,cadres,CH,SU7,velo,commerce_services,fr,5.01
F,6814,68,H,55+,cadres,CH,SU7,voiture,commerce_services,etr,3.5
F,6814,68,H,55+,cadres,CH,SU7,voiture,industrie,etr,4.77
F,6814,68,H,55+,cadres,CH,SU7,voiture,industrie,fr,18.36
F,6814,68,H,55+,cadres,CH,SU7,voiture,public_sante,fr,4.75
F,6814,68,H,55+,cadres,CH,SU8,voiture,commerce_services,etr,16.85
F,6814,68,H,55+,cadres,CH,SU8,voiture,industrie,etr,4.95
F,6814,68,H,55+,cadres,CH,SU8,voiture,industrie,fr,11.52
F,6814,68,H,55+,cadres,CH,SU9,voiture,industrie,fr,4.64
F,6814,68,H,55+,cadres,CH,SUC,tc,public_sante,fr,4.95
F,6814,68,H,55+,cadres,CH,SUD,velo,commerce_services,etr,5.02
F,6814,68,H,55+,cadres,CH,SUD,voiture,commerce_services,fr,4.22
F,6814,68,H,55+,cadres,DE,AL3,voiture,commerce_services,fr,4.05
F,6814,68,H,55+,cadres,DE,AL3,voiture,construction,fr,4.53
F,6814,68,H,55+,cadres,DE,AL3,voiture,industrie,fr,5.01
F,6814,68,H,55+,employes,CH,SU1,aucun,commerce_services,fr,4.91
F,6814,68,H,55+,employes,CH,SU2,tc,commerce_services,etr,4.78
F,6814,68,H,55+,employes,CH,SU2,voiture,industrie,fr,3.85
F,6814,68,H,55+,employes,CH,SU5,voiture,commerce_services,fr,4.53
F,6814,68,H,55+,employes,CH,SU6,deux_roues,commerce_services,fr,4.22
F,6814,68,H,55+,employes,CH,SU6,deux_roues,public_sante,etr,4.53
F,6814,68,H,55+,employes,CH,SU6,tc,commerce_services,etr,3.38
F,6814,68,H,55+,employes,CH,SU6,tc,commerce_services,fr,7.23
F,6814,68,H,55+,employes,CH,SU6,velo,commerce_services,etr,1.31
F,6814,68,H,55+,employes,CH,SU6,velo,commerce_services,fr,4.39
F,6814,68,H,55+,employes,CH,SU6,voiture,commerce_services,etr,15.9
F,6814,68,H,55+,employes,CH,SU6,voiture,commerce_services,fr,69.1
F,6814,68,H,55+,employes,CH,SU6,voiture,public_sante,etr,4.77
F,6814,68,H,55+,employes,CH,SU6,voiture,public_sante,fr,4.76
F,6814,68,H,55+,employes,CH,SU7,deux_roues,commerce_services,etr,4.91
F,6814,68,H,55+,employes,CH,SU7,velo,commerce_services,fr,3.38
F,6814,68,H,55+,employes,CH,SU7,voiture,commerce_services,etr,23.83
F,6814,68,H,55+,employes,CH,SU7,voiture,commerce_services,fr,33.78
F,6814,68,H,55+,employes,CH,SU7,voiture,industrie,fr,11.89
F,6814,68,H,55+,employes,CH,SU7,voiture,public_sante,etr,4.22
F,6814,68,H,55+,employes,CH,SU8,voiture,commerce_services,etr,10.27
F,6814,68,H,55+,employes,CH,SU8,voiture,industrie,etr,10.45
F,6814,68,H,55+,ouvriers,CH,SU1,voiture,commerce_services,etr,4.89
F,6814,68,H,55+,ouvriers,CH,SU1,voiture,commerce_services,fr,9.5
F,6814,68,H,55+,ouvriers,CH,SU1,voiture,construction,fr,4.64
F,6814,68,H,55+,ouvriers,CH,SU2,tc,commerce_services,fr,1.39
F,6814,68,H,55+,ouvriers,CH,SU3,voiture,commerce_services,fr,5.2
F,6814,68,H,55+,ouvriers,CH,SU5,voiture,commerce_services,etr,4.8
F,6814,68,H,55+,ouvriers,CH,SU5,voiture,industrie,etr,3.9
F,6814,68,H,55+,ouvriers,CH,SU6,deux_roues,commerce_services,etr,12.95
F,6814,68,H,55+,ouvriers,CH,SU6,deux_roues,commerce_services,fr,4.9
F,6814,68,H,55+,ouvriers,CH,SU6,deux_roues,industrie,etr,4.82
F,6814,68,H,55+,ouvriers,CH,SU6,deux_roues,industrie,fr,1.31
F,6814,68,H,55+,ouvriers,CH,SU6,deux_roues,public_sante,fr,4.79
F,6814,68,H,55+,ouvriers,CH,SU6,marche,commerce_services,fr,3.86
F,6814,68,H,55+,ouvriers,CH,SU6,marche,industrie,etr,4.23
F,6814,68,H,55+,ouvriers,CH,SU6,marche,industrie,fr,3.3
F,6814,68,H,55+,ouvriers,CH,SU6,tc,commerce_services,fr,6.8
F,6814,68,H,55+,ouvriers,CH,SU6,tc,construction,etr,3.3
F,6814,68,H,55+,ouvriers,CH,SU6,tc,industrie,etr,13.06
F,6814,68,H,55+,ouvriers,CH,SU6,velo,commerce_services,etr,9.85
F,6814,68,H,55+,ouvriers,CH,SU6,velo,industrie,fr,9.97
F,6814,68,H,55+,ouvriers,CH,SU6,voiture,commerce_services,etr,47.95
F,6814,68,H,55+,ouvriers,CH,SU6,voiture,commerce_services,fr,108.36
F,6814,68,H,55+,ouvriers,CH,SU6,voiture,construction,etr,15.28
F,6814,68,H,55+,ouvriers,CH,SU6,voiture,construction,fr,33.79
F,6814,68,H,55+,ouvriers,CH,SU6,voiture,industrie,etr,9.65
F,6814,68,H,55+,ouvriers,CH,SU6,voiture,industrie,fr,66.18
F,6814,68,H,55+,ouvriers,CH,SU6,voiture,public_sante,etr,6.57
F,6814,68,H,55+,ouvriers,CH,SU7,deux_roues,construction,etr,6.6
F,6814,68,H,55+,ouvriers,CH,SU7,deux_roues,construction,fr,3.3
F,6814,68,H,55+,ouvriers,CH,SU7,velo,commerce_services,fr,5.1
F,6814,68,H,55+,ouvriers,CH,SU7,velo,construction,fr,3.24
F,6814,68,H,55+,ouvriers,CH,SU7,voiture,agriculture,fr,5.52
F,6814,68,H,55+,ouvriers,CH,SU7,voiture,commerce_services,etr,11.71
F,6814,68,H,55+,ouvriers,CH,SU7,voiture,commerce_services,fr,55.49
F,6814,68,H,55+,ouvriers,CH,SU7,voiture,construction,etr,13.67
F,6814,68,H,55+,ouvriers,CH,SU7,voiture,construction,fr,19.86
F,6814,68,H,55+,ouvriers,CH,SU7,voiture,industrie,etr,14.48
F,6814,68,H,55+,ouvriers,CH,SU7,voiture,industrie,fr,65.52
F,6814,68,H,55+,ouvriers,CH,SU7,voiture,public_sante,etr,4.91
F,6814,68,H,55+,ouvriers,CH,SU8,tc,commerce_services,etr,1.39
F,6814,68,H,55+,ouvriers,CH,SU8,tc,commerce_services,fr,8.59
F,6814,68,H,55+,ouvriers,CH,SU8,voiture,commerce_services,fr,21.56
F,6814,68,H,55+,ouvriers,CH,SU8,voiture,construction,fr,4.22
F,6814,68,H,55+,ouvriers,CH,SU8,voiture,industrie,fr,24.48
F,6814,68,H,55+,ouvriers,CH,SUD,voiture,industrie,fr,4.75
F,6814,68,H,55+,ouvriers,DE,AL3,voiture,commerce_services,etr,10.88
F,6814,68,H,55+,ouvriers,DE,AL3,voiture,commerce_services,fr,8.16
F,6814,68,H,55+,ouvriers,DE,AL3,voiture,construction,etr,1.31
F,6814,68,H,55+,ouvriers,DE,AL3,voiture,construction,fr,4.03
F,6814,68,H,55+,ouvriers,DE,AL3,voiture,industrie,etr,3.49
F,6814,68,H,55+,ouvriers,DE,AL3,voiture,industrie,fr,8.78
F,6814,68,H,55+,prof_inter,CH,SU1,voiture,commerce_services,etr,5.28
F,6814,68,H,55+,prof_inter,CH,SU1,voiture,commerce_services,fr,4.95
F,6814,68,H,55+,prof_inter,CH,SU2,tc,commerce_services,fr,5.1
F,6814,68,H,55+,prof_inter,CH,SU2,voiture,commerce_services,fr,4.77
F,6814,68,H,55+,prof_inter,CH,SU5,voiture,industrie,fr,4.53
F,6814,68,H,55+,prof_inter,CH,SU6,deux_roues,public_sante,etr,4.78
F,6814,68,H,55+,prof_inter,CH,SU6,deux_roues,public_sante,fr,5.01
F,6814,68,H,55+,prof_inter,CH,SU6,tc,commerce_services,fr,9.08
F,6814,68,H,55+,prof_inter,CH,SU6,tc,industrie,etr,4.39
F,6814,68,H,55+,prof_inter,CH,SU6,velo,industrie,etr,4.3
F,6814,68,H,55+,prof_inter,CH,SU6,velo,industrie,fr,11.76
F,6814,68,H,55+,prof_inter,CH,SU6,velo,public_sante,etr,12.86
F,6814,68,H,55+,prof_inter,CH,SU6,velo,public_sante,fr,3.38
F,6814,68,H,55+,prof_inter,CH,SU6,voiture,commerce_services,etr,23.87
F,6814,68,H,55+,prof_inter,CH,SU6,voiture,commerce_services,fr,34.02
F,6814,68,H,55+,prof_inter,CH,SU6,voiture,construction,etr,4.1
F,6814,68,H,55+,prof_inter,CH,SU6,voiture,construction,fr,9.47
F,6814,68,H,55+,prof_inter,CH,SU6,voiture,industrie,etr,9.87
F,6814,68,H,55+,prof_inter,CH,SU6,voiture,industrie,fr,29.55
F,6814,68,H,55+,prof_inter,CH,SU6,voiture,public_sante,etr,3.98
F,6814,68,H,55+,prof_inter,CH,SU6,voiture,public_sante,fr,10.23
F,6814,68,H,55+,prof_inter,CH,SU7,tc,construction,fr,7.88
F,6814,68,H,55+,prof_inter,CH,SU7,voiture,commerce_services,etr,3.37
F,6814,68,H,55+,prof_inter,CH,SU7,voiture,commerce_services,fr,25.25
F,6814,68,H,55+,prof_inter,CH,SU7,voiture,industrie,etr,4.64
F,6814,68,H,55+,prof_inter,CH,SU7,voiture,industrie,fr,65.71
F,6814,68,H,55+,prof_inter,CH,SU7,voiture,public_sante,etr,5.02
F,6814,68,H,55+,prof_inter,CH,SU8,tc,commerce_services,fr,5.38
F,6814,68,H,55+,prof_inter,CH,SU8,voiture,commerce_services,etr,4.79
F,6814,68,H,55+,prof_inter,CH,SU8,voiture,commerce_services,fr,13.15
F,6814,68,H,55+,prof_inter,CH,SU8,voiture,industrie,fr,9.81
F,6814,68,H,55+,prof_inter,CH,SU9,voiture,public_sante,fr,4.3
F,6814,68,H,55+,prof_inter,CH,SUQ,voiture,construction,fr,5.26
F,6814,68,H,55+,prof_inter,DE,AL3,voiture,commerce_services,etr,9.18
F,6814,68,H,55+,prof_inter,DE,AL3,voiture,commerce_services,fr,5.23
F,6814,68,H,55+,prof_inter,DE,AL3,voiture,industrie,etr,5.01
F,6814,68,H,55+,prof_inter,autre,LU3,tc,commerce_services,fr,5.24
F,6815,68,F,15-29,cadres,CH,SU7,voiture,public_sante,etr,5.03
F,6815,68,F,15-29,cadres,CH,SUC,marche,public_sante,etr,4.86
F,6815,68,F,15-29,employes,autre,ZZZ,tc,commerce_services,fr,4.6
F,6815,68,F,15-29,prof_inter,DE,AL3,tc,public_sante,fr,4.61
F,6815,68,F,30-44,cadres,CH,SU6,voiture,industrie,fr,5.07
F,6815,68,F,30-44,employes,CH,SU6,voiture,commerce_services,fr,4.95
F,6815,68,F,30-44,employes,DE,ALI,velo,commerce_services,fr,5.02
F,6815,68,F,30-44,prof_inter,DE,AL3,voiture,commerce_services,etr,4.95
F,6815,68,F,45-54,cadres,CH,SU6,voiture,commerce_services,fr,5.02
F,6815,68,F,45-54,employes,CH,SU6,voiture,commerce_services,fr,4.88
F,6815,68,F,45-54,prof_inter,CH,SU6,tc,industrie,fr,4.76
F,6815,68,F,45-54,prof_inter,DE,AL3,voiture,industrie,fr,4.82
F,6815,68,F,55+,cadres,CH,SU6,tc,commerce_services,fr,4.6
F,6815,68,F,55+,cadres,CH,SU6,velo,industrie,fr,5.01
F,6815,68,F,55+,employes,CH,SU6,voiture,commerce_services,fr,4.6
F,6815,68,F,55+,employes,DE,AL3,voiture,public_sante,fr,5.08
F,6815,68,F,55+,ouvriers,DE,AL3,voiture,industrie,fr,4.88
F,6815,68,F,55+,prof_inter,DE,AL3,voiture,public_sante,etr,4.95
F,6815,68,H,15-29,cadres,CH,SU4,voiture,industrie,fr,5.17
F,6815,68,H,15-29,ouvriers,CH,SU6,voiture,commerce_services,fr,4.6
F,6815,68,H,15-29,ouvriers,CH,SU7,voiture,commerce_services,fr,5.49
F,6815,68,H,30-44,cadres,CH,SU7,tc,commerce_services,fr,4.76
F,6815,68,H,30-44,cadres,CH,SU7,tc,industrie,fr,4.92
F,6815,68,H,30-44,cadres,CH,SUD,voiture,industrie,fr,4.95
F,6815,68,H,30-44,cadres,DE,AL3,voiture,commerce_services,fr,5.49
F,6815,68,H,30-44,cadres,DE,AL3,voiture,industrie,fr,4.84
F,6815,68,H,30-44,employes,CH,SU1,tc,commerce_services,fr,5.26
F,6815,68,H,30-44,employes,CH,SU6,voiture,commerce_services,fr,4.6
F,6815,68,H,30-44,ouvriers,CH,SU6,voiture,agriculture,fr,4.6
F,6815,68,H,30-44,ouvriers,CH,SU6,voiture,construction,fr,5.03
F,6815,68,H,30-44,ouvriers,CH,SU7,voiture,industrie,fr,4.67
F,6815,68,H,30-44,ouvriers,CH,SU8,voiture,commerce_services,fr,5.03
F,6815,68,H,30-44,prof_inter,CH,SUD,voiture,industrie,fr,5.32
F,6815,68,H,30-44,prof_inter,DE,AL3,voiture,commerce_services,etr,4.95
F,6815,68,H,45-54,cadres,CH,SU6,voiture,commerce_services,fr,4.76
F,6815,68,H,45-54,cadres,DE,AL3,voiture,commerce_services,etr,5.24
F,6815,68,H,45-54,employes,CH,SU6,tc,industrie,fr,5.14
F,6815,68,H,45-54,ouvriers,CH,SU6,voiture,commerce_services,fr,5.01
F,6815,68,H,45-54,ouvriers,CH,SU6,voiture,construction,etr,4.95
F,6815,68,H,45-54,ouvriers,DE,AL3,voiture,commerce_services,fr,9.9
F,6815,68,H,45-54,prof_inter,DE,AL3,voiture,commerce_services,fr,4.97
F,6815,68,H,55+,cadres,DE,AL3,voiture,commerce_services,fr,5.08
F,6815,68,H,55+,cadres,DE,AL3,voiture,industrie,fr,9.86
F,6815,68,H,55+,ouvriers,CH,SU6,voiture,construction,fr,4.95
F,6815,68,H,55+,ouvriers,CH,SU7,voiture,commerce_services,fr,5.02
F,6815,68,H,55+,ouvriers,CH,SU8,voiture,industrie,fr,5.18
F,6815,68,H,55+,ouvriers,DE,AL3,voiture,construction,fr,4.19
F,6815,68,H,55+,prof_inter,CH,SU7,voiture,public_sante,fr,4.91
F,6815,68,H,55+,prof_inter,CH,SUD,marche,commerce_services,fr,4.86
F,6815,68,H,55+,prof_inter,DE,AL3,voiture,commerce_services,fr,4.95
F,6815,68,H,55+,prof_inter,DE,AL3,voiture,industrie,etr,9.79
F,6816,68,F,15-29,cadres,CH,SU6,tc,industrie,fr,4.92
F,6816,68,F,15-29,cadres,DE,AL3,voiture,industrie,fr,5.0
F,6816,68,F,30-44,cadres,CH,SU6,tc,industrie,fr,9.95
F,6816,68,F,30-44,cadres,CH,SU6,voiture,industrie,fr,10.04
F,6816,68,F,30-44,cadres,DE,AL3,voiture,commerce_services,etr,5.04
F,6816,68,F,30-44,employes,CH,SU6,voiture,commerce_services,fr,5.11
F,6816,68,F,30-44,employes,CH,SU6,voiture,industrie,fr,5.25
F,6816,68,F,30-44,employes,DE,AL3,voiture,commerce_services,etr,5.07
F,6816,68,F,30-44,employes,DE,AL3,voiture,public_sante,etr,5.05
F,6816,68,F,30-44,ouvriers,DE,AL3,voiture,commerce_services,fr,5.1
F,6816,68,F,30-44,prof_inter,CH,SU6,tc,commerce_services,fr,4.95
F,6816,68,F,30-44,prof_inter,CH,SU6,voiture,industrie,fr,10.17
F,6816,68,F,30-44,prof_inter,DE,AL3,voiture,commerce_services,fr,5.15
F,6816,68,F,30-44,prof_inter,DE,AL3,voiture,industrie,fr,5.3
F,6816,68,F,45-54,cadres,CH,SU6,tc,industrie,fr,4.99
F,6816,68,F,45-54,cadres,CH,SU6,voiture,industrie,fr,5.04
F,6816,68,F,45-54,cadres,CH,SU7,voiture,industrie,fr,5.04
F,6816,68,F,45-54,cadres,DE,AL3,voiture,public_sante,etr,4.9
F,6816,68,F,45-54,employes,CH,SU1,voiture,commerce_services,fr,9.98
F,6816,68,F,45-54,employes,CH,SU6,voiture,commerce_services,etr,10.04
F,6816,68,F,45-54,employes,CH,SU6,voiture,commerce_services,fr,5.04
F,6816,68,F,45-54,employes,CH,SU6,voiture,public_sante,fr,5.05
F,6816,68,F,45-54,employes,CH,SU8,tc,commerce_services,fr,5.07
F,6816,68,F,45-54,ouvriers,DE,AL3,voiture,agriculture,fr,5.07
F,6816,68,F,45-54,prof_inter,CH,SU6,voiture,public_sante,fr,4.87
F,6816,68,F,55+,employes,CH,SU6,voiture,public_sante,fr,4.98
F,6816,68,F,55+,ouvriers,DE,AL3,voiture,industrie,fr,4.97
F,6816,68,F,55+,prof_inter,CH,SU6,voiture,public_sante,fr,4.87
F,6816,68,H,15-29,cadres,CH,SU6,tc,industrie,fr,5.04
F,6816,68,H,15-29,cadres,DE,AL3,voiture,industrie,fr,5.04
F,6816,68,H,15-29,cadres,autre,ZZZ,tc,commerce_services,fr,5.06
F,6816,68,H,15-29,employes,DE,AL3,voiture,commerce_services,fr,5.29
F,6816,68,H,15-29,ouvriers,CH,SU6,voiture,commerce_services,fr,4.97
F,6816,68,H,15-29,ouvriers,CH,SU6,voiture,construction,etr,5.18
F,6816,68,H,15-29,ouvriers,CH,SU6,voiture,construction,fr,4.95
F,6816,68,H,15-29,ouvriers,CH,SU7,voiture,industrie,fr,5.04
F,6816,68,H,15-29,ouvriers,CH,SUB,voiture,commerce_services,fr,4.82
F,6816,68,H,15-29,ouvriers,CH,SUD,voiture,industrie,fr,4.95
F,6816,68,H,15-29,ouvriers,DE,AL3,aucun,commerce_services,fr,4.94
F,6816,68,H,15-29,prof_inter,CH,SU8,voiture,commerce_services,fr,5.04
F,6816,68,H,30-44,artisans,CH,SU6,voiture,commerce_services,fr,4.33
F,6816,68,H,30-44,cadres,CH,SU6,tc,industrie,fr,9.88
F,6816,68,H,30-44,cadres,CH,SU6,voiture,commerce_services,fr,14.86
F,6816,68,H,30-44,cadres,CH,SU6,voiture,industrie,fr,5.07
F,6816,68,H,30-44,cadres,CH,SU7,tc,commerce_services,fr,5.04
F,6816,68,H,30-44,employes,CH,SU7,voiture,industrie,fr,4.88
F,6816,68,H,30-44,employes,DE,AL3,voiture,public_sante,fr,5.01
F,6816,68,H,30-44,ouvriers,CH,SU6,voiture,commerce_services,fr,10.05
F,6816,68,H,30-44,ouvriers,CH,SU6,voiture,construction,fr,9.82
F,6816,68,H,30-44,ouvriers,CH,SU6,voiture,industrie,fr,4.97
F,6816,68,H,30-44,ouvriers,DE,AL3,voiture,construction,fr,5.0
F,6816,68,H,30-44,ouvriers,DE,AL3,voiture,industrie,fr,5.01
F,6816,68,H,30-44,prof_inter,CH,SU6,voiture,industrie,fr,10.28
F,6816,68,H,30-44,prof_inter,CH,SU6,voiture,public_sante,fr,5.23
F,6816,68,H,30-44,prof_inter,CH,SU7,voiture,commerce_services,fr,10.0
F,6816,68,H,30-44,prof_inter,CH,SU7,voiture,industrie,fr,5.08
F,6816,68,H,30-44,prof_inter,DE,AL3,voiture,industrie,fr,5.04
F,6816,68,H,45-54,cadres,CH,SU1,voiture,commerce_services,fr,5.04
F,6816,68,H,45-54,cadres,CH,SU6,voiture,commerce_services,fr,14.89
F,6816,68,H,45-54,cadres,CH,SU6,voiture,industrie,fr,4.93
F,6816,68,H,45-54,cadres,CH,SU7,voiture,commerce_services,etr,5.18
F,6816,68,H,45-54,cadres,CH,SU9,voiture,industrie,fr,5.18
F,6816,68,H,45-54,cadres,DE,AL3,voiture,commerce_services,fr,4.96
F,6816,68,H,45-54,cadres,DE,AL3,voiture,industrie,fr,5.05
F,6816,68,H,45-54,employes,CH,SU6,voiture,commerce_services,fr,4.98
F,6816,68,H,45-54,employes,CH,SU9,aucun,commerce_services,fr,4.16
F,6816,68,H,45-54,ouvriers,CH,SU6,tc,commerce_services,fr,4.16
F,6816,68,H,45-54,ouvriers,CH,SU6,voiture,industrie,fr,5.0
F,6816,68,H,45-54,ouvriers,CH,SU7,voiture,commerce_services,fr,5.1
F,6816,68,H,45-54,ouvriers,CH,SU8,voiture,industrie,fr,5.04
F,6816,68,H,45-54,ouvriers,DE,AL3,voiture,commerce_services,fr,4.95
F,6816,68,H,45-54,ouvriers,DE,AL3,voiture,construction,fr,4.97
F,6816,68,H,45-54,ouvriers,DE,AL3,voiture,industrie,fr,5.21
F,6816,68,H,45-54,prof_inter,CH,SU6,tc,commerce_services,fr,4.93
F,6816,68,H,45-54,prof_inter,CH,SU6,voiture,commerce_services,fr,4.94
F,6816,68,H,45-54,prof_inter,CH,SU6,voiture,industrie,fr,5.0
F,6816,68,H,45-54,prof_inter,CH,SU7,voiture,construction,fr,5.17
F,6816,68,H,45-54,prof_inter,CH,SU7,voiture,industrie,fr,10.29
F,6816,68,H,45-54,prof_inter,CH,SUA,voiture,industrie,fr,5.09
F,6816,68,H,45-54,prof_inter,DE,AL3,voiture,industrie,fr,5.07
F,6816,68,H,45-54,prof_inter,autre,LU3,voiture,commerce_services,fr,4.95
F,6816,68,H,45-54,prof_inter,autre,ZZZ,tc,public_sante,fr,5.0
F,6816,68,H,55+,cadres,CH,SU6,tc,commerce_services,fr,4.94
F,6816,68,H,55+,cadres,DE,AL1,voiture,industrie,fr,4.8
F,6816,68,H,55+,cadres,DE,AL3,voiture,commerce_services,fr,5.18
F,6816,68,H,55+,cadres,DE,AL3,voiture,industrie,fr,5.04
F,6816,68,H,55+,cadres,DE,AL3,voiture,public_sante,fr,5.0
F,6816,68,H,55+,ouvriers,CH,SU3,voiture,commerce_services,fr,5.1
F,6816,68,H,55+,ouvriers,CH,SU5,voiture,industrie,fr,4.89
F,6816,68,H,55+,ouvriers,CH,SU6,voiture,commerce_services,fr,5.01
F,6816,68,H,55+,ouvriers,CH,SU6,voiture,construction,fr,4.95
F,6816,68,H,55+,ouvriers,CH,SU6,voiture,public_sante,fr,4.98
F,6816,68,H,55+,ouvriers,CH,SU7,voiture,commerce_services,fr,5.42
F,6816,68,H,55+,ouvriers,CH,SU7,voiture,industrie,fr,5.11
F,6816,68,H,55+,ouvriers,DE,AL3,voiture,commerce_services,fr,9.87
F,6816,68,H,55+,ouvriers,DE,AL3,voiture,construction,fr,4.95
F,6816,68,H,55+,prof_inter,CH,SU6,voiture,commerce_services,fr,5.1
F,6816,68,H,55+,prof_inter,CH,SU6,voiture,industrie,etr,5.01
F,6816,68,H,55+,prof_inter,CH,SU6,voiture,public_sante,fr,4.87
F,6816,68,H,55+,prof_inter,CH,SUC,voiture,commerce_services,fr,5.09
F,6816,68,H,55+,prof_inter,DE,AL3,voiture,commerce_services,fr,5.0
F,6816,68,H,55+,prof_inter,DE,AL3,voiture,construction,fr,5.06
F,6817,68,F,15-29,cadres,CH,SU2,voiture,industrie,fr,5.23
F,6817,68,F,15-29,cadres,CH,SU6,voiture,industrie,fr,3.46
F,6817,68,F,15-29,employes,CH,SU2,voiture,public_sante,fr,3.53
F,6817,68,F,15-29,employes,CH,SU5,voiture,commerce_services,fr,4.89
F,6817,68,F,15-29,employes,CH,SU6,voiture,commerce_services,fr,22.03
F,6817,68,F,15-29,employes,DE,AL3,voiture,public_sante,etr,1.29
F,6817,68,F,15-29,employes,DE,AL3,voiture,public_sante,fr,4.88
F,6817,68,F,15-29,ouvriers,CH,SU5,voiture,commerce_services,fr,5.02
F,6817,68,F,15-29,ouvriers,DE,AL3,voiture,industrie,fr,3.14
F,6817,68,F,15-29,prof_inter,CH,SU6,voiture,commerce_services,fr,9.94
F,6817,68,F,15-29,prof_inter,CH,SU6,voiture,public_sante,fr,4.94
F,6817,68,F,15-29,prof_inter,CH,SU7,voiture,commerce_services,fr,5.02
F,6817,68,F,15-29,prof_inter,DE,AL3,voiture,commerce_services,fr,3.61
F,6817,68,F,15-29,prof_inter,autre,ZZZ,voiture,commerce_services,fr,9.89
F,6817,68,F,30-44,artisans,CH,SU6,tc,commerce_services,fr,5.02
F,6817,68,F,30-44,cadres,CH,SU1,tc,commerce_services,fr,5.02
F,6817,68,F,30-44,cadres,CH,SU6,voiture,commerce_services,fr,5.23
F,6817,68,F,30-44,cadres,CH,SU6,voiture,industrie,fr,9.87
F,6817,68,F,30-44,cadres,CH,SU7,voiture,industrie,fr,4.96
F,6817,68,F,30-44,employes,CH,SU6,voiture,commerce_services,fr,17.0
F,6817,68,F,30-44,employes,CH,SU6,voiture,public_sante,fr,1.16
F,6817,68,F,30-44,employes,CH,SU8,voiture,commerce_services,fr,9.98
F,6817,68,F,30-44,ouvriers,CH,SU6,voiture,commerce_services,etr,3.78
F,6817,68,F,30-44,ouvriers,CH,SU6,voiture,commerce_services,fr,7.04
F,6817,68,F,30-44,ouvriers,CH,SU6,voiture,industrie,fr,6.91
F,6817,68,F,30-44,ouvriers,CH,SU7,voiture,industrie,fr,1.31
F,6817,68,F,30-44,ouvriers,DE,AL3,voiture,industrie,fr,4.97
F,6817,68,F,30-44,prof_inter,CH,SU6,tc,commerce_services,fr,8.0
F,6817,68,F,30-44,prof_inter,CH,SU6,voiture,commerce_services,fr,12.08
F,6817,68,F,30-44,prof_inter,CH,SU6,voiture,public_sante,fr,22.41
F,6817,68,F,30-44,prof_inter,CH,SU7,voiture,commerce_services,fr,9.65
F,6817,68,F,30-44,prof_inter,CH,SU7,voiture,industrie,fr,4.97
F,6817,68,F,30-44,prof_inter,DE,AL3,voiture,commerce_services,fr,4.89
F,6817,68,F,45-54,cadres,CH,SU6,voiture,commerce_services,fr,1.27
F,6817,68,F,45-54,cadres,CH,SU6,voiture,industrie,fr,8.42
F,6817,68,F,45-54,cadres,CH,SU6,voiture,public_sante,fr,3.45
F,6817,68,F,45-54,cadres,CH,SU7,voiture,industrie,etr,3.14
F,6817,68,F,45-54,cadres,CH,SU7,voiture,industrie,fr,3.28
F,6817,68,F,45-54,cadres,DE,AL3,voiture,public_sante,etr,3.45
F,6817,68,F,45-54,employes,CH,SU6,voiture,commerce_services,fr,11.65
F,6817,68,F,45-54,employes,CH,SU6,voiture,industrie,fr,6.8
F,6817,68,F,45-54,employes,CH,SU6,voiture,public_sante,fr,3.39
F,6817,68,F,45-54,employes,CH,SU7,voiture,commerce_services,fr,7.15
F,6817,68,F,45-54,employes,CH,SU7,voiture,public_sante,fr,5.02
F,6817,68,F,45-54,employes,DE,AL3,voiture,commerce_services,fr,12.02
F,6817,68,F,45-54,ouvriers,CH,SU6,voiture,commerce_services,fr,11.92
F,6817,68,F,45-54,ouvriers,CH,SU6,voiture,industrie,fr,5.41
F,6817,68,F,45-54,ouvriers,CH,SU7,voiture,commerce_services,fr,3.58
F,6817,68,F,45-54,ouvriers,CH,SU7,voiture,industrie,fr,3.63
F,6817,68,F,45-54,prof_inter,CH,SU4,voiture,public_sante,fr,3.63
F,6817,68,F,45-54,prof_inter,CH,SU6,voiture,industrie,fr,4.94
F,6817,68,F,45-54,prof_inter,CH,SU7,voiture,commerce_services,fr,3.39
F,6817,68,F,45-54,prof_inter,CH,SU9,voiture,industrie,fr,3.91
F,6817,68,F,45-54,prof_inter,CH,SU9,voiture,public_sante,fr,3.49
F,6817,68,F,45-54,prof_inter,CH,SUD,voiture,public_sante,fr,4.9
F,6817,68,F,55+,artisans,CH,SU6,tc,commerce_services,fr,4.85
F,6817,68,F,55+,cadres,CH,SU6,voiture,commerce_services,fr,1.16
F,6817,68,F,55+,cadres,CH,SU6,voiture,industrie,fr,6.9
F,6817,68,F,55+,cadres,CH,SU7,voiture,commerce_services,fr,5.0
F,6817,68,F,55+,employes,CH,SU3,voiture,commerce_services,fr,5.02
F,6817,68,F,55+,employes,CH,SU5,tc,commerce_services,fr,1.27
F,6817,68,F,55+,employes,CH,SU6,voiture,commerce_services,etr,1.23
F,6817,68,F,55+,employes,CH,SU6,voiture,commerce_services,fr,27.81
F,6817,68,F,55+,employes,CH,SU6,voiture,industrie,fr,18.57
F,6817,68,F,55+,employes,CH,SU6,voiture,public_sante,etr,5.02
F,6817,68,F,55+,employes,CH,SU6,voiture,public_sante,fr,7.57
F,6817,68,F,55+,employes,CH,SU7,voiture,construction,fr,3.63
F,6817,68,F,55+,employes,DE,AL3,voiture,commerce_services,fr,7.07
F,6817,68,F,55+,ouvriers,CH,SU6,voiture,commerce_services,fr,12.2
F,6817,68,F,55+,ouvriers,CH,SU6,voiture,industrie,fr,10.66
F,6817,68,F,55+,ouvriers,CH,SU6,voiture,public_sante,fr,3.24
F,6817,68,F,55+,ouvriers,DE,AL3,voiture,commerce_services,fr,4.97
F,6817,68,F,55+,ouvriers,DE,AL3,voiture,industrie,fr,3.53
F,6817,68,F,55+,ouvriers,DE,AL6,voiture,industrie,fr,3.59
F,6817,68,F,55+,prof_inter,CH,SU1,voiture,commerce_services,fr,3.28
F,6817,68,F,55+,prof_inter,CH,SU6,voiture,commerce_services,fr,3.53
F,6817,68,F,55+,prof_inter,CH,SU6,voiture,public_sante,fr,14.87
F,6817,68,F,55+,prof_inter,DE,AL3,voiture,industrie,fr,5.0
F,6817,68,H,15-29,artisans,CH,SU5,voiture,commerce_services,fr,1.27
F,6817,68,H,15-29,artisans,CH,SU6,voiture,commerce_services,fr,3.24
F,6817,68,H,15-29,cadres,CH,SU6,tc,commerce_services,fr,4.95
F,6817,68,H,15-29,cadres,CH,SU6,voiture,commerce_services,fr,1.27
F,6817,68,H,15-29,cadres,CH,SU6,voiture,industrie,fr,9.96
F,6817,68,H,15-29,employes,CH,SU7,voiture,commerce_services,fr,11.34
F,6817,68,H,15-29,ouvriers,CH,SU2,voiture,commerce_services,fr,3.79
F,6817,68,H,15-29,ouvriers,CH,SU5,voiture,construction,fr,3.53
F,6817,68,H,15-29,ouvriers,CH,SU6,voiture,commerce_services,fr,20.55
F,6817,68,H,15-29,ouvriers,CH,SU6,voiture,construction,fr,10.53
F,6817,68,H,15-29,ouvriers,CH,SU6,voiture,industrie,fr,6.8
F,6817,68,H,15-29,ouvriers,CH,SU6,voiture,public_sante,fr,3.75
F,6817,68,H,15-29,ouvriers,CH,SU7,voiture,commerce_services,fr,6.83
F,6817,68,H,15-29,ouvriers,CH,SU7,voiture,industrie,fr,6.63
F,6817,68,H,15-29,ouvriers,CH,SU8,voiture,commerce_services,fr,8.26
F,6817,68,H,15-29,ouvriers,CH,SU9,voiture,commerce_services,fr,1.29
F,6817,68,H,15-29,ouvriers,CH,SU9,voiture,industrie,fr,1.23
F,6817,68,H,15-29,ouvriers,CH,SUA,voiture,industrie,fr,3.44
F,6817,68,H,15-29,ouvriers,CH,SUD,voiture,construction,fr,3.22
F,6817,68,H,15-29,ouvriers,CH,SUD,voiture,industrie,fr,3.55
F,6817,68,H,15-29,ouvriers,DE,AL2,voiture,construction,fr,5.02
F,6817,68,H,15-29,ouvriers,DE,AL2,voiture,industrie,fr,1.21
F,6817,68,H,15-29,prof_inter,CH,SU2,voiture,public_sante,fr,4.88
F,6817,68,H,15-29,prof_inter,CH,SU6,voiture,commerce_services,fr,4.97
F,6817,68,H,15-29,prof_inter,CH,SU6,voiture,industrie,fr,19.65
F,6817,68,H,15-29,prof_inter,CH,SU7,voiture,industrie,fr,1.31
F,6817,68,H,15-29,prof_inter,DE,AL3,voiture,industrie,etr,1.29
F,6817,68,H,30-44,artisans,CH,SUD,voiture,commerce_services,fr,3.49
F,6817,68,H,30-44,cadres,CH,SU1,tc,public_sante,fr,1.29
F,6817,68,H,30-44,cadres,CH,SU6,tc,commerce_services,fr,3.49
F,6817,68,H,30-44,cadres,CH,SU6,voiture,commerce_services,fr,15.83
F,6817,68,H,30-44,cadres,CH,SU6,voiture,industrie,fr,18.62
F,6817,68,H,30-44,cadres,CH,SU6,voiture,public_sante,fr,1.16
F,6817,68,H,30-44,cadres,CH,SU7,tc,commerce_services,fr,5.01
F,6817,68,H,30-44,cadres,CH,SU7,voiture,commerce_services,fr,4.94
F,6817,68,H,30-44,cadres,CH,SU8,voiture,commerce_services,fr,3.46
F,6817,68,H,30-44,cadres,CH,SU9,voiture,commerce_services,fr,3.49
F,6817,68,H,30-44,cadres,DE,AL3,voiture,industrie,fr,4.98
F,6817,68,H,30-44,employes,CH,SU6,voiture,commerce_services,etr,1.29
F,6817,68,H,30-44,employes,CH,SU6,voiture,commerce_services,fr,9.69
F,6817,68,H,30-44,employes,CH,SU6,voiture,industrie,fr,3.45
F,6817,68,H,30-44,employes,CH,SU6,voiture,public_sante,fr,7.26
F,6817,68,H,30-44,employes,CH,SU7,voiture,commerce_services,fr,9.38
F,6817,68,H,30-44,employes,CH,SU7,voiture,industrie,fr,3.43
F,6817,68,H,30-44,employes,CH,SU7,voiture,public_sante,fr,4.89
F,6817,68,H,30-44,ouvriers,CH,SU2,voiture,commerce_services,fr,3.79
F,6817,68,H,30-44,ouvriers,CH,SU5,voiture,industrie,fr,3.44
F,6817,68,H,30-44,ouvriers,CH,SU6,voiture,commerce_services,etr,3.44
F,6817,68,H,30-44,ouvriers,CH,SU6,voiture,commerce_services,fr,99.27
F,6817,68,H,30-44,ouvriers,CH,SU6,voiture,construction,fr,27.92
F,6817,68,H,30-44,ouvriers,CH,SU6,voiture,industrie,fr,25.8
F,6817,68,H,30-44,ouvriers,CH,SU7,voiture,commerce_services,fr,28.71
F,6817,68,H,30-44,ouvriers,CH,SU7,voiture,construction,fr,9.7
F,6817,68,H,30-44,ouvriers,CH,SU7,voiture,industrie,fr,22.83
F,6817,68,H,30-44,ouvriers,CH,SU8,voiture,commerce_services,fr,1.16
F,6817,68,H,30-44,ouvriers,CH,SU8,voiture,industrie,fr,6.13
F,6817,68,H,30-44,ouvriers,CH,SU8,voiture,public_sante,fr,1.27
F,6817,68,H,30-44,ouvriers,CH,SU9,voiture,industrie,fr,3.41
F,6817,68,H,30-44,ouvriers,CH,SUB,voiture,commerce_services,fr,3.78
F,6817,68,H,30-44,ouvriers,CH,SUD,voiture,commerce_services,fr,10.93
F,6817,68,H,30-44,ouvriers,CH,SUD,voiture,industrie,fr,8.65
F,6817,68,H,30-44,ouvriers,DE,AL2,voiture,industrie,fr,1.21
F,6817,68,H,30-44,ouvriers,DE,AL3,voiture,commerce_services,fr,3.85
F,6817,68,H,30-44,prof_inter,CH,SU2,voiture,commerce_services,fr,3.43
F,6817,68,H,30-44,prof_inter,CH,SU4,voiture,construction,fr,1.31
F,6817,68,H,30-44,prof_inter,CH,SU5,voiture,industrie,fr,4.89
F,6817,68,H,30-44,prof_inter,CH,SU6,tc,commerce_services,fr,3.46
F,6817,68,H,30-44,prof_inter,CH,SU6,voiture,commerce_services,fr,28.02
F,6817,68,H,30-44,prof_inter,CH,SU6,voiture,construction,fr,3.75
F,6817,68,H,30-44,prof_inter,CH,SU6,voiture,industrie,fr,19.54
F,6817,68,H,30-44,prof_inter,CH,SU7,voiture,commerce_services,fr,3.54
F,6817,68,H,30-44,prof_inter,CH,SU8,voiture,industrie,fr,4.72
F,6817,68,H,30-44,prof_inter,CH,SU9,voiture,commerce_services,fr,3.53
F,6817,68,H,30-44,prof_inter,CH,SUC,voiture,commerce_services,fr,3.28
F,6817,68,H,30-44,prof_inter,CH,SUD,voiture,industrie,fr,1.29
F,6817,68,H,45-54,artisans,CH,SU6,voiture,industrie,etr,3.55
F,6817,68,H,45-54,artisans,DE,AL3,voiture,industrie,fr,1.29
F,6817,68,H,45-54,cadres,CH,SU1,voiture,commerce_services,fr,3.43
F,6817,68,H,45-54,cadres,CH,SU5,voiture,commerce_services,fr,3.53
F,6817,68,H,45-54,cadres,CH,SU6,tc,commerce_services,fr,4.89
F,6817,68,H,45-54,cadres,CH,SU6,tc,industrie,fr,5.0
F,6817,68,H,45-54,cadres,CH,SU6,voiture,commerce_services,fr,10.2
F,6817,68,H,45-54,cadres,CH,SU6,voiture,industrie,fr,3.49
F,6817,68,H,45-54,cadres,CH,SU7,voiture,commerce_services,etr,5.0
F,6817,68,H,45-54,cadres,CH,SU7,voiture,commerce_services,fr,10.03
F,6817,68,H,45-54,cadres,CH,SU7,voiture,industrie,fr,3.49
F,6817,68,H,45-54,cadres,CH,SU8,voiture,industrie,fr,6.41
F,6817,68,H,45-54,cadres,CH,SU9,voiture,construction,fr,3.41
F,6817,68,H,45-54,cadres,CH,SUD,voiture,commerce_services,fr,3.17
F,6817,68,H,45-54,employes,CH,SU6,voiture,commerce_services,fr,4.46
F,6817,68,H,45-54,employes,CH,SU7,voiture,commerce_services,fr,8.42
F,6817,68,H,45-54,ouvriers,CH,SU1,voiture,commerce_services,fr,3.79
F,6817,68,H,45-54,ouvriers,CH,SU2,voiture,industrie,etr,1.27
F,6817,68,H,45-54,ouvriers,CH,SU4,voiture,construction,fr,3.41
F,6817,68,H,45-54,ouvriers,CH,SU6,voiture,commerce_services,fr,51.61
F,6817,68,H,45-54,ouvriers,CH,SU6,voiture,construction,fr,24.97
F,6817,68,H,45-54,ouvriers,CH,SU6,voiture,industrie,etr,3.17
F,6817,68,H,45-54,ouvriers,CH,SU6,voiture,industrie,fr,30.95
F,6817,68,H,45-54,ouvriers,CH,SU6,voiture,public_sante,fr,3.78
F,6817,68,H,45-54,ouvriers,CH,SU7,voiture,commerce_services,fr,7.45
F,6817,68,H,45-54,ouvriers,CH,SU7,voiture,construction,fr,25.75
F,6817,68,H,45-54,ouvriers,CH,SU7,voiture,industrie,etr,5.02
F,6817,68,H,45-54,ouvriers,CH,SU7,voiture,industrie,fr,13.8
F,6817,68,H,45-54,ouvriers,CH,SU8,voiture,construction,fr,1.21
F,6817,68,H,45-54,ouvriers,CH,SU9,voiture,industrie,fr,3.49
F,6817,68,H,45-54,ouvriers,CH,SUD,voiture,construction,fr,3.46
F,6817,68,H,45-54,ouvriers,CH,SUD,voiture,industrie,fr,3.85
F,6817,68,H,45-54,ouvriers,DE,AL3,voiture,commerce_services,fr,8.63
F,6817,68,H,45-54,ouvriers,DE,AL3,voiture,construction,etr,3.58
F,6817,68,H,45-54,ouvriers,DE,AL3,voiture,construction,fr,3.56
F,6817,68,H,45-54,ouvriers,DE,AL3,voiture,industrie,fr,3.59
F,6817,68,H,45-54,prof_inter,CH,SU6,voiture,commerce_services,fr,19.67
F,6817,68,H,45-54,prof_inter,CH,SU6,voiture,construction,fr,4.72
F,6817,68,H,45-54,prof_inter,CH,SU6,voiture,industrie,fr,5.06
F,6817,68,H,45-54,prof_inter,CH,SU7,voiture,commerce_services,fr,8.42
F,6817,68,H,45-54,prof_inter,CH,SU7,voiture,industrie,fr,6.8
F,6817,68,H,45-54,prof_inter,CH,SU8,voiture,industrie,fr,6.83
F,6817,68,H,45-54,prof_inter,DE,AL3,voiture,commerce_services,fr,3.46
F,6817,68,H,45-54,prof_inter,DE,AL3,voiture,industrie,fr,3.45
F,6817,68,H,55+,agriculteurs,CH,SU6,voiture,commerce_services,fr,4.98
F,6817,68,H,55+,cadres,CH,SU1,tc,commerce_services,fr,4.9
F,6817,68,H,55+,cadres,CH,SU2,voiture,commerce_services,fr,1.27
F,6817,68,H,55+,cadres,CH,SU6,voiture,commerce_services,fr,9.55
F,6817,68,H,55+,cadres,CH,SU6,voiture,industrie,fr,13.84
F,6817,68,H,55+,cadres,CH,SU8,voiture,commerce_services,fr,3.44
F,6817,68,H,55+,cadres,DE,AL3,voiture,agriculture,fr,3.85
F,6817,68,H,55+,ouvriers,CH,SU1,voiture,construction,fr,3.87
F,6817,68,H,55+,ouvriers,CH,SU2,voiture,commerce_services,fr,5.02
F,6817,68,H,55+,ouvriers,CH,SU5,voiture,public_sante,fr,4.96
F,6817,68,H,55+,ouvriers,CH,SU6,tc,commerce_services,fr,3.45
F,6817,68,H,55+,ouvriers,CH,SU6,voiture,commerce_services,fr,39.6
F,6817,68,H,55+,ouvriers,CH,SU6,voiture,construction,fr,22.28
F,6817,68,H,55+,ouvriers,CH,SU6,voiture,industrie,etr,8.33
F,6817,68,H,55+,ouvriers,CH,SU6,voiture,industrie,fr,31.57
F,6817,68,H,55+,ouvriers,CH,SU7,voiture,commerce_services,etr,4.97
F,6817,68,H,55+,ouvriers,CH,SU7,voiture,commerce_services,fr,7.22
F,6817,68,H,55+,ouvriers,CH,SU7,voiture,construction,fr,4.56
F,6817,68,H,55+,ouvriers,CH,SU7,voiture,industrie,fr,13.8
F,6817,68,H,55+,ouvriers,CH,SU8,voiture,industrie,fr,18.49
F,6817,68,H,55+,ouvriers,CH,SU9,voiture,industrie,fr,1.27
F,6817,68,H,55+,ouvriers,CH,SUD,voiture,industrie,fr,3.41
F,6817,68,H,55+,ouvriers,DE,AL3,voiture,commerce_services,fr,3.19
F,6817,68,H,55+,ouvriers,DE,AL3,voiture,construction,fr,10.04
F,6817,68,H,55+,ouvriers,DE,AL3,voiture,industrie,fr,11.89
F,6817,68,H,55+,prof_inter,CH,SU1,tc,industrie,etr,5.02
F,6817,68,H,55+,prof_inter,CH,SU6,tc,commerce_services,fr,6.76
F,6817,68,H,55+,prof_inter,CH,SU6,tc,industrie,fr,3.44
F,6817,68,H,55+,prof_inter,CH,SU6,velo,construction,fr,3.24
F,6817,68,H,55+,prof_inter,CH,SU6,voiture,commerce_services,fr,16.92
F,6817,68,H,55+,prof_inter,CH,SU6,voiture,construction,fr,11.82
F,6817,68,H,55+,prof_inter,CH,SU6,voiture,industrie,fr,3.28
F,6817,68,H,55+,prof_inter,CH,SU7,voiture,commerce_services,fr,3.49
F,6817,68,H,55+,prof_inter,CH,SU7,voiture,industrie,fr,4.97
F,6817,68,H,55+,prof_inter,CH,SU8,voiture,construction,fr,5.02
F,6817,68,H,55+,prof_inter,CH,SU8,voiture,industrie,fr,8.4
F,6817,68,H,55+,prof_inter,DE,AL3,voiture,industrie,fr,4.98
